"gid","fls_id","show_date","venue","door_price","attendance","recorded_by","mastered_by","original_source","sound_quality","played_with","fls_notes","tour","city","subdivision","country","track_1","track_2","track_3","track_4","track_5","track_6","track_7","track_8","track_9","track_10","track_11","track_12","track_13","track_14","track_15","track_16","track_17","track_18","track_19","track_20","track_21","track_22","track_23","track_24","track_25","track_26","track_27","track_28","track_29","track_30","track_31","track_32","track_33","track_34","track_35","track_36","track_37","track_38","track_39","track_40"
"washington-dc-usa-90387","FLS0001","03/09/1987","Wilson Center","$5",300,"Joey Picuri","Fugazi","Cassette","Good","Marginal Man, Ignition, Fire Party","This is Fugazi's first show, played as a three piece. The show was a benefit for State of the Union Compilation. Previously released on CD (FLS01)","1987 Fall/Winter Regional Dates","Washington","DC","USA","Joe #1","Intro","Song #1","Furniture","Merchandise","Turn Off Your Guns","In Defense Of Humans","Waiting Room","The Word",NA,NA,NA,NA,NA,NA,NA,NA,NA,NA,NA,NA,NA,NA,NA,NA,NA,NA,NA,NA,NA,NA,NA,NA,NA,NA,NA,NA,NA,NA,NA
"washington-dc-usa-92687","FLS0002","26/09/1987","St. Stephen's Church Cafeteria","$5",200,"Joey Picuri","Jerry Busher","Cassette","Very Good","Sarcastic Orgasm, Darkness at Noon, Swiz","This show was a benefit for a Gay Rights March.","1987 Fall/Winter Regional Dates","Washington","DC","USA","Intro","Turn Off Your Guns","Interlude 1","Song #1","Interlude 2","In Defense of Humans","Furniture","Interlude 3","Waiting Room","Merchandise","Interlude 4","And The Same","The Word","Outro",NA,NA,NA,NA,NA,NA,NA,NA,NA,NA,NA,NA,NA,NA,NA,NA,NA,NA,NA,NA,NA,NA,NA,NA,NA,NA
"chapel-hill-nc-usa-92787","FLS0003","27/09/1987","Cat's Cradle","$5",50,NA,NA,NA,NA,"Slush Puppies, Days Of",NA,"1987 Fall/Winter Regional Dates","Chapel Hill","NC","USA",NA,NA,NA,NA,NA,NA,NA,NA,NA,NA,NA,NA,NA,NA,NA,NA,NA,NA,NA,NA,NA,NA,NA,NA,NA,NA,NA,NA,NA,NA,NA,NA,NA,NA,NA,NA,NA,NA,NA,NA
"richmond-va-usa-100787","FLS0004","07/10/1987","New Horizons","$5",50,"Unknown","Warren Russell-Smith","Cassette","Very Good","Oi Polloi, Killjoy",NA,"1987 Fall/Winter Regional Dates","Richmond","VA","USA","And The Same Instrumental","Song #1","Furniture","Interlude 1","In Defense of Humans","Interlude 2","Turn Off Your Guns","Interlude 3","KYEO","Interlude 4","Waiting Room","Interlude 5","Merchandise","Interlude 6","Joe #1","The Word","Outro",NA,NA,NA,NA,NA,NA,NA,NA,NA,NA,NA,NA,NA,NA,NA,NA,NA,NA,NA,NA,NA,NA,NA
"washington-dc-usa-101687","FLS0005","16/10/1987","dc space","$5",100,"Joey Picuri","Jerry Busher","Cassette","Good","Kingface","This show features Guy's first time on lead vocals (performing ""Break-In"").","1987 Fall/Winter Regional Dates","Washington","DC","USA","Opening Remarks","Joe #1","Interlude 1","Merchandise","Furniture","Interlude 2","Song #1","Interlude 3","Bad Mouth","Interlude 4","And The Same","Interlude 5","Break-In","Waiting Room","The Word","Outro",NA,NA,NA,NA,NA,NA,NA,NA,NA,NA,NA,NA,NA,NA,NA,NA,NA,NA,NA,NA,NA,NA,NA,NA
"frederick-md-usa-112587","FLS0006","25/11/1987","Weinberg Center",NA,NA,"Joey Picuri","Warren Russell-Smith","Cassette","Good","Three, Soulside, Second Nature","Benefit for Heartly House","1987 Fall/Winter Regional Dates","Frederick","MD","USA","Intro","Joe #1","Song #1","Interlude 1","Bad Mouth","Interlude 2","Merchandise","Furniture","Interlude 3","Turn Off Your Guns","And The Same","Interlude 4","Break-In","Interlude 5","Waiting Room","Encore","The Word","Outro",NA,NA,NA,NA,NA,NA,NA,NA,NA,NA,NA,NA,NA,NA,NA,NA,NA,NA,NA,NA,NA,NA
"bethesda-md-usa-120287","FLS0007","02/12/1987","BCC High School",NA,10,NA,NA,NA,NA,NA,"Interview and performance for AV Club (tapes lost)","1987 Fall/Winter Regional Dates","Bethesda","MD","USA",NA,NA,NA,NA,NA,NA,NA,NA,NA,NA,NA,NA,NA,NA,NA,NA,NA,NA,NA,NA,NA,NA,NA,NA,NA,NA,NA,NA,NA,NA,NA,NA,NA,NA,NA,NA,NA,NA,NA,NA
"washington-dc-usa-120387","FLS0008","03/12/1987","Wilson Center","$5",300,"ANON","Warren Russell-Smith","Cassette","Good","Soulside, The Hated, Thorns","Benefit for the Community for Creative Non-Violence (CCNV)","1987 Fall/Winter Regional Dates","Washington","DC","USA","Intro","Lockdown Instrumental","Suggestion Instrumental","Opening Remarks","KYEO","The Word","Interlude 1","Song #1","Interlude 2","And The Same","Merchandise","Interlude 3","Furniture","Interlude 4","Break-In","Bad Mouth","Interlude 5","In Defense of Humans","Turn Off Your Guns","Waiting Room","Outro",NA,NA,NA,NA,NA,NA,NA,NA,NA,NA,NA,NA,NA,NA,NA,NA,NA,NA,NA
"middletown-ct-usa-120487","FLS0009","04/12/1987","Wesleyan University Eclectic House","$5",100,NA,NA,NA,NA,"Soulside",NA,"1987 Fall/Winter Regional Dates","Middletown","CT","USA",NA,NA,NA,NA,NA,NA,NA,NA,NA,NA,NA,NA,NA,NA,NA,NA,NA,NA,NA,NA,NA,NA,NA,NA,NA,NA,NA,NA,NA,NA,NA,NA,NA,NA,NA,NA,NA,NA,NA,NA
"norwalk-ct-usa-120587","FLS0010","05/12/1987","Anthrax","$5",100,"ANON","Warren Russell-Smith","Cassette","Good","Soulside, American Standard","Lock Dug is an impromptu jam mixing the riff that would become Lockdown with Beefeater's Dug Birdzell improvising on the microphone.","1987 Fall/Winter Regional Dates","Norwalk","CT","USA","Intro","And The Same","Merchandise","Interlude 1","Furniture","Turn Off Your Guns","Interlude 2","Song #1","Interlude 3","Bad Mouth","Interlude 4","Waiting Room","Break-In","Lock Dug","Interlude 5","The Word",NA,NA,NA,NA,NA,NA,NA,NA,NA,NA,NA,NA,NA,NA,NA,NA,NA,NA,NA,NA,NA,NA,NA,NA
"washington-dc-usa-122887","FLS0011","28/12/1987","dc space","$1.99",125,"Joey Picuri","Fugazi","Cassette","Very Good","Darkness At Noon","$1.99 show! Previously released on CD (FLS02)","1987 Fall/Winter Regional Dates","Washington","DC","USA","Intro","Merchandise","Furniture","Bad Mouth","Song #1","The Word","Break-In","Suggestion","Joe #1","Turn Off Your Guns","In Defense Of Humans","And The Same","Waiting Room",NA,NA,NA,NA,NA,NA,NA,NA,NA,NA,NA,NA,NA,NA,NA,NA,NA,NA,NA,NA,NA,NA,NA,NA,NA,NA,NA
"ypsilanti-mi-eastern-michigan-university-12288","FLS1046","19/01/1988","Eastern Michigan University","5",NA,"Matt Kelly","Warren Russell-Smith","VHS audio","Poor",NA,NA,"1988 Winter Michigan Dates","Ypsilanti","MI","USA","Intro","Song #1","Merchandise","And The Same","Interlude 1","Turn Off Your Guns","Bad Mouth","Interlude 2","Break-In","Interlude 3","Waiting Room","Interlude 4","Furniture","Interlude 5","Suggestion","Encore","The Word",NA,NA,NA,NA,NA,NA,NA,NA,NA,NA,NA,NA,NA,NA,NA,NA,NA,NA,NA,NA,NA,NA,NA
"east-lansing-mi-12088","FLS1048","20/01/1988","Matt Kelly's Basement","$3",NA,NA,NA,NA,NA,"Lowly Cows",NA,"1988 Winter Michigan Dates","Lansing","MI","USA",NA,NA,NA,NA,NA,NA,NA,NA,NA,NA,NA,NA,NA,NA,NA,NA,NA,NA,NA,NA,NA,NA,NA,NA,NA,NA,NA,NA,NA,NA,NA,NA,NA,NA,NA,NA,NA,NA,NA,NA
"flint-mi-usa-12188","FLS0012","21/01/1988","Fallout Shelter, Capitol Theatre","5",NA,"Tom Lumley","Fugazi","Cassette","Poor","Smashed, Political Silence",NA,"1988 Winter Michigan Dates","Flint","MI","USA","The Word","Interlude 1","Song #1","Interlude 2","Merchandise","Interlude 3","And The Same","Interlude 4","Suggestion","Interlude 5","Bad Mouth","Waiting Room","Interlude 6","Joe #1","Interlude 7","KYEO","Outro",NA,NA,NA,NA,NA,NA,NA,NA,NA,NA,NA,NA,NA,NA,NA,NA,NA,NA,NA,NA,NA,NA,NA
"annapolis-md-usa-20688","FLS0013","06/02/1988","Unitarian Church","$5",75,"Unknown","Warren Russell-Smith","Cassette","Good","Moss Icon, Images","Amy Pickering sings Suggestion.","1988 Winter/Spring Regional Dates","Annapolis","MD","USA","Burning","And The Same","Merchandise","Interlude 1","Song #1","Interlude 2","Furniture","Interlude 3","In Defense of Humans","Interlude 4","Waiting Room","Interlude 5","Break-In","Interlude 6","Interlude 7","Break-In","Suggestion","The Word","Outro",NA,NA,NA,NA,NA,NA,NA,NA,NA,NA,NA,NA,NA,NA,NA,NA,NA,NA,NA,NA,NA
"carlisle-pa-usa-21388","FLS1050","13/02/1988","Dickinson College",NA,NA,NA,NA,NA,NA,"Kingface, Scram, Slush Puppies",NA,"1988 Winter/Spring Regional Dates","Carlisle","PA","USA",NA,NA,NA,NA,NA,NA,NA,NA,NA,NA,NA,NA,NA,NA,NA,NA,NA,NA,NA,NA,NA,NA,NA,NA,NA,NA,NA,NA,NA,NA,NA,NA,NA,NA,NA,NA,NA,NA,NA,NA
"merrifield-va-usa-22088","FLS0014","20/02/1988","Merrifield Community Center","$5",250,"John Fox","Warren Russell-Smith",NA,"Poor","Shudder to Think, MFD","Featuring Ian Svenonius, aka ""Vladimir Vartofsky"" on impromptu organ.","1988 Winter/Spring Regional Dates","Merrifield","VA","USA","Intro","Joe #1","Bad Mouth","Interlude 1","Furniture","Interlude 2","Waiting Room","Song #1","Burning","Interlude 3","Merchandise","Interlude 4","Suggestion","Break-In","The Word","KYEO",NA,NA,NA,NA,NA,NA,NA,NA,NA,NA,NA,NA,NA,NA,NA,NA,NA,NA,NA,NA,NA,NA,NA,NA
"washington-dc-usa-30388","FLS0015","03/03/1988","Wilson Center","$5",400,"ANON","Jerry Busher","Cassette","Very Good","Kingface, False Prophets, Fidelity Jones","Benefit for Christic Institute","1988 Winter/Spring Regional Dates","Washington","DC","USA","Intro","In Defense of Humans","Furniture","Merchandise","Interlude 1","Burning","Interlude 2","And The Same","Interlude 3","Song #1","Bad Mouth","Suggestion","Break-In",NA,NA,NA,NA,NA,NA,NA,NA,NA,NA,NA,NA,NA,NA,NA,NA,NA,NA,NA,NA,NA,NA,NA,NA,NA,NA,NA
"new-york-ny-usa-32588","FLS0016","25/03/1988","Columbia University","$5",200,NA,NA,NA,NA,"Alice Donut, Fidelity Jones","Benefit for AIDS Research","1988 Winter/Spring Regional Dates","New York","NY","USA",NA,NA,NA,NA,NA,NA,NA,NA,NA,NA,NA,NA,NA,NA,NA,NA,NA,NA,NA,NA,NA,NA,NA,NA,NA,NA,NA,NA,NA,NA,NA,NA,NA,NA,NA,NA,NA,NA,NA,NA
"washington-dc-usa-33088","FLS0017","30/03/1988","dc space","$4",150,"Unknown","Jerry Busher","Cassette","Good","Laughing Hyenas",NA,"1988 Winter/Spring Regional Dates","Washington","DC","USA","Intro","Song #1","In Defense of Humans","Interlude 1","Furniture","Interlude 2","Bad Mouth","Interlude 3","Give Me The Cure","Suggestion","Interlude 4","Burning","The Word","Break-In","Interlude 5","Merchandise","Interlude 6","KYEO","Encore 1","And The Same","Waiting Room","Outro",NA,NA,NA,NA,NA,NA,NA,NA,NA,NA,NA,NA,NA,NA,NA,NA,NA,NA
"rockville-md-usa-40988","FLS0018","09/04/1988","Montgomery College Fine Arts Building","$5",350,"Geoff Sanoff",NA,"VHS audio","Good","The Cynics, MFD, The Now","Benefit for Whitman-Walker Clinic","1988 Winter/Spring Regional Dates","Rockville","MD","USA","Opening Remarks","Intro","Give Me The Cure","Interlude 1","Bad Mouth","Interlude 2","Song #1","The Word","I Spent It All","Interlude 3","Suggestion","Break-In","Interlude 4","Joe #1","Waiting Room","Burning","Furniture",NA,NA,NA,NA,NA,NA,NA,NA,NA,NA,NA,NA,NA,NA,NA,NA,NA,NA,NA,NA,NA,NA,NA
"middletown-ct-usa-41588","FLS0019","15/04/1988","Wesleyan University Eclectic House","$5",300,NA,NA,NA,NA,"Watershed",NA,"1988 Spring USA Tour","Middletown","CT","USA",NA,NA,NA,NA,NA,NA,NA,NA,NA,NA,NA,NA,NA,NA,NA,NA,NA,NA,NA,NA,NA,NA,NA,NA,NA,NA,NA,NA,NA,NA,NA,NA,NA,NA,NA,NA,NA,NA,NA,NA
"boston-ma-usa-41688","FLS0020","16/04/1988","Green Street Station","$5",100,"ANON","Warren Russell-Smith","Cassette","Good","Patience",NA,"1988 Spring USA Tour","Boston","MA","USA","Intro","Give Me The Cure","Interlude 1","Bad Mouth","Interlude 2","Song #1","Interlude 3","Furniture","Interlude 4","Suggestion","Merchandise","Burning","Interlude 5","The Word","Interlude 6","Break-In","Interlude 7","In Defense of Humans","Interlude 8",NA,NA,NA,NA,NA,NA,NA,NA,NA,NA,NA,NA,NA,NA,NA,NA,NA,NA,NA,NA,NA
"providence-ri-usa-41788","FLS0021","17/04/1988","Rocket",NA,100,"ANON","Warren Russell-Smith","VHS audio","Good","Operation Ivy, Verbal Assault",NA,"1988 Spring USA Tour","Providence","RI","USA","Intro","Furniture","Bad Mouth","Interlude 1","And The Same","Song #1","Interlude 2","Give Me The Cure","Interlude 3","Suggestion","Interlude 5","Break-In","Interlude 6","Burning","Interlude 7","Waiting Room","Interlude 8","KYEO","Encore","The Word","Outro",NA,NA,NA,NA,NA,NA,NA,NA,NA,NA,NA,NA,NA,NA,NA,NA,NA,NA,NA
"richmond-va-usa-42888","FLS0022","28/04/1988","New Horizons",NA,150,NA,NA,NA,NA,"Alternatives","First performance of Glueman","1988 Spring USA Tour","Richmond","VA","USA",NA,NA,NA,NA,NA,NA,NA,NA,NA,NA,NA,NA,NA,NA,NA,NA,NA,NA,NA,NA,NA,NA,NA,NA,NA,NA,NA,NA,NA,NA,NA,NA,NA,NA,NA,NA,NA,NA,NA,NA
"washington-dc-usa-50188","FLS0023","01/05/1988","Lafayette Park",NA,NA,NA,NA,NA,NA,"The Smithtones, Twisted Teenage Plot, Dan Joseph &amp; Rohelio Maxwell","'Concern for Teenage Pregnancy Protest'. The 'protest' was an end-around by the organizers to have a Mayday Celebration at Lafayette Park. At that time, the Park Service rules mandated that any events at the park must be connected to a protest and so this was the cover story.","1988 Spring USA Tour","Washington","DC","USA",NA,NA,NA,NA,NA,NA,NA,NA,NA,NA,NA,NA,NA,NA,NA,NA,NA,NA,NA,NA,NA,NA,NA,NA,NA,NA,NA,NA,NA,NA,NA,NA,NA,NA,NA,NA,NA,NA,NA,NA
"oberlin-oh-usa-50588","FLS0024","05/05/1988","Oberlin University Student Union Tavern",NA,50,NA,NA,NA,NA,"Kingface",NA,"1988 Spring USA Tour","Oberlin","OH","USA",NA,NA,NA,NA,NA,NA,NA,NA,NA,NA,NA,NA,NA,NA,NA,NA,NA,NA,NA,NA,NA,NA,NA,NA,NA,NA,NA,NA,NA,NA,NA,NA,NA,NA,NA,NA,NA,NA,NA,NA
"morgantown-wv-usa-50688","FLS0025","06/05/1988","Dry House",NA,20,NA,NA,NA,NA,"Das Damen",NA,"1988 Spring USA Tour","Morgantown","WV","USA",NA,NA,NA,NA,NA,NA,NA,NA,NA,NA,NA,NA,NA,NA,NA,NA,NA,NA,NA,NA,NA,NA,NA,NA,NA,NA,NA,NA,NA,NA,NA,NA,NA,NA,NA,NA,NA,NA,NA,NA
"clarksville-in-usa-50788","FLS0026","07/05/1988","Thunderdrone Sports Complex",NA,100,"Mike Bucayu",NA,"Cassette","Good","King Horse, Lead Pennies",NA,"1988 Spring USA Tour","Clarksville","IN","USA","Intro","Bad Mouth","Interlude","Song #1","Burning","Interlude 2","KYEO","Interlude 3","Suggestion","Give Me The Cure","Interlude 4","Merchandise","Interlude 5","The Word","Interlude 6","Glueman",NA,NA,NA,NA,NA,NA,NA,NA,NA,NA,NA,NA,NA,NA,NA,NA,NA,NA,NA,NA,NA,NA,NA,NA
"chicago-il-usa-50888","FLS0027","08/05/1988","Club Dreamerz",NA,100,NA,NA,NA,NA,"Jack Scratch, No Empathy",NA,"1988 Spring USA Tour","Chicago","IL","USA",NA,NA,NA,NA,NA,NA,NA,NA,NA,NA,NA,NA,NA,NA,NA,NA,NA,NA,NA,NA,NA,NA,NA,NA,NA,NA,NA,NA,NA,NA,NA,NA,NA,NA,NA,NA,NA,NA,NA,NA
"bozeman-mt-usa-51288","FLS0028","12/05/1988","Sundance Saloon",NA,20,"Charlie Beaton","Warren Russell-Smith",NA,"Poor","Homes With Pelicans",NA,"1988 Spring USA Tour","Bozeman","MT","USA","Intro","Give Me The Cure","Bad Mouth","Song #1","Furniture","Interlude 1","Break-In","Interlude 2","Suggestion","Burning","Interlude 3","Waiting Room","Interlude 4","KYEO","Interlude 5","Merchandise","Interlude 6","Glueman",NA,NA,NA,NA,NA,NA,NA,NA,NA,NA,NA,NA,NA,NA,NA,NA,NA,NA,NA,NA,NA,NA
"spokane-wa-usa-51388","FLS0029","13/05/1988","123 Arts",NA,100,"Unknown","Jerry Busher","Cassette","Good","Buzz amp; the Feedback, Coffee Achievers, Free Keg",NA,"1988 Spring USA Tour","Spokane","WA","USA","Intro","Song #1","Waiting Room","Interlude 1","Give Me The Cure","Interlude 2","The Word","Furniture","Interlude 3","Burning","Interlude 4","Suggestion","Interlude 5","Joe #1","Interlude 6","And The Same","Break-In","Interlude 7","Glueman","Outro",NA,NA,NA,NA,NA,NA,NA,NA,NA,NA,NA,NA,NA,NA,NA,NA,NA,NA,NA,NA
"tacoma-wa-usa-51588","FLS0030","15/05/1988","Tacoma Community World Theater",NA,75,NA,NA,NA,NA,"Brotherhood, Noise For Nothing",NA,"1988 Spring USA Tour","Tacoma","WA","USA",NA,NA,NA,NA,NA,NA,NA,NA,NA,NA,NA,NA,NA,NA,NA,NA,NA,NA,NA,NA,NA,NA,NA,NA,NA,NA,NA,NA,NA,NA,NA,NA,NA,NA,NA,NA,NA,NA,NA,NA
"olympia-wa-usa-51688","FLS0031","16/05/1988","Evergreen University",NA,75,"Unknown","Jerry Busher","Cassette","Good","Dangermouse, Green Eggs & Ham","Dorm Building A, Room D303!","1988 Spring USA Tour","Olympia","WA","USA","KYEO","Waiting Room","Interlude 1","Bad Mouth","Burning","Interlude 2","Song #1","Interlude 3","Merchandise","Interlude 4","Give Me The Cure","Interlude 5","Furniture","Suggestion","Interlude 6","Break-In","Interlude 7","In Defense of Humans","Interlude 8","The Word","Interlude 9","Glueman",NA,NA,NA,NA,NA,NA,NA,NA,NA,NA,NA,NA,NA,NA,NA,NA,NA,NA
"berkeley-ca-usa-52088","FLS0032","20/05/1988","Gilman Street",NA,NA,"KALX Radio Broadcast","Warren Russell-Smith","Cassette","Good","Beatnigs, Yeastie Girlz, Crimpshrine","Glueman cuts off. If anyone out there has a complete recording of this show, please let us know.","1988 Spring USA Tour","Berkeley","CA","USA","Intro","Song #1","Interlude 1","Bad Mouth","Interlude 2","Burning","Interlude 3","Merchandise","Interlude 4","Give Me The Cure","Interlude 5","Suggestion","Interlude 6","In Defense of Humans","Waiting Room","Interlude 7","Break-In","Interlude 8","Glueman",NA,NA,NA,NA,NA,NA,NA,NA,NA,NA,NA,NA,NA,NA,NA,NA,NA,NA,NA,NA,NA
"long-beach-ca-usa-52188","FLS0034","21/05/1988","Zed Records",NA,20,"Unknown","Jerry Busher","Cassette","Poor",NA,"Record store show with only one mic!","1988 Spring USA Tour","Long Beach","CA","USA","Intro","KYEO","Interlude 1","Break-In","Interlude 2","Bad Mouth","Burning","Interlude 3","Song #1","Interlude 4","Give Me The Cure","Interlude 5","Suggestion","Interlude 6","Furniture","Glueman",NA,NA,NA,NA,NA,NA,NA,NA,NA,NA,NA,NA,NA,NA,NA,NA,NA,NA,NA,NA,NA,NA,NA,NA
"pomona-ca-usa-52288","FLS0033","22/05/1988","Elks Lodge",NA,NA,"ANON","Warren Russell-Smith","Cassette","Good","Savage Republic, Lazy Cowgirls, Public Humiliation",NA,"1988 Spring USA Tour","Pomona","CA","USA","Intro","Joe #1","Interlude 1","Song #1","Interlude 2","Bad Mouth","Interlude 3","Give Me The Cure","Interlude 4","The Word","Interlude 5","Waiting Room","Burning","Interlude 6","Suggestion","Interlude 7","KYEO","Glueman",NA,NA,NA,NA,NA,NA,NA,NA,NA,NA,NA,NA,NA,NA,NA,NA,NA,NA,NA,NA,NA,NA
"tucson-az-usa-52488","FLS0035","24/05/1988","Park Place BBQ",NA,50,"Wayne Keeler","Warren Russell-Smith","Cassette","Poor","Wind of Change, The Squares",NA,"1988 Spring USA Tour","Tucson","AZ","USA","Merchandise","Song #1","Interlude 1","Burning","Interlude 2","Furniture","Interlude 3","Break-In","Interlude 4","Bad Mouth","Waiting Room","Interlude 5","Give Me The Cure","Interlude 6","In Defense of Humans","Interlude 7","Suggestion","Interlude 8","KYEO","Interlude 9","Glueman",NA,NA,NA,NA,NA,NA,NA,NA,NA,NA,NA,NA,NA,NA,NA,NA,NA,NA,NA
"college-station-tx-usa-52688","FLS0036","26/05/1988","Eastgate Live",NA,NA,"ANON","Warren Russell-Smith","Cassette","Poor","Bad Mutha Goose, Hostile Union",NA,"1988 Spring USA Tour","College Station","TX","USA","Intro","Furniture","Interlude 1","Song #1","Interlude 2","Give Me The Cure","Interlude 3","Merchandise","Interlude 4","Burning","Interlude 5","Suggestion","Interlude 6","Bad Mouth","Break-In","Interlude 7","The Word","Interlude 8","Glueman","Outro",NA,NA,NA,NA,NA,NA,NA,NA,NA,NA,NA,NA,NA,NA,NA,NA,NA,NA,NA,NA
"houston-tx-usa-52788","FLS0037","27/05/1988","Powertools",NA,NA,NA,NA,NA,NA,"Bad Mutha Goose",NA,"1988 Spring USA Tour","Houston","TX","USA",NA,NA,NA,NA,NA,NA,NA,NA,NA,NA,NA,NA,NA,NA,NA,NA,NA,NA,NA,NA,NA,NA,NA,NA,NA,NA,NA,NA,NA,NA,NA,NA,NA,NA,NA,NA,NA,NA,NA,NA
"austin-tx-usa-52888","FLS0038","28/05/1988","Liberty Lunch","$5",400,NA,NA,NA,NA,"Bad Mutha Goose, Wildseeds, Glass Eye",NA,"1988 Spring USA Tour","Austin","TX","USA",NA,NA,NA,NA,NA,NA,NA,NA,NA,NA,NA,NA,NA,NA,NA,NA,NA,NA,NA,NA,NA,NA,NA,NA,NA,NA,NA,NA,NA,NA,NA,NA,NA,NA,NA,NA,NA,NA,NA,NA
"dallas-tx-usa-52988","FLS0039","29/05/1988","Honest Place","$5",200,NA,NA,NA,NA,"Last Rites",NA,"1988 Spring USA Tour","Dallas","TX","USA",NA,NA,NA,NA,NA,NA,NA,NA,NA,NA,NA,NA,NA,NA,NA,NA,NA,NA,NA,NA,NA,NA,NA,NA,NA,NA,NA,NA,NA,NA,NA,NA,NA,NA,NA,NA,NA,NA,NA,NA
"athens-ga-usa-60388","FLS0040","03/06/1988","40 Watt","$5",150,NA,NA,NA,NA,"Jackonuts",NA,"1988 Spring USA Tour","Athens","GA","USA",NA,NA,NA,NA,NA,NA,NA,NA,NA,NA,NA,NA,NA,NA,NA,NA,NA,NA,NA,NA,NA,NA,NA,NA,NA,NA,NA,NA,NA,NA,NA,NA,NA,NA,NA,NA,NA,NA,NA,NA
"atlanta-ga-usa-60488","FLS0041","04/06/1988","First Existentialist Church","$5",100,"ANON",NA,"VHS audio","Good","After Words, Final Offering",NA,"1988 Spring USA Tour","Atlanta","GA","USA","Intro","KYEO","Interlude 1","Song #1","Waiting Room","Burning","Furniture","Give Me The Cure","Suggestion","Break-In","Outro",NA,NA,NA,NA,NA,NA,NA,NA,NA,NA,NA,NA,NA,NA,NA,NA,NA,NA,NA,NA,NA,NA,NA,NA,NA,NA,NA,NA,NA
"chapel-hill-nc-usa-60588","FLS0042","05/06/1988","Cat's Cradle","$5",20,NA,NA,NA,NA,"Wwax",NA,"1988 Spring USA Tour","Chapel Hill","NC","USA",NA,NA,NA,NA,NA,NA,NA,NA,NA,NA,NA,NA,NA,NA,NA,NA,NA,NA,NA,NA,NA,NA,NA,NA,NA,NA,NA,NA,NA,NA,NA,NA,NA,NA,NA,NA,NA,NA,NA,NA
"washington-dc-usa-61588","FLS0043","15/06/1988","9:30 Club","$5",300,"ANON","Warren Russell-Smith","Cassette","Good","Fire Party, Bells Of","Glueman is incomplete.","1988 Summer/Fall Regional Dates","Washington","DC","USA","Intro","Bad Mouth","Burning","Interlude 1","Bulldog Front","Interlude 2","Turn Off Your Guns","Interlude 3","Suggestion","Interlude 4","Give Me The Cure","Waiting Room","Interlude 5","Break-In","KYEO","Interlude 6","The Word","Glueman",NA,NA,NA,NA,NA,NA,NA,NA,NA,NA,NA,NA,NA,NA,NA,NA,NA,NA,NA,NA,NA,NA
"hoboken-nj-usa-63088","FLS0044","30/06/1988","Maxwell's","$5",200,"ANON","Warren Russell-Smith",NA,"Good","American Standard",NA,"1988 Summer/Fall Regional Dates","Hoboken","NJ","USA","Intro","Song #1","Furniture","Interlude 1","Bulldog Front","Interlude 2","KYEO","Interlude 3","Burning","Interlude 4","Waiting Room","Give Me The Cure","Interlude 5","Suggestion","Interlude 6","Break-In","Bad Mouth","Interlude 7","The Word","Encore","Glueman","Outro",NA,NA,NA,NA,NA,NA,NA,NA,NA,NA,NA,NA,NA,NA,NA,NA,NA,NA
"leonardtown-md-usa-70288","FLS0045","02/07/1988","St. Mary's County Fairgrounds Auditorium",NA,NA,NA,NA,NA,NA,"Moss Icon, The Hated",NA,"1988 Summer/Fall Regional Dates","Leonardtown","MD","USA",NA,NA,NA,NA,NA,NA,NA,NA,NA,NA,NA,NA,NA,NA,NA,NA,NA,NA,NA,NA,NA,NA,NA,NA,NA,NA,NA,NA,NA,NA,NA,NA,NA,NA,NA,NA,NA,NA,NA,NA
"virginia-beach-va-usa-71688","FLS0046","16/07/1988","Beach Theater","$5",200,"ANON",NA,NA,NA,"Scream, Fire Party",NA,"1988 Summer/Fall Regional Dates","Virginia Beach","VA","USA","Turn Off Your Guns","Furniture","Interlude","Give Me The Cure",NA,NA,NA,NA,NA,NA,NA,NA,NA,NA,NA,NA,NA,NA,NA,NA,NA,NA,NA,NA,NA,NA,NA,NA,NA,NA,NA,NA,NA,NA,NA,NA,NA,NA,NA,NA
"washington-dc-usa-71888","FLS0047","18/07/1988","Fort Reno",NA,NA,"ANON","Warren Russell-Smith","Cassette","Poor","Grim Prospects",NA,"1988 Summer/Fall Regional Dates","Washington","DC","USA","Intro","Break-In","The Word","Interlude 1","Song #1","Bulldog Front","Suggestion","Interlude 2","Burning","Give Me The Cure","Turn Off Your Guns","Interlude 3","Waiting Room","Interlude 4","Glueman","Outro",NA,NA,NA,NA,NA,NA,NA,NA,NA,NA,NA,NA,NA,NA,NA,NA,NA,NA,NA,NA,NA,NA,NA,NA
"washington-dc-usa-72888","FLS0048","28/07/1988","Wilson Center","$5",450,"ANON",NA,"VHS Tape","Good","Ignition, Moss Icon, Nation of Ulysses","Benefit for Greenpeace (NOU first show?)","1988 Summer/Fall Regional Dates","Washington","DC","USA","Opening Remarks","Intro","Glueman","Furniture","Merchandise","Give Me The Cure","Margin Walker","Suggestion","Bad Mouth","Interlude 1","Burning","Interlude 2","Burning Too","Song #1","Outro",NA,NA,NA,NA,NA,NA,NA,NA,NA,NA,NA,NA,NA,NA,NA,NA,NA,NA,NA,NA,NA,NA,NA,NA,NA
"washington-dc-usa-80188","FLS0049","01/08/1988","dc space","$5",200,"ANON","Warren Russell-Smith",NA,"Good","Parasite","Benefit for Buck (the dc space bartender)","1988 Summer/Fall Regional Dates","Washington","DC","USA","Intro","KYEO","Song #1","Interlude 1","Break-In","Waiting Room","Interlude 2","Bulldog Front","Suggestion","Bad Mouth","Interlude 3","Margin Walker","Burning Too","Interlude 4","Glueman","Encore","The Word",NA,NA,NA,NA,NA,NA,NA,NA,NA,NA,NA,NA,NA,NA,NA,NA,NA,NA,NA,NA,NA,NA,NA
"philadelphia-pa-usa-80788","FLS0050","07/08/1988","YWCA","$5",100,"Unknown","Fugazi","Cassette","Poor","Scram, T.C.O","This is an incomplete recording of the show, so if anyone out there happens to have the entire set please send it in. We know that we played Glueman that night because that's the song that propelled Guy through the basketball hoop, a scene that appears in the Fugazi movie ""Instrument"".","1988 Summer/Fall Regional Dates","Philadelphia","PA","USA","Intro","Burning Too","Song #1","Burning","Furniture","Interlude 1","Merchandise","Interlude 2","Give Me The Cure","Interlude 3","Suggestion",NA,NA,NA,NA,NA,NA,NA,NA,NA,NA,NA,NA,NA,NA,NA,NA,NA,NA,NA,NA,NA,NA,NA,NA,NA,NA,NA,NA,NA
"washington-dc-usa-91188","FLS0051","11/09/1988","Dupont Circle",NA,NA,NA,NA,NA,NA,"Fire Party, Dr. Puke, Geek, The Hated, I.E.","Alternatives Festival, free show in the park.","1988 Summer/Fall Regional Dates","Washington","DC","USA",NA,NA,NA,NA,NA,NA,NA,NA,NA,NA,NA,NA,NA,NA,NA,NA,NA,NA,NA,NA,NA,NA,NA,NA,NA,NA,NA,NA,NA,NA,NA,NA,NA,NA,NA,NA,NA,NA,NA,NA
"washington-dc-usa-100688","FLS0052","06/10/1988","9:30 Club","$5",500,"Eli Janney","Jerry Busher","1/4""","Very Good","Honor Role, Edsel","As mentioned in the comments, this is a higher quality (and complete) recording of the 6/15/88 930 show, not the 10/6/88 gig. It was mistakenly posted and unfortunately, owing to the design of the site, we have been unable to make a correction. We're hoping to find a recording of the 10/6/88 show and to get it posted at some point, but it's been a slow process!","1988 Summer/Fall Regional Dates","Washington","DC","USA","Intro","Song #1","Merchandise","Interlude 1","Bad Mouth","Burning","Interlude 2","Bulldog Front","Turn Off Your Guns","Interlude 3","Suggestion","Give Me The Cure","Waiting Room","Break-In","KYEO","Interlude 4","The Word","Glueman",NA,NA,NA,NA,NA,NA,NA,NA,NA,NA,NA,NA,NA,NA,NA,NA,NA,NA,NA,NA,NA,NA
"rotterdam-netherlands-101488","FLS0053","14/10/1988","Chill Up",NA,NA,"ANON","Warren Russell-Smith",NA,"Poor","Extreme Noise Terror, Deviated Instinct","Our first European show. Extreme Noise Terror headlined.","1988 Fall European Tour","Rotterdam","","Netherlands","Intro","Song #1","Bad Mouth","Burning","Merchandise","Interlude 1","Give Me The Cure","Suggestion","Burning Too","Margin Walker","Waiting Room","Lockdown","Interlude 2","The Word","Glueman","Outro",NA,NA,NA,NA,NA,NA,NA,NA,NA,NA,NA,NA,NA,NA,NA,NA,NA,NA,NA,NA,NA,NA,NA,NA
"hoorn-netherlands-101588","FLS0054","15/10/1988","Troll",NA,NA,"Hans Engel","Warren Russell-Smith","Cassette","Good","Vernon Walters, The Plot",NA,"1988 Fall European Tour","Hoorn",NA,"Netherlands","Intro","Promises Bit Soundcheck","Burning Too","Interlude 1","Furniture","Margin Walker","Song #1","Interlude 2","Burning","Interlude 3","Waiting Room","Give Me The Cure","Interlude 4","Suggestion","Lockdown","Bulldog Front","Interlude 5","KYEO","Interlude 6","Glueman","Encore 1","Merchandise","Break-In","Encore 2","Bad Mouth","Encore 3","The Word",NA,NA,NA,NA,NA,NA,NA,NA,NA,NA,NA,NA,NA
"gent-belgium-101688","FLS0055","16/10/1988","Democrazy",NA,NA,"Unknown","Warren Russell-Smith","Cassette","Poor","Loveslug, Yeastie Girlz, Pat Bone &amp; Silly Surfers","First of two shows in two countries on the same day!","1988 Fall European Tour","Gent","","Belgium","Intro","Song #1","Merchandise","Interlude 1","Burning","Interlude 2","Waiting Room","Interlude 3","Lockdown","Interlude 4","Give Me The Cure","Interlude 5","Suggestion","Burning Too","Interlude 6","Bulldog Front","Interlude 7","KYEO","Encore","Margin Walker","The Word",NA,NA,NA,NA,NA,NA,NA,NA,NA,NA,NA,NA,NA,NA,NA,NA,NA,NA,NA
"amsterdam-netherlands-101688","FLS0056","16/10/1988","Van Hall",NA,NA,"ANON","Warren Russell-Smith","Cassette","Good","Subterranean Kids, No FX","Second of two shows in two countries in the same day!","1988 Fall European Tour","Amsterdam","","Netherlands","Intro","Song #1","Lockdown","Interlude 1","Furniture","Burning","Interlude 2","Suggestion","Burning Too","Interlude 3","Give Me The Cure","Interlude 4","Waiting Room","Margin Walker","The Word","Bulldog Front","Interlude 5","Merchandise","Encore","Glueman",NA,NA,NA,NA,NA,NA,NA,NA,NA,NA,NA,NA,NA,NA,NA,NA,NA,NA,NA,NA
"eindhoven-netherlands-101988","FLS0057","19/10/1988","Bunker",NA,NA,NA,NA,NA,NA,"Vernon Walters",NA,"1988 Fall European Tour","Eindhoven",NA,"Netherlands",NA,NA,NA,NA,NA,NA,NA,NA,NA,NA,NA,NA,NA,NA,NA,NA,NA,NA,NA,NA,NA,NA,NA,NA,NA,NA,NA,NA,NA,NA,NA,NA,NA,NA,NA,NA,NA,NA,NA,NA
"lubeck-germany-102188","FLS0058","21/10/1988","Alternative",NA,NA,"ANON",NA,"Cassette","Good","Revenge",NA,"1988 Fall European Tour","Lubeck",NA,"Germany","Intro","Song #1","Merchandise","Burning","Interlude 1","Bad Mouth","Margin Walker","Interlude 2","Waiting Room","Give Me The Cure","Interlude 3","Suggestion","Burning Too","Interlude 4","Lockdown","Interlude 5","Break-In","Interlude 6","Furniture","In Defense of Humans","Interlude 7","The Word","Encore 1","KYEO","Interlude 8","Glueman","Encore 2","Bulldog Front","Encore 3","Hello Morning Seed","Promises Bit",NA,NA,NA,NA,NA,NA,NA,NA,NA
"copenhagen-denmark-102288","FLS0059","22/10/1988","Ungdomshuset",NA,NA,NA,NA,NA,NA,"Empty Wallets",NA,"1988 Fall European Tour","Copenhagen",NA,"Denmark",NA,NA,NA,NA,NA,NA,NA,NA,NA,NA,NA,NA,NA,NA,NA,NA,NA,NA,NA,NA,NA,NA,NA,NA,NA,NA,NA,NA,NA,NA,NA,NA,NA,NA,NA,NA,NA,NA,NA,NA
"oslo-norway-102588","FLS0060","25/10/1988","Blitz",NA,NA,"ANON",NA,"Cassette","Very Good","Life But How to Live It",NA,"1988 Fall European Tour","Oslo",NA,"Norway","Merchandise","Burning","Bad Mouth","Bulldog Front","Give Me The Cure","Interlude","Suggestion",NA,NA,NA,NA,NA,NA,NA,NA,NA,NA,NA,NA,NA,NA,NA,NA,NA,NA,NA,NA,NA,NA,NA,NA,NA,NA,NA,NA,NA,NA,NA,NA,NA
"hamburg-germany-102788","FLS0061","27/10/1988","Störtebeker",NA,NA,NA,NA,NA,NA,"Gulag",NA,"1988 Fall European Tour","Hamburg","","Germany",NA,NA,NA,NA,NA,NA,NA,NA,NA,NA,NA,NA,NA,NA,NA,NA,NA,NA,NA,NA,NA,NA,NA,NA,NA,NA,NA,NA,NA,NA,NA,NA,NA,NA,NA,NA,NA,NA,NA,NA
"berlin-germany-102888","FLS0062","28/10/1988","Ex",NA,NA,NA,NA,NA,NA,"Naked Raygun","Fugazi opens show.","1988 Fall European Tour","Berlin",NA,"Germany",NA,NA,NA,NA,NA,NA,NA,NA,NA,NA,NA,NA,NA,NA,NA,NA,NA,NA,NA,NA,NA,NA,NA,NA,NA,NA,NA,NA,NA,NA,NA,NA,NA,NA,NA,NA,NA,NA,NA,NA
"hannover-germany-102988","FLS0063","29/10/1988","Korn",NA,NA,NA,NA,NA,NA,"Militant Mothers, Bionic",NA,"1988 Fall European Tour","Hannover",NA,"Germany",NA,NA,NA,NA,NA,NA,NA,NA,NA,NA,NA,NA,NA,NA,NA,NA,NA,NA,NA,NA,NA,NA,NA,NA,NA,NA,NA,NA,NA,NA,NA,NA,NA,NA,NA,NA,NA,NA,NA,NA
"kiel-germany-103088","FLS0064","30/10/1988","Alte Meierei",NA,NA,NA,NA,NA,NA,NA,NA,"1988 Fall European Tour","Kiel","","Germany",NA,NA,NA,NA,NA,NA,NA,NA,NA,NA,NA,NA,NA,NA,NA,NA,NA,NA,NA,NA,NA,NA,NA,NA,NA,NA,NA,NA,NA,NA,NA,NA,NA,NA,NA,NA,NA,NA,NA,NA
"bielefeld-germany-103188","FLS0065","31/10/1988","AJZ",NA,400,"Bobo / AJZ","Fugazi","Cassette","Poor","Pygmies",NA,"1988 Fall European Tour","Bielefeld","","Germany","Merchandise","Margin Walker","Interlude 1","Furniture","Interlude 2","Give Me The Cure","Interlude 3","Burning","Suggestion","Lockdown","Burning Too","Bad Mouth","Break-In","Waiting Room","Interlude 4","Bulldog Front","In Defense of Humans","Interlude 5","Glueman","Encore 1","The Word","KYEO","Interlude 6","Heart on My Chest","Preprovisional","Promises","Outro",NA,NA,NA,NA,NA,NA,NA,NA,NA,NA,NA,NA,NA
"dusseldorf-germany-110188","FLS0066","01/11/1988","AK47",NA,NA,NA,NA,NA,NA,"Billy & the Willies",NA,"1988 Fall European Tour","Dusseldorf",NA,"Germany",NA,NA,NA,NA,NA,NA,NA,NA,NA,NA,NA,NA,NA,NA,NA,NA,NA,NA,NA,NA,NA,NA,NA,NA,NA,NA,NA,NA,NA,NA,NA,NA,NA,NA,NA,NA,NA,NA,NA,NA
"waiblingen-germany-110288","FLS0067","02/11/1988","Villa Roller",NA,NA,NA,NA,NA,NA,NA,NA,"1988 Fall European Tour","Waiblingen",NA,"Germany",NA,NA,NA,NA,NA,NA,NA,NA,NA,NA,NA,NA,NA,NA,NA,NA,NA,NA,NA,NA,NA,NA,NA,NA,NA,NA,NA,NA,NA,NA,NA,NA,NA,NA,NA,NA,NA,NA,NA,NA
"homburg-germany-110388","FLS0068","03/11/1988","Juz Homburg",NA,NA,NA,NA,NA,NA,"Militant Mothers",NA,"1988 Fall European Tour","Homburg",NA,"Germany",NA,NA,NA,NA,NA,NA,NA,NA,NA,NA,NA,NA,NA,NA,NA,NA,NA,NA,NA,NA,NA,NA,NA,NA,NA,NA,NA,NA,NA,NA,NA,NA,NA,NA,NA,NA,NA,NA,NA,NA
"nagold-germany-110488","FLS0069","04/11/1988","Juz Nagold",NA,NA,"Karl-Heinz Stille",NA,"VHS Tape","Good","Too Bad, NoNoYesNo, Militant Mothers",NA,"1988 Fall European Tour","Nagold",NA,"Germany","Intro","Glueman","Furniture","Song #1","Bulldog Front","Interlude 1","Lockdown","Merchandise","Suggestion","Interlude 2","Burning Too","Burning","Break-In","Margin Walker","Waiting Room","Give Me The Cure","KYEO","Outro",NA,NA,NA,NA,NA,NA,NA,NA,NA,NA,NA,NA,NA,NA,NA,NA,NA,NA,NA,NA,NA,NA
"augsburg-germany-110588","FLS0070","05/11/1988","Bootleg",NA,NA,"ANON",NA,NA,"Good","Militant Mothers",NA,"1988 Fall European Tour","Augsburg",NA,"Germany","Intro","Bad Mouth","Song #1","Bulldog Front","Break-In","Waiting Room","Margin Walker","Lockdown","Merchandise","Suggestion","Burning Too","Interlude 1","Give Me The Cure","Burning","Furniture","Glueman","Link Track","KYEO","Preprovisional","Promises Bit","Outro",NA,NA,NA,NA,NA,NA,NA,NA,NA,NA,NA,NA,NA,NA,NA,NA,NA,NA,NA
"zurich-switzerland-110888","FLS0071","08/11/1988","Provitreff House",NA,50,NA,NA,NA,NA,"Kina",NA,"1988 Fall European Tour","Zurich","","Switzerland",NA,NA,NA,NA,NA,NA,NA,NA,NA,NA,NA,NA,NA,NA,NA,NA,NA,NA,NA,NA,NA,NA,NA,NA,NA,NA,NA,NA,NA,NA,NA,NA,NA,NA,NA,NA,NA,NA,NA,NA
"ottobrunn-germany-110988","FLS0072","09/11/1988","Juz Einsteinstr.",NA,NA,NA,NA,NA,NA,"Yeastie Girlz, NoNoYesNo, Target of Demand",NA,"1988 Fall European Tour","Ottobrunn",NA,"Germany",NA,NA,NA,NA,NA,NA,NA,NA,NA,NA,NA,NA,NA,NA,NA,NA,NA,NA,NA,NA,NA,NA,NA,NA,NA,NA,NA,NA,NA,NA,NA,NA,NA,NA,NA,NA,NA,NA,NA,NA
"linz-austria-111088","FLS0073","10/11/1988","Kapu",NA,NA,"ANON","Warren Russell-Smith",NA,"Good","Target of Demand","Come on, Come on, Come on, Come on, Come on, Come on, Come on, I Say!","1988 Fall European Tour","Linz","","Austria","Intro","Song #1","Burning Too","Interlude 1","Burning","Bulldog Front","Furniture","Merchandise","Interlude 2","Lockdown","Interlude 3","Suggestion","Bad Mouth","Margin Walker","Give Me The Cure","Break-In","Waiting Room","Interlude 4","Glueman","Interlude 5","The Word","KYEO","Preprovisional","Promises Coda Instrumental","Encore","In Defense of Humans","Link Track","Turn Off Your Guns","Outro",NA,NA,NA,NA,NA,NA,NA,NA,NA,NA,NA
"ljubljana-yugoslavia-111288","FLS0074","12/11/1988","Menza N",NA,NA,NA,NA,NA,NA,NA,NA,"1988 Fall European Tour","Ljubljana","","Yugoslavia",NA,NA,NA,NA,NA,NA,NA,NA,NA,NA,NA,NA,NA,NA,NA,NA,NA,NA,NA,NA,NA,NA,NA,NA,NA,NA,NA,NA,NA,NA,NA,NA,NA,NA,NA,NA,NA,NA,NA,NA
"udine-italy-111488","FLS0075","14/11/1988","Centro Sociale Autogestito",NA,NA,"ANON","Warren Russell-Smith","Cassette","Good",NA,"The quality of this recording is generally good, but there are some crazy tearing sounds towards the end.","1988 Fall European Tour","Udine","","Italy","Intro","Bulldog Front","Break-In","Interlude 1","KYEO","Give Me The Cure","Suggestion","Margin Walker","Burning Too","Interlude 2","Waiting Room","Interlude 3","Joe #1","Merchandise","Interlude 4","Song #1","Lockdown","Burning","Interlude 5","Glueman","Interlude 6","Bad Mouth","Provisional Medley","Outro",NA,NA,NA,NA,NA,NA,NA,NA,NA,NA,NA,NA,NA,NA,NA,NA
"naples-italy-111688","FLS0076","16/11/1988","Diamond Dogs",NA,NA,NA,NA,NA,NA,"Randall Flagg",NA,"1988 Fall European Tour","Naples",NA,"Italy",NA,NA,NA,NA,NA,NA,NA,NA,NA,NA,NA,NA,NA,NA,NA,NA,NA,NA,NA,NA,NA,NA,NA,NA,NA,NA,NA,NA,NA,NA,NA,NA,NA,NA,NA,NA,NA,NA,NA,NA
"rome-italy-111788","FLS0077","17/11/1988","Forte Prenestino",NA,NA,"ANON","Warren Russell-Smith",NA,"Good",NA,NA,"1988 Fall European Tour","Rome",NA,"Italy","Intro","Song #1","Bad Mouth","Interlude 1","Bulldog Front","Lockdown","Furniture","Merchandise","Burning","Give Me The Cure","Burning Too","Margin Walker","Break-In","Interlude 2","Waiting Room","In Defense of Humans","Glueman","Encore","The Word","KYEO","Preprovisional",NA,NA,NA,NA,NA,NA,NA,NA,NA,NA,NA,NA,NA,NA,NA,NA,NA,NA,NA
"pisa-italy-111888","FLS0078","18/11/1988","Social Center",NA,NA,NA,NA,NA,NA,NA,NA,"1988 Fall European Tour","Pisa",NA,"Italy",NA,NA,NA,NA,NA,NA,NA,NA,NA,NA,NA,NA,NA,NA,NA,NA,NA,NA,NA,NA,NA,NA,NA,NA,NA,NA,NA,NA,NA,NA,NA,NA,NA,NA,NA,NA,NA,NA,NA,NA
"milan-italy-111988","FLS0079","19/11/1988","Leoncavallo",NA,NA,"Overdrive",NA,NA,"Good","Impact, Rabid Duck",NA,"1988 Fall European Tour","Milan","","Italy","Give Me The Cure","Break-In","Waiting Room","Interlude 1","Suggestion","Burning Too","KYEO","Interlude 2","Merchandise","Lockdown","Burning","Furniture","In Defense of Humans","Bulldog Front","Margin Walker","Interlude 3","Bad Mouth",NA,NA,NA,NA,NA,NA,NA,NA,NA,NA,NA,NA,NA,NA,NA,NA,NA,NA,NA,NA,NA,NA,NA
"torino-italy-112088","FLS0080","20/11/1988","El Paso",NA,NA,"ANON","Warren Russell-Smith",NA,"Good",NA,NA,"1988 Fall European Tour","Torino",NA,"Italy","Burning","Lockdown","Bad Mouth","Song #1","Bulldog Front","Break-In","Interlude 1","Waiting Room","Interlude 2","Turn Off Your Guns","Margin Walker","Furniture","In Defense of Humans","Interlude 3","And The Same","Suggestion","Give Me The Cure","The Word","Glueman",NA,NA,NA,NA,NA,NA,NA,NA,NA,NA,NA,NA,NA,NA,NA,NA,NA,NA,NA,NA,NA
"paris-france-112288","FLS0081","22/11/1988","Club Gibus",NA,NA,"Phillipe Roger",NA,"VHS","Good","Krull",NA,"1988 Fall European Tour","Paris",NA,"France","Intro","Furniture","Interlude 1","Song #1","Interlude 2","Lockdown","Burning","Merchandise","Interlude 3","In Defense of Humans","Margin Walker","Break-In","Waiting Room","Turn Off Your Guns","Suggestion","Bad Mouth","Interlude 4","Burning Too","Give Me The Cure","Interlude 5","Glueman","Encore","The Word","Interlude 6","Bulldog Front","Interlude 7","KYEO","Link Track","Promises Coda Instrumental",NA,NA,NA,NA,NA,NA,NA,NA,NA,NA,NA
"london-england-112488","FLS0082","24/11/1988","Sir George Robey",NA,NA,"Andy P/Fear and Loathing Zine","Warren Russell-Smith","VHS audio","Poor","Sink, Playground, Exit Condition",NA,"1988 Fall European Tour","London",NA,"England","Intro","Intro","Song #1","Merchandise","Interlude 1","Lockdown","Burning","Interlude 2","Bad Mouth","In Defense of Humans","Interlude 3","Bulldog Front","Margin Walker","Interlude 4","Suggestion","Burning Too","Interlude 5","Give Me The Cure","Break-In","Waiting Room","Furniture","Interlude 6","Turn Off Your Guns","Interlude 7","Glueman","Encore","KYEO","Preprovisional","Promises Coda Instrumental","Outro",NA,NA,NA,NA,NA,NA,NA,NA,NA,NA
"liverpool-england-112688","FLS0083","26/11/1988","Planet X",NA,NA,"Loui Throttler",NA,NA,"Good","Joyce McKinney Experience, Heresy, Rose Rose",NA,"1988 Fall European Tour","Liverpool",NA,"England",NA,NA,NA,NA,NA,NA,NA,NA,NA,NA,NA,NA,NA,NA,NA,NA,NA,NA,NA,NA,NA,NA,NA,NA,NA,NA,NA,NA,NA,NA,NA,NA,NA,NA,NA,NA,NA,NA,NA,NA
"nottingham-england-112788","FLS0084","27/11/1988","Underground Hic",NA,NA,NA,NA,NA,NA,"Heresy, Rose Rose, Snuff",NA,"1988 Fall European Tour","Nottingham",NA,"England",NA,NA,NA,NA,NA,NA,NA,NA,NA,NA,NA,NA,NA,NA,NA,NA,NA,NA,NA,NA,NA,NA,NA,NA,NA,NA,NA,NA,NA,NA,NA,NA,NA,NA,NA,NA,NA,NA,NA,NA
"newport-wales-112888","FLS0085","28/11/1988","TJ's",NA,NA,NA,NA,NA,NA,"Slow Jam",NA,"1988 Fall European Tour","Newport",NA,"Wales",NA,NA,NA,NA,NA,NA,NA,NA,NA,NA,NA,NA,NA,NA,NA,NA,NA,NA,NA,NA,NA,NA,NA,NA,NA,NA,NA,NA,NA,NA,NA,NA,NA,NA,NA,NA,NA,NA,NA,NA
"dublin-ireland-112988","FLS0086","29/11/1988","McGonagles",NA,NA,"ANON","Warren Russell-Smith",NA,"Poor",NA,"The band is hours late getting to the gig having missed the ferry, plus Ian has a terrible flu and has to play sitting down! Guy does most of the singing on this night.","1988 Fall European Tour","Dublin","","Ireland","Intro","Waiting Room","Bulldog Front","Burning","Song #1","Interlude 1","Lockdown","Interlude 2","Margin Walker","Give Me The Cure","Interlude 3","Break-In","Interlude 4","Burning Too","Glueman","Interlude 5","Preprovisional",NA,NA,NA,NA,NA,NA,NA,NA,NA,NA,NA,NA,NA,NA,NA,NA,NA,NA,NA,NA,NA,NA,NA
"leeds-england-113088","FLS0087","30/11/1988","Duchess of York",NA,NA,"Bust Fund Tapes","Warren Russell-Smith","Cassette","Very Good","Joyce McKinney Experience, Karma Sutra",NA,"1988 Fall European Tour","Leeds",NA,"England","Intro","Burning Too","Interlude 1","Song #1","Lockdown","Burning","Interlude 2","Bulldog Front","Give Me The Cure","Interlude 3","Suggestion","Furniture","Margin Walker","Break-In","Waiting Room","Encore","Glueman","Outro",NA,NA,NA,NA,NA,NA,NA,NA,NA,NA,NA,NA,NA,NA,NA,NA,NA,NA,NA,NA,NA,NA
"wigan-england-120188","FLS0088","01/12/1988","Wigan Unity Club",NA,NA,"Unknown","Jerry Busher","Cassette","Good",NA,NA,"1988 Fall European Tour","Wigan",NA,"England","Intro","Song #1","Interlude 1","Burning Too","Interlude 2","Bulldog Front","Interlude 3","Lockdown","Interlude 4","Furniture","Turn Off Your Guns","Interlude 5","Margin Walker","Break-In","Interlude 6","In Defense of Humans","Waiting Room","Give Me The Cure","Burning","Interlude 7","Merchandise","Interlude 8","Glueman",NA,NA,NA,NA,NA,NA,NA,NA,NA,NA,NA,NA,NA,NA,NA,NA,NA
"canterbury-england-120288","FLS0089","02/12/1988","Technical College",NA,NA,"Andy P/Fear and Loathing Zine","Warren Russell-Smith","VHS audio","Good","Playground, Pest Control",NA,"1988 Fall European Tour","Canterbury",NA,"England","Bad Mouth","Interlude 1","Song #1","Interlude 2","Bulldog Front","Lockdown","Interlude 3","Merchandise","Furniture","Interlude 4","Burning","Margin Walker","Interlude 5","Give Me The Cure","Interlude 6","Break-In","Interlude 7","Burning Too","In Defense of Humans","Interlude 8","Suggestion","Waiting Room","Interlude 9","Glueman","Outro",NA,NA,NA,NA,NA,NA,NA,NA,NA,NA,NA,NA,NA,NA,NA
"london-england-120588","FLS0090","05/12/1988","Boston Arms",NA,NA,"ANON","Warren Russell-Smith","Cassette","Good","Beatnigs, God","Fugazi plays second.","1988 Fall European Tour","London",NA,"England","Intro","Bad Mouth","Song #1","Interlude 1","Bulldog Front","Burning","Interlude 2","Merchandise","Interlude 3","Furniture","Interlude 4","Lockdown","Interlude 5","Give Me The Cure","Interlude 6","Suggestion","Interlude 7","Burning Too","Encore","Waiting Room","Glueman","Outro",NA,NA,NA,NA,NA,NA,NA,NA,NA,NA,NA,NA,NA,NA,NA,NA,NA,NA
"eindhoven-netherlands-121688","FLS0091","16/12/1988","Effenaar",NA,NA,NA,NA,NA,NA,"Beatnigs","Fugazi opens show.","1988 Fall European Tour","Eindhoven",NA,"Netherlands",NA,NA,NA,NA,NA,NA,NA,NA,NA,NA,NA,NA,NA,NA,NA,NA,NA,NA,NA,NA,NA,NA,NA,NA,NA,NA,NA,NA,NA,NA,NA,NA,NA,NA,NA,NA,NA,NA,NA,NA
"washington-dc-usa-122988","FLS0092","29/12/1988","Wilson Center","$5",1000,"Unknown","Fugazi","Cassette","Good","Soulside, Verbal Assault, Raincrow","Benefit for National Coalition for the Homeless","1988 Fall/Winter Regional Dates","Washington","DC","USA","Intro","Reprovisional","Song #1","Interlude 1","Bad Mouth","Interlude 2","Margin Walker","Bulldog Front","Interlude 3","Promises","Suggestion","Lockdown","Give Me The Cure","Interlude 4","Waiting Room","Interlude 5","Burning Too","Interlude 6","Glueman","Outro",NA,NA,NA,NA,NA,NA,NA,NA,NA,NA,NA,NA,NA,NA,NA,NA,NA,NA,NA,NA
"frederick-md-usa-11389","FLS0093","13/01/1989","Weinberg Center",NA,NA,NA,NA,NA,NA,"Fire Party, Ignition, Why?",NA,"1989 Winter/Spring Regional Dates","Frederick","MD","USA",NA,NA,NA,NA,NA,NA,NA,NA,NA,NA,NA,NA,NA,NA,NA,NA,NA,NA,NA,NA,NA,NA,NA,NA,NA,NA,NA,NA,NA,NA,NA,NA,NA,NA,NA,NA,NA,NA,NA,NA
"washington-dc-usa-12689","FLS0094","26/01/1989","9:30 Club","$5",400,"ANON",NA,"VHS audio","Poor","Nation of Ulysses, Jackhammer Orchestra",NA,"1989 Winter/Spring Regional Dates","Washington","DC","USA","Burning Too","Interlude 1","Bulldog Front","Burning","Interlude 2","And The Same","Bad Mouth","Margin Walker","Lockdown","Interlude 3","Suggestion","The Word","Waiting Room","Promises","Interlude 4","Give Me The Cure","Interlude 5","Glueman","Encore","Furniture","Break-In","Joe #1","Outro",NA,NA,NA,NA,NA,NA,NA,NA,NA,NA,NA,NA,NA,NA,NA,NA,NA
"washington-dc-usa-32489","FLS0095","24/03/1989","Wilson Center","$5",900,"Unknown","Jerry Busher","Cassette","Poor","Swiz, Holy Rollers, Edsel","Benefit for Washington Peace Center","1989 Winter/Spring Regional Dates","Washington","DC","USA","Intro","Margin Walker","Interlude 1","Lockdown","Waiting Room","Bad Mouth","Bulldog Front","Burning","Interlude 2","Brendan #1","Sieve-Fisted Find","Interlude 3","Shut the Door","Greed","Interlude 4","Suggestion","Burning Too","Give Me The Cure","Interlude 5","Glueman",NA,NA,NA,NA,NA,NA,NA,NA,NA,NA,NA,NA,NA,NA,NA,NA,NA,NA,NA,NA
"new-york-ny-usa-40589","FLS0096","05/04/1989","NYU Student Union",NA,150,"Jim Spellman","Warren Russell-Smith","VHS audio","Good","Edsel, Manifesto",NA,"1989 Spring USA Tour","New York","NY","USA","Intro","Brendan #1","Sieve-Fisted Find","Interlude 1","Bad Mouth","Margin Walker","Interlude 2","Waiting Room","Lockdown","Burning","Interlude 3","Suggestion","Burning Too","Interlude 4","Shut The Door","Greed","Glueman",NA,NA,NA,NA,NA,NA,NA,NA,NA,NA,NA,NA,NA,NA,NA,NA,NA,NA,NA,NA,NA,NA,NA
"princeton-nj-usa-40689","FLS0097","06/04/1989","Princeton University Terrace Food Club",NA,200,"Unknown","Jerry Busher","Cassette","Poor",NA,NA,"1989 Spring USA Tour","Princeton","NJ","USA","Brendan #1","Sieve-Fisted Find","Song #1","Interlude 1","Bulldog Front","Give Me The Cure","Interlude 2","Promises","Interlude 3","Break-In","Burning","Interlude 4","Shut the Door","Interlude 5","Greed","Reprovisional","Waiting Room","Suggestion","Burning Too","Interlude 6","Margin Walker","Outro",NA,NA,NA,NA,NA,NA,NA,NA,NA,NA,NA,NA,NA,NA,NA,NA,NA,NA
"norwalk-ct-usa-40789","FLS0098","07/04/1989","Anthrax","$5",400,"ANON","Warren Russell-Smith",NA,"Good","Purple Geezus, Heads Up",NA,"1989 Spring USA Tour","Norwalk","CT","USA","Intro","Brendan #1","Sieve-Fisted Find","Song #1","Bad Mouth","Interlude 1","Lockdown","Burning","Interlude 2","Burning Too","Shut the Door","Greed","Interlude 3","Waiting Room","Encore","Glueman","Promises",NA,NA,NA,NA,NA,NA,NA,NA,NA,NA,NA,NA,NA,NA,NA,NA,NA,NA,NA,NA,NA,NA,NA
"middletown-ct-usa-40889","FLS0099","08/04/1989","Wesleyan University Eclectic House",NA,NA,"Rick Libby and Chris Locke","Warren Russell-Smith","Cassette","Good",NA,NA,"1989 Spring USA Tour","Middletown","CT","USA","Intro","Suggestion","Break-In","Bad Mouth","Interlude 1","Margin Walker","Burning","Interlude 2","Waiting Room","Interlude 3","Song #1","Interlude 4","Brendan #1","Sieve-Fisted Find","Shut the Door","Greed","Interlude 5","Lockdown","Bulldog Front","Interlude 6","Burning Too","Interlude 7","Glueman","Outro",NA,NA,NA,NA,NA,NA,NA,NA,NA,NA,NA,NA,NA,NA,NA,NA
"hoboken-nj-usa-40989","FLS0100","09/04/1989","Maxwell's","$5",200,"Unknown","Jerry Busher","Cassette","Good","The Blisters",NA,"1989 Spring USA Tour","Hoboken","NJ","USA","Opening Remarks","Greed","Brendan #1","Bulldog Front","Burning","Interlude 1","Burning Too","Bad Mouth","Interlude 2","Sieve-Fisted Find","Shut the Door","Interlude 3","Margin Walker","Song #1","Interlude 4","Waiting Room","Give Me The Cure","Interlude 5","Suggestion","Interlude 6","Lockdown","Long Division","Glueman","Encore 1","Joe #1","Turnover","Encore 2","Reprovisional","Furniture","Outro",NA,NA,NA,NA,NA,NA,NA,NA,NA,NA
"morgantown-wv-usa-42889","FLS0101","28/04/1989","Dry House","$4",120,NA,NA,NA,NA,"Grizzly Fiction",NA,"1989 Spring USA Tour","Morgantown","WV","USA",NA,NA,NA,NA,NA,NA,NA,NA,NA,NA,NA,NA,NA,NA,NA,NA,NA,NA,NA,NA,NA,NA,NA,NA,NA,NA,NA,NA,NA,NA,NA,NA,NA,NA,NA,NA,NA,NA,NA,NA
"richmond-va-usa-43089","FLS0102","30/04/1989","New Horizons","$5",200,NA,NA,NA,NA,"Alternatives, Burma Jam, Butter Glove",NA,"1989 Spring USA Tour","Richmond","VA","USA",NA,NA,NA,NA,NA,NA,NA,NA,NA,NA,NA,NA,NA,NA,NA,NA,NA,NA,NA,NA,NA,NA,NA,NA,NA,NA,NA,NA,NA,NA,NA,NA,NA,NA,NA,NA,NA,NA,NA,NA
"chapel-hill-nc-usa-50189","FLS0103","01/05/1989","Cat's Cradle","$5",350,"Unknown","Jerry Busher","Cassette","Poor","Sex Police, Mallethead","Featuring the only known recording of the song 'N.S.A'. This song was only performed live a handful of times on this tour before we took it back to the practice space for a makeover!","1989 Spring USA Tour","Chapel Hill","NC","USA","Opening Remarks","Brendan #1","Sieve-Fisted Find","Bad Mouth","Lockdown","Burning","Interlude 1","Waiting Room","Interlude 2","Shut the Door","Interlude 3","NSA","Suggestion","Give Me The Cure","Interlude 4","Margin Walker","Break-In",NA,NA,NA,NA,NA,NA,NA,NA,NA,NA,NA,NA,NA,NA,NA,NA,NA,NA,NA,NA,NA,NA,NA
"columbia-sc-usa-50289","FLS0104","02/05/1989","Dance Graphics","$5",60,NA,NA,NA,NA,"Bedlam Hour",NA,"1989 Spring USA Tour","Columbia","SC","USA",NA,NA,NA,NA,NA,NA,NA,NA,NA,NA,NA,NA,NA,NA,NA,NA,NA,NA,NA,NA,NA,NA,NA,NA,NA,NA,NA,NA,NA,NA,NA,NA,NA,NA,NA,NA,NA,NA,NA,NA
"athens-ga-usa-50389","FLS0105","03/05/1989","40 Watt","$4",300,"T. Patton Biddle","Warren Russell-Smith","Cassette","Good","Angle Lake",NA,"1989 Spring USA Tour","Athens","GA","USA","Intro","Song #1","Lockdown","Burning","Interlude 1","Sieve-Fisted Find","Interlude 2","Shut the Door","Interlude 3","Suggestion","Give Me The Cure","Interlude 4","Waiting Room","Interlude 5","Glueman","Encore","Joe #1","Two Beats Off Instrumental","Provisional","Outro",NA,NA,NA,NA,NA,NA,NA,NA,NA,NA,NA,NA,NA,NA,NA,NA,NA,NA,NA,NA
"atlanta-ga-usa-50589","FLS0106","05/05/1989","Excelsior Mill","$5",450,"ANON",NA,"VHS audio","Good","Butterglove, After Words",NA,"1989 Spring USA Tour","Atlanta","GA","USA","Intro","Brendan #1","Sieve-Fisted Find","Interlude 1","Bad Mouth","Song #1","Margin Walker","Interlude 2","Bulldog Front","Interlude 3","Burning Too","Interlude 4","Shut the Door","Interlude 5","Greed","Interlude 6","Suggestion","Give Me The Cure","Burning","Interlude 7","Waiting Room","Lockdown","Interlude 8","Glueman","Outro",NA,NA,NA,NA,NA,NA,NA,NA,NA,NA,NA,NA,NA,NA,NA
"gainesville-fl-usa-50689","FLS0107","06/05/1989","American Legion Hall","$3",300,NA,NA,NA,NA,"Stabilizer, Skaface, Subject, Sweet Baby",NA,"1989 Spring USA Tour","Gainesville","FL","USA",NA,NA,NA,NA,NA,NA,NA,NA,NA,NA,NA,NA,NA,NA,NA,NA,NA,NA,NA,NA,NA,NA,NA,NA,NA,NA,NA,NA,NA,NA,NA,NA,NA,NA,NA,NA,NA,NA,NA,NA
"lafayette-la-usa-50989","FLS0108","09/05/1989","Haricots BBQ","$3",150,NA,NA,NA,NA,"Otis",NA,"1989 Spring USA Tour","Lafayette","LA","USA",NA,NA,NA,NA,NA,NA,NA,NA,NA,NA,NA,NA,NA,NA,NA,NA,NA,NA,NA,NA,NA,NA,NA,NA,NA,NA,NA,NA,NA,NA,NA,NA,NA,NA,NA,NA,NA,NA,NA,NA
"fortworth-tx-usa-51189","FLS0109","11/05/1989","Axis","$5",250,"ANON","Warren Russell-Smith","VHS audio","Good","Toadies, Burning Temple",NA,"1989 Spring USA Tour","Fort Worth","TX","USA","Intro","Brendan #1","Greed","Song #1","Bad Mouth","Interlude 1","Lockdown","Bulldog Front","Burning Too","Interlude 2","Margin Walker","Interlude 3","Shut the Door","Interlude 4","Sieve-Fisted Find","Interlude 5","Waiting Room","Interlude 6","Suggestion","Give Me The Cure","Encore","Glueman","Outro",NA,NA,NA,NA,NA,NA,NA,NA,NA,NA,NA,NA,NA,NA,NA,NA,NA
"houston-tx-usa-51289","FLS0110","12/05/1989","Axiom","$5",350,NA,NA,NA,NA,"Sprawl, 4 Front",NA,"1989 Spring USA Tour","Houston","TX","USA",NA,NA,NA,NA,NA,NA,NA,NA,NA,NA,NA,NA,NA,NA,NA,NA,NA,NA,NA,NA,NA,NA,NA,NA,NA,NA,NA,NA,NA,NA,NA,NA,NA,NA,NA,NA,NA,NA,NA,NA
"austin-tx-usa-51389","FLS0111","13/05/1989","Liberty Lunch","$5",1000,NA,NA,NA,NA,"Bad Mutha Goose, Retarded Elf",NA,"1989 Spring USA Tour","Austin","TX","USA",NA,NA,NA,NA,NA,NA,NA,NA,NA,NA,NA,NA,NA,NA,NA,NA,NA,NA,NA,NA,NA,NA,NA,NA,NA,NA,NA,NA,NA,NA,NA,NA,NA,NA,NA,NA,NA,NA,NA,NA
"phoenix-az-usa-51689","FLS0112","16/05/1989","Time Out of Mind","$4",140,"Paul Valdez","Warren Russell-Smith","VHS audio","Good","G-Whiz, Religious Skid",NA,"1989 Spring USA Tour","Phoenix","AZ","USA","Bulldog Front","Interlude 1","Burning Too","Interlude 2","Shut The Door","Sieve-Fisted Find","Provisional","Interlude 3","Waiting Room","Suggestion","Give Me The Cure","Glueman","Outro",NA,NA,NA,NA,NA,NA,NA,NA,NA,NA,NA,NA,NA,NA,NA,NA,NA,NA,NA,NA,NA,NA,NA,NA,NA,NA,NA
"los-angeles-ca-usa-51889","FLS0113","18/05/1989","Anti-Club","$6",375,"David ""Igby"" Sattanni","Warren Russell-Smith","Cassette","Good","Reason to Believe, Pitchfork","We're pretty sure that we played two sets this night. If anyone has a recording of the other set, please send it along!","1989 Spring USA Tour","Los Angeles","CA","USA","Intro","Brendan #1","Interlude 1","Bad Mouth","Interlude 2","Greed","Interlude 3","Song #1","Interlude 4","Margin Walker","Interlude 5","And The Same Drum and Bass Jam","Bulldog Front","Burning Too","Interlude 6","Lockdown","Interlude 7","Shut the Door","Sieve-Fisted Find","Interlude 8","Waiting Room","Suggestion","Give Me The Cure","Interlude 9","Burning","Encore","Furniture","Outro",NA,NA,NA,NA,NA,NA,NA,NA,NA,NA,NA,NA
"berkeley-ca-usa-52089","FLS0114","20/05/1989","Gilman Street","$5",600,"George Gleason","Jerry Busher","Cassette","Poor","Pitchfork, Crash Worship, Vagrants, Skinflute",NA,"1989 Spring USA Tour","Berkeley","CA","USA","Intro","Brendan #1","Interlude 1","Greed","Bulldog Front","Lockdown","Interlude 2","Song #1","Bad Mouth","Margin Walker","Burning","Interlude 3","Burning Too","Interlude 4","Shut the Door","Reprovisional","Interlude 5","Waiting Room","Suggestion","Give Me The Cure","Interlude 6","Glueman","Encore 1","Furniture","Outro",NA,NA,NA,NA,NA,NA,NA,NA,NA,NA,NA,NA,NA,NA,NA
"san-francisco-ca-usa-52189","FLS0115","21/05/1989","Women's Building","$5",375,NA,NA,NA,NA,"Boxcar Darla, Swollen Boss Toad, Operation Ivy, 4 Poets",NA,"1989 Spring USA Tour","San Francisco","CA","USA",NA,NA,NA,NA,NA,NA,NA,NA,NA,NA,NA,NA,NA,NA,NA,NA,NA,NA,NA,NA,NA,NA,NA,NA,NA,NA,NA,NA,NA,NA,NA,NA,NA,NA,NA,NA,NA,NA,NA,NA
"olympia-wa-usa-52689","FLS0116","26/05/1989","Rignall Hall","$5",300,NA,NA,NA,NA,"Beat Happening",NA,"1989 Spring USA Tour","Olympia","WA","USA",NA,NA,NA,NA,NA,NA,NA,NA,NA,NA,NA,NA,NA,NA,NA,NA,NA,NA,NA,NA,NA,NA,NA,NA,NA,NA,NA,NA,NA,NA,NA,NA,NA,NA,NA,NA,NA,NA,NA,NA
"seattle-wa-usa-52789","FLS0117","27/05/1989","Washington Performance Hall","$5",300,NA,NA,NA,NA,"Beat Happening",NA,"1989 Spring USA Tour","Seattle","WA","USA",NA,NA,NA,NA,NA,NA,NA,NA,NA,NA,NA,NA,NA,NA,NA,NA,NA,NA,NA,NA,NA,NA,NA,NA,NA,NA,NA,NA,NA,NA,NA,NA,NA,NA,NA,NA,NA,NA,NA,NA
"salt-lake-city-ut-usa-60189","FLS0118","01/06/1989","Speedway","$5",350,"Russell Martin",NA,NA,"Good","Leadfellow, Draize-Method, House of Cards",NA,"1989 Spring USA Tour","Salt Lake City","UT","USA","Intro","Brendan #1","Interlude 1","Turnover","Interlude 2","Song #1","Bad Mouth","Margin Walker","Bulldog Front","Interlude 3","Burning Too","Interlude 4","Lockdown","Burning","Interlude 5","Shut the Door","Sieve-Fisted Find","Waiting Room","Suggestion","Give Me The Cure","Link Track","Glueman","Encore","Two Beats Off Instrumental","Reprovisional",NA,NA,NA,NA,NA,NA,NA,NA,NA,NA,NA,NA,NA,NA,NA
"omaha-ne-usa-60389","FLS0119","03/06/1989","Radial Social Hall","$5",350,NA,NA,NA,NA,"Full Force, Insurgence, X-Factor",NA,"1989 Spring USA Tour","Omaha","NE","USA",NA,NA,NA,NA,NA,NA,NA,NA,NA,NA,NA,NA,NA,NA,NA,NA,NA,NA,NA,NA,NA,NA,NA,NA,NA,NA,NA,NA,NA,NA,NA,NA,NA,NA,NA,NA,NA,NA,NA,NA
"lawrence-ks-usa-60489","FLS0120","04/06/1989","Outhouse","$5",350,NA,NA,NA,NA,"Three Legged Dog, Sin City Disciples, Ultraman",NA,"1989 Spring USA Tour","Lawrence","KS","USA",NA,NA,NA,NA,NA,NA,NA,NA,NA,NA,NA,NA,NA,NA,NA,NA,NA,NA,NA,NA,NA,NA,NA,NA,NA,NA,NA,NA,NA,NA,NA,NA,NA,NA,NA,NA,NA,NA,NA,NA
"st-louis-mo-usa-60589","FLS0121","05/06/1989","Bernard's Pub","$5",250,"ANON","Warren Russell-Smith","VHS audio","Good","Nine Lives, Judge Nothing",NA,"1989 Spring USA Tour","St. Louis","MO","USA","Intro","Turnover","Greed","Interlude 1","Bulldog Front","Interlude 2","Waiting Room","Song #1","Margin Walker","Burning","Interlude 3","Long Division Instrumental","Interlude 4","Shut the Door","Interlude 5","Provisional","Interlude 6","In Defense of Humans","Interlude 7","Suggestion","Interlude 8","Give Me The Cure","Bad Mouth","Encore","Glueman","Outro",NA,NA,NA,NA,NA,NA,NA,NA,NA,NA,NA,NA,NA,NA
"champaign-il-usa-60789","FLS0122","07/06/1989","Latzer Hall YMCA","$5",250,NA,NA,NA,NA,"Didjits, Sixteen Tons",NA,"1989 Spring USA Tour","Champaign","IL","USA",NA,NA,NA,NA,NA,NA,NA,NA,NA,NA,NA,NA,NA,NA,NA,NA,NA,NA,NA,NA,NA,NA,NA,NA,NA,NA,NA,NA,NA,NA,NA,NA,NA,NA,NA,NA,NA,NA,NA,NA
"rockford-il-usa-60889","FLS0123","08/06/1989","VFW Hall","$3.50",200,NA,NA,NA,NA,"Becky's Birthday",NA,"1989 Spring USA Tour","Rockford","IL","USA",NA,NA,NA,NA,NA,NA,NA,NA,NA,NA,NA,NA,NA,NA,NA,NA,NA,NA,NA,NA,NA,NA,NA,NA,NA,NA,NA,NA,NA,NA,NA,NA,NA,NA,NA,NA,NA,NA,NA,NA
"milwaukee-wi-usa-60989","FLS0124","09/06/1989","Crystal Palace","$5",350,"ANON",NA,"VHS","Poor","Chris Twining, Jesus Manson, 911",NA,"1989 Spring USA Tour","Milwaukee","WI","USA","Intro","Brendan #1","Greed","Interlude 1","Bad Mouth","Song #1","Interlude 2","Margin Walker","Bulldog Front","Waiting Room","Interlude 3","Shut the Door","Interlude 4","Suggestion",NA,NA,NA,NA,NA,NA,NA,NA,NA,NA,NA,NA,NA,NA,NA,NA,NA,NA,NA,NA,NA,NA,NA,NA,NA,NA
"chicago-il-usa-61089","FLS0125","10/06/1989","Club Dreamerz","$5",350,NA,NA,NA,NA,"Groove Diggers, Defoilants",NA,"1989 Spring USA Tour","Chicago","IL","USA",NA,NA,NA,NA,NA,NA,NA,NA,NA,NA,NA,NA,NA,NA,NA,NA,NA,NA,NA,NA,NA,NA,NA,NA,NA,NA,NA,NA,NA,NA,NA,NA,NA,NA,NA,NA,NA,NA,NA,NA
"minneapolis-mn-usa-61189","FLS0126","11/06/1989","7th Street Entry","$5",450,NA,NA,NA,NA,"Iowa Beef Experience",NA,"1989 Spring USA Tour","Minneapolis","MN","USA",NA,NA,NA,NA,NA,NA,NA,NA,NA,NA,NA,NA,NA,NA,NA,NA,NA,NA,NA,NA,NA,NA,NA,NA,NA,NA,NA,NA,NA,NA,NA,NA,NA,NA,NA,NA,NA,NA,NA,NA
"green-bay-wi-usa-61289","FLS0127","12/06/1989","Kutska Hall","$5",280,NA,NA,NA,NA,"Slow Children, Rosary",NA,"1989 Spring USA Tour","Green Bay","WI","USA",NA,NA,NA,NA,NA,NA,NA,NA,NA,NA,NA,NA,NA,NA,NA,NA,NA,NA,NA,NA,NA,NA,NA,NA,NA,NA,NA,NA,NA,NA,NA,NA,NA,NA,NA,NA,NA,NA,NA,NA
"toledo-oh-usa-61489","FLS0128","14/06/1989","Tam O'Shanter Ice Rink","$5",360,NA,NA,NA,NA,"Herb Tarlicks, Outface",NA,"1989 Spring USA Tour","Toledo","OH","USA",NA,NA,NA,NA,NA,NA,NA,NA,NA,NA,NA,NA,NA,NA,NA,NA,NA,NA,NA,NA,NA,NA,NA,NA,NA,NA,NA,NA,NA,NA,NA,NA,NA,NA,NA,NA,NA,NA,NA,NA
"cleveland-oh-usa-61589","FLS0129","15/06/1989","Phantasy Nightclub","$5",400,NA,NA,NA,NA,"Knifedance, Sacred Hate",NA,"1989 Spring USA Tour","Cleveland","OH","USA",NA,NA,NA,NA,NA,NA,NA,NA,NA,NA,NA,NA,NA,NA,NA,NA,NA,NA,NA,NA,NA,NA,NA,NA,NA,NA,NA,NA,NA,NA,NA,NA,NA,NA,NA,NA,NA,NA,NA,NA
"pittsburgh-pa-usa-61689","FLS0130","16/06/1989","Sonic Temple","$5",200,"ANON","Warren Russell-Smith",NA,"Good","Pleasureheads","Featuring a drum-less version of In Defense of Humans!","1989 Spring USA Tour","Pittsburgh","PA","USA","Brendan #1","Turnover","Interlude 1","Greed","Interlude 2","Bad Mouth","Song #1","Interlude 3","Lockdown","Bulldog Front","Waiting Room","In Defense of Humans","Burning","Interlude 4","Shut the Door","Interlude 5","Sieve-Fisted Find","Reprovisional","Interlude 6","Suggestion","Give Me The Cure","Encore","Break-In","Interlude 7","Glueman",NA,NA,NA,NA,NA,NA,NA,NA,NA,NA,NA,NA,NA,NA,NA
"washington-dc-usa-62289","FLS0131","22/06/1989","Wilson Center","$5",600,"ANON","Warren Russell-Smith",NA,"Poor","Ignition, Fidelity Jones, Red Emma","Benefit for Washington Free Clinic","1989 Summer Regional Dates","Washington","DC","USA","Intro","Opening Remarks","Turnover","Greed","Interlude 1","Lockdown","Bulldog Front","Bad Mouth","Interlude 2","Margin Walker","Burning","Interlude 3","Shut the Door","Reprovisional","Interlude 4","Waiting Room","Interlude 5","Suggestion","Give Me The Cure","Encore","Glueman","Outro",NA,NA,NA,NA,NA,NA,NA,NA,NA,NA,NA,NA,NA,NA,NA,NA,NA,NA
"washington-dc-usa-71989","FLS0132","19/07/1989","9:30 Club","$5",450,"Jeff Carroll",NA,"Cassette","Good","Bad Mutha Goose",NA,"1989 Summer Regional Dates","Washington","DC","USA","Brendan #1","Styrofoam","And The Same","Interlude 1","Turnover","Burning Too","Bulldog Front","Lockdown","Song #1","Bad Mouth","Repeater","Two Beats Off","Reprovisional","Waiting Room","Margin Walker","Burning","Promises","Break-In","Give Me The Cure","In Defense of Humans","Interlude 2","Shut the Door",NA,NA,NA,NA,NA,NA,NA,NA,NA,NA,NA,NA,NA,NA,NA,NA,NA,NA
"washington-dc-usa-72089","FLS0133","20/07/1989","9:30 Club","$5",450,"ANON","Warren Russell-Smith","VHS audio","Poor","Bad Mutha Goose","Ian Svenonius (Nation of Ulysses) plays trumpet on Joe #1 and Amy Pickering (Fire Party) sings Suggestion.","1989 Summer Regional Dates","Washington","DC","USA","Intro","Joe #1","Greed","Sieve-Fisted Find","And The Same","Margin Walker","Interlude 1","Burning Too","Bad Mouth","Interlude 2","Bulldog Front","Burning","Interlude 3","Repeater","Interlude 4","Two Beats Off","Interlude 5","Turnover","Interlude 6","Waiting Room","Song #1","Interlude 7","Lockdown","Suggestion","Shut the Door",NA,NA,NA,NA,NA,NA,NA,NA,NA,NA,NA,NA,NA,NA,NA
"washington-dc-usa-82889","FLS0134","28/08/1989","Fort Reno","Free",800,NA,NA,NA,NA,"Soulside, Ignobles",NA,"1989 Summer Regional Dates","Washington","DC","USA",NA,NA,NA,NA,NA,NA,NA,NA,NA,NA,NA,NA,NA,NA,NA,NA,NA,NA,NA,NA,NA,NA,NA,NA,NA,NA,NA,NA,NA,NA,NA,NA,NA,NA,NA,NA,NA,NA,NA,NA
"washington-dc-usa-92289","FLS0135","22/09/1989","All Souls Church Pierce Hall","$5",500,"ANON","Warren Russell-Smith",NA,"Good","Shudder to Think, Jawbox","Weird recording and partial. Does anyone have a complete tape of this show?","1989 Fall Canada/NE Tour","Washington","DC","USA","Turnover","And The Same","Waiting Room","Margin Walker","Merchandise","Song #1",NA,NA,NA,NA,NA,NA,NA,NA,NA,NA,NA,NA,NA,NA,NA,NA,NA,NA,NA,NA,NA,NA,NA,NA,NA,NA,NA,NA,NA,NA,NA,NA,NA,NA
"philadelphia-pa-usa-92389","FLS0136","23/09/1989","Drexel University","$5",850,"ANON",NA,"Cassette","Good","Scram, Two Hundred Stitches","Played in the Parking Garage. The show was a benefit for Act-Up/WKDU.","1989 Fall Canada/NE Tour","Philadelphia","PA","USA","Intro","Brendan #1","Blueprint","Interlude 1","Song #1","And the Same","Interlude 2","Turnover","Interlude 3","Bulldog Front","Bad Mouth","Burning","Interlude 4","Margin Walker","Waiting Room","Lockdown","Burning Too","Interlude 5","Two Beats Off","Repeater","Encore","Suggestion","Give Me The Cure","Outro",NA,NA,NA,NA,NA,NA,NA,NA,NA,NA,NA,NA,NA,NA,NA,NA
"lancaster-pa-usa-92489","FLS0137","24/09/1989","Chameleon","$5",500,NA,NA,NA,NA,"Passed, Stand Up",NA,"1989 Fall Canada/NE Tour","Lancaster","PA","USA",NA,NA,NA,NA,NA,NA,NA,NA,NA,NA,NA,NA,NA,NA,NA,NA,NA,NA,NA,NA,NA,NA,NA,NA,NA,NA,NA,NA,NA,NA,NA,NA,NA,NA,NA,NA,NA,NA,NA,NA
"new-brunswick-nj-usa-92589","FLS0138","25/09/1989","Rutgers University","$5",450,NA,NA,NA,NA,"Bouncing Souls, Chickenscratch","Benefit for R.U. Homeless","1989 Fall Canada/NE Tour","New Brunswick","NJ","USA",NA,NA,NA,NA,NA,NA,NA,NA,NA,NA,NA,NA,NA,NA,NA,NA,NA,NA,NA,NA,NA,NA,NA,NA,NA,NA,NA,NA,NA,NA,NA,NA,NA,NA,NA,NA,NA,NA,NA,NA
"schenectady-ny-usa-92689","FLS0139","26/09/1989","Eagles Lodge","$5",300,NA,NA,NA,NA,"Supertouch, Dead Stop",NA,"1989 Fall Canada/NE Tour","Schenectady","NY","USA",NA,NA,NA,NA,NA,NA,NA,NA,NA,NA,NA,NA,NA,NA,NA,NA,NA,NA,NA,NA,NA,NA,NA,NA,NA,NA,NA,NA,NA,NA,NA,NA,NA,NA,NA,NA,NA,NA,NA,NA
"ottawa-on-canada-92989","FLS0140","29/09/1989","Glebe Community Center","$6cn",350,NA,NA,NA,NA,"Harsh Reality, The Trapt",NA,"1989 Fall Canada/NE Tour","Ottawa","ON","Canada",NA,NA,NA,NA,NA,NA,NA,NA,NA,NA,NA,NA,NA,NA,NA,NA,NA,NA,NA,NA,NA,NA,NA,NA,NA,NA,NA,NA,NA,NA,NA,NA,NA,NA,NA,NA,NA,NA,NA,NA
"guelph-on-canada-93089","FLS0141","30/09/1989","Loft","$6cn",250,"ANON","Warren Russell-Smith",NA,"Good","Shades Apart, Noise Floor","Which party do you want to go to after the show, Jenny's or Brad's? Plus, a personal message from Guy!","1989 Fall Canada/NE Tour","Guelph","ON","Canada","Intro","Joe #1","And The Same","Greed","Interlude 1","Sieve-Fisted Find","Interlude 2","Margin Walker","Interlude 3","Song #1","Bad Mouth","Interlude 4","Bulldog Front","Burning","Interlude 5","Shut the Door","Interlude 6","Turnover","Interlude 7","Waiting Room","Lockdown","Interlude 8","Suggestion","Give Me The Cure","Encore","Burning Too","Glueman","Outro",NA,NA,NA,NA,NA,NA,NA,NA,NA,NA,NA,NA
"toronto-on-canada-100189","FLS0142","01/10/1989","Rivoli Theater","$6cn",400,"Chris Twomey","Warren Russell Smith","Cassette","Good","Guilt Parade, Phleg Camp",NA,"1989 Fall Canada/NE Tour","Toronto","ON","Canada","Intro","Brendan #1","Greed","Interlude 1","Blueprint","And The Same","Sieve-Fisted Find","Interlude 2","Bad Mouth","Margin Walker","Interlude 3","Burning Too","Interlude 4","Bulldog Front","Burning","Interlude 5","Suggestion","Give Me The Cure","Interlude 6","Waiting Room","Interlude 7","Two Beats Off","Repeater","Interlude 8","Provisional","Encore","In Defense of Humans","Interlude 9","Shut the Door","Song #1","Interlude 10","Lockdown","Outro",NA,NA,NA,NA,NA,NA,NA
"rochester-ny-usa-100289","FLS0143","02/10/1989","Backstreets","$5",300,NA,NA,NA,NA,"Hunger Artist, Pressurehead",NA,"1989 Fall Canada/NE Tour","Rochester","NY","USA",NA,NA,NA,NA,NA,NA,NA,NA,NA,NA,NA,NA,NA,NA,NA,NA,NA,NA,NA,NA,NA,NA,NA,NA,NA,NA,NA,NA,NA,NA,NA,NA,NA,NA,NA,NA,NA,NA,NA,NA
"burlington-vt-usa-100489","FLS0144","04/10/1989","242 Main","$4",250,NA,NA,NA,NA,"Worship",NA,"1989 Fall Canada/NE Tour","Burlington","VT","USA",NA,NA,NA,NA,NA,NA,NA,NA,NA,NA,NA,NA,NA,NA,NA,NA,NA,NA,NA,NA,NA,NA,NA,NA,NA,NA,NA,NA,NA,NA,NA,NA,NA,NA,NA,NA,NA,NA,NA,NA
"providence-ri-usa-100589","FLS0145","05/10/1989","Living Room","$5",850,"Andrew Rodko",NA,"Cassette","Very Good","Rain Forest, Jungle Dogs",NA,"1989 Fall Canada/NE Tour","Providence","RI","USA","Intro","Brendan #1","Greed","Interlude 1","And The Same","Interlude 2","Sieve-Fisted Find","Interlude 3","Burning Too","Bulldog Front","Bad Mouth","Interlude 4","Margin Walker","Interlude 5","Burning","Interlude 6","Turnover","Shut the Door","Interlude 7","Waiting Room","Suggestion","Give Me The Cure","Interlude 8","Two Beats Off","Repeater","Reprovisional","Encore","Song #1","Interlude 9","Glueman",NA,NA,NA,NA,NA,NA,NA,NA,NA,NA
"cambridge-ma-usa-100689","FLS0146","06/10/1989","First Congregational Church","$5",400,NA,NA,NA,NA,"Cabal, Trustfall",NA,"1989 Fall Canada/NE Tour","Cambridge","MA","USA",NA,NA,NA,NA,NA,NA,NA,NA,NA,NA,NA,NA,NA,NA,NA,NA,NA,NA,NA,NA,NA,NA,NA,NA,NA,NA,NA,NA,NA,NA,NA,NA,NA,NA,NA,NA,NA,NA,NA,NA
"norwalk-ct-usa-100789","FLS0147","07/10/1989","Anthrax","$5",400,NA,NA,NA,NA,"Shades Apart, Fun House",NA,"1989 Fall Canada/NE Tour","Norwalk","CT","USA",NA,NA,NA,NA,NA,NA,NA,NA,NA,NA,NA,NA,NA,NA,NA,NA,NA,NA,NA,NA,NA,NA,NA,NA,NA,NA,NA,NA,NA,NA,NA,NA,NA,NA,NA,NA,NA,NA,NA,NA
"hoboken-nj-usa-100889","FLS0148","08/10/1989","Maxwell's","$5",300,"ANON","Warren Russell-Smith",NA,"Good","Holy Rollers",NA,"1989 Fall Canada/NE Tour","Hoboken","NJ","USA","Intro","Brendan #1","Sieve-Fisted Find","Greed","And The Same","Margin Walker","Bad Mouth","Interlude 1","Bulldog Front","Interlude 2","Burning Too","Burning","Interlude 3","Long Division Instrumental","Shut The Door","Interlude 4","Turnover","Interlude 5","Waiting Room","Suggestion","Give Me The Cure","Encore","Two Beats Off","Song #1","Glueman","Outro",NA,NA,NA,NA,NA,NA,NA,NA,NA,NA,NA,NA,NA,NA
"new-york-ny-usa-100989","FLS0149","09/10/1989","Barnard College Cafeteria","$4",350,"ANON","Warren Russell-Smith",NA,"Good","Holy Rollers",NA,"1989 Fall Canada/NE Tour","New York","NY","USA","Intro","Joe #1","Sieve-Fisted Find","Interlude 1","And The Same","Interlude 2","Margin Walker","Burning Too","Interlude 3","Lockdown","Bad Mouth","Interlude 4","Bulldog Front","Burning","Interlude 5","Shut the Door","Turnover","Interlude 6","Greed","Waiting Room","Interlude 7","Break-In","Suggestion","Give Me The Cure","Encore","Two Beats Off","Repeater","Interlude 8","Provisional","Outro",NA,NA,NA,NA,NA,NA,NA,NA,NA,NA
"washington-dc-usa-101589","FLS0150","15/10/1989","Dupont Circle",NA,NA,"Mark Andersen",NA,"Cassette","Good","Fidelity Jones, Lungfish, & many others","Positive Force's Alternatives Festival, free show in the park.","1989 Fall Regional Dates","Washington","DC","USA","Turnover","Brendan #1","And The Same","Margin Walker","Bad Mouth","Waiting Room","Interlude","Repeater","Reprovisional",NA,NA,NA,NA,NA,NA,NA,NA,NA,NA,NA,NA,NA,NA,NA,NA,NA,NA,NA,NA,NA,NA,NA,NA,NA,NA,NA,NA,NA,NA,NA
"amsterdam-netherlands-110389","FLS0151","03/11/1989","Vranckrijk","3.5 (Gilders)",350,"Unknown","Fugazi","Cassette","Good","Swamp surfers","Benefit for Pirate Radio","1989 Fall European Tour","Amsterdam","","Netherlands","Intro","Brendan #1","Greed","Interlude 1","Turnover","Interlude 2","Bad Mouth","Margin Walker","Burning","Interlude 3","Burning Too","Interlude 4","Sieve-Fisted Find","And The Same","Interlude 5","Waiting Room","Bulldog Front","Suggestion","Give Me The Cure","Interlude 6","Two Beats Off","Repeater","Interlude 7","Reprovisional","Encore 1","Song #1","Lockdown","Interlude 8","Link Track","Glueman","Outro",NA,NA,NA,NA,NA,NA,NA,NA,NA
"nijmegen-netherlands-110989","FLS0152","09/11/1989","Doornroosje",NA,NA,"ANON",NA,"Radio Broadcast","Very Good",NA,NA,"1989 Fall European Tour","Nijmegen","","Netherlands","Sieve-Fisted Find","And The Same","Interlude 1","Turnover","Interlude 2","Bad Mouth","Margin Walker","Burning Too","Burning","Interlude 3","Bulldog Front","Song #1","Long Division Instrumental","Shut the Door","Greed","Blueprint","Waiting Room","Suggestion","Give Me The Cure","Link Track","Two Beats Off","Repeater","Provisional","Encore 1","In Defense of Humans","Glueman","Encore 2","Merchandise","Break-In",NA,NA,NA,NA,NA,NA,NA,NA,NA,NA,NA
"canterbury-england-111389","FLS0153","13/11/1989","Arts College","3.50 Pounds",400,"Andy P/Fear and Loathing Zine","Warren Russell-Smith","VHS audio","Good","Snuff",NA,"1989 Fall European Tour","Canterbury","","England","Intro","Brendan #1","Turnover","And The Same","Greed","Interlude 1","Bulldog Front","Bad Mouth","Interlude 2","Margin Walker","Interlude 3","Lockdown","Interlude 4","Shut the Door","Interlude 5","Song #1","Burning","Burning Too","Interlude 6","Waiting Room","Suggestion","Give Me The Cure","Encore 1","Long Division Instrumental","Two Beats Off","Repeater","Encore 2","Provisional","Outro",NA,NA,NA,NA,NA,NA,NA,NA,NA,NA,NA
"brighton-england-111489","FLS0154","14/11/1989","Zap Club","3.50 Pounds",400,"ANON","Warren Russell-Smith",NA,"Poor","Silverfish, Sex and The Sand",NA,"1989 Fall European Tour","Brighton",NA,"England","Intro","Brendan #1","Sieve-Fisted Find","Interlude 1","And The Same","Interlude 2","Turnover","Interlude 3","Bad Mouth","Margin Walker","Interlude 4","Burning Too","Burning","Interlude 5","Waiting Room","Lockdown","Bulldog Front","Interlude 6","Suggestion","Give Me The Cure","Encore","Two Beats Off","Repeater",NA,NA,NA,NA,NA,NA,NA,NA,NA,NA,NA,NA,NA,NA,NA,NA,NA
"portsmouth-england-111589","FLS0155","15/11/1989","Portsmouth Polytechnic","3.50 Pounds",300,NA,NA,NA,NA,"AC Temple",NA,"1989 Fall European Tour","Portsmouth","","England",NA,NA,NA,NA,NA,NA,NA,NA,NA,NA,NA,NA,NA,NA,NA,NA,NA,NA,NA,NA,NA,NA,NA,NA,NA,NA,NA,NA,NA,NA,NA,NA,NA,NA,NA,NA,NA,NA,NA,NA
"exeter-england-111689","FLS0156","16/11/1989","Exeter University","3.50 Pounds",250,"Unknown",NA,"Cassette","Poor","Perfect Daze, Mad at the Sun",NA,"1989 Fall European Tour","Exeter","","England","Intro","Brendan #1","Greed","Interlude 1","And The Same","Interlude 2","Turnover","Bad Mouth","Bulldog Front","Waiting Room","Lockdown","Interlude 3","Shut the Door","Interlude 4","Burning Too","Burning","Interlude 5","Suggestion","Give Me The Cure","Encore 1","Song #1",NA,NA,NA,NA,NA,NA,NA,NA,NA,NA,NA,NA,NA,NA,NA,NA,NA,NA,NA
"birmingham-england-111989","FLS0157","19/11/1989","Edward's #8","3.50 Pounds",400,"ANON",NA,"Cassette","Good","Visions of Change, Anhrefn",NA,"1989 Fall European Tour","Birmingham","","England","Intro","Brendan #1","Blueprint","And The Same","Greed","Interlude 1","Bad Mouth","Margin Walker","Burning Too","Interlude 2","Bulldog Front","Burning","Interlude 3","Shut the Door","Sieve-Fisted Find","Interlude 4","Waiting Room","Lockdown","Suggestion",NA,NA,NA,NA,NA,NA,NA,NA,NA,NA,NA,NA,NA,NA,NA,NA,NA,NA,NA,NA,NA
"leeds-england-112089","FLS0158","20/11/1989","Leeds Polytechnic","3 Pounds",1000,"ANON","Warren Russell-Smith","Cassette","Good","Thatcher on Acid, Chumbawamba","Benefit for Leeds Abortion Fund and ACT-UP UK","1989 Fall European Tour","Leeds","","England","Intro","Brendan #1","Turnover","And The Same","Interlude 1","Bad Mouth","Interlude 2","Margin Walker","Waiting Room","Interlude 3","Burning Too","Burning","Interlude 4","Two Beats Off","Repeater","Provisional","Outro",NA,NA,NA,NA,NA,NA,NA,NA,NA,NA,NA,NA,NA,NA,NA,NA,NA,NA,NA,NA,NA,NA,NA
"nottingham-england-112189","FLS0159","21/11/1989","Marcus Garvey Centre","3.50 Pounds",700,NA,NA,NA,NA,"Visions of Change, Sofahead, Fudgetunnel, Drive",NA,"1989 Fall European Tour","Nottingham",NA,"England",NA,NA,NA,NA,NA,NA,NA,NA,NA,NA,NA,NA,NA,NA,NA,NA,NA,NA,NA,NA,NA,NA,NA,NA,NA,NA,NA,NA,NA,NA,NA,NA,NA,NA,NA,NA,NA,NA,NA,NA
"bristol-england-112289","FLS0160","22/11/1989","Bierkeller","2.50 Pounds",400,"ANON","Warren Russell-Smith","Cassette","Good","Visions of Change, Anhrefn","""You are a lovely flower.""","1989 Fall European Tour","Bristol","","England","Intro","Bulldog Front","Burning Too","Interlude 1","Break-In","Interlude 2","Suggestion","Lockdown","Long Division Instrumental","Shut the Door","Interlude 3","Merchandise","Interlude 4","Waiting Room","Give Me The Cure","Encore 1","Repeater","Interlude 5","Reprovisional","Outro",NA,NA,NA,NA,NA,NA,NA,NA,NA,NA,NA,NA,NA,NA,NA,NA,NA,NA,NA,NA
"dublin-ireland-112389","FLS0161","23/11/1989","McGonagles","3 Irish Punts",500,"ANON",NA,"Cassette","Good","The Slowest Clock, Not Our World","Snuff had to cancel owing to a family emergency, so The Slowest Clock stepped in to play.","1989 Fall European Tour","Dublin","","Ireland","Intro","Brendan #1","Interlude 1","And The Same","Interlude 2","Turnover","Interlude 3","Bad Mouth","Margin Walker","Interlude 4","Bulldog Front","Suggestion","Give Me The Cure","Interlude 5","Burning Too","Interlude 6","Waiting Room","Interlude 7","Lockdown","Interlude 8","Provisional","Outro",NA,NA,NA,NA,NA,NA,NA,NA,NA,NA,NA,NA,NA,NA,NA,NA,NA,NA
"belfast-northern-ireland-112489","FLS0162","24/11/1989","Arts Centre","3 Pounds",300,"ANON","Warren Russell-Smith",NA,"Poor","Fual, ?",NA,"1989 Fall European Tour","Belfast",NA,"Northern Ireland","Joe #1","Interlude 1","Turnover","And The Same","Interlude 2","Sieve-Fisted Find","Interlude 3","Bad Mouth","Interlude 4","Bulldog Front","Interlude 5","Suggestion","Margin Walker","Interlude 6","Burning Too","Interlude 7","Two Beats Off","Repeater","Reprovisional","Encore","Waiting Room","Give Me The Cure",NA,NA,NA,NA,NA,NA,NA,NA,NA,NA,NA,NA,NA,NA,NA,NA,NA,NA
"liverpool-england-112589","FLS0163","25/11/1989","Bluecoat Chamber","3 Pounds",500,"Shaun Hamilton",NA,"Cassette","Good","Visions of Change, Can't Decide",NA,"1989 Fall European Tour","Liverpool","","England","Intro","Brendan #1","Interlude 1","Sieve-Fisted Find","And The Same","Interlude 2","Turnover","Interlude 3","Burning Too","Margin Walker","Interlude 4","Bulldog Front","Bad Mouth","Interlude 5","Blueprint","Merchandise","Waiting Room","Suggestion","Give Me The Cure",NA,NA,NA,NA,NA,NA,NA,NA,NA,NA,NA,NA,NA,NA,NA,NA,NA,NA,NA,NA,NA
"newcastle-england-112689","FLS0164","26/11/1989","Riverside","3.50 Pounds",500,"ANON","Warren Russell-Smith",NA,"Good","Crane, God's Ultimate Noise",NA,"1989 Fall European Tour","Newcastle",NA,"England","Intro","Two Beats Off","Repeater","Reprovisional","Waiting Room","Margin Walker","Interlude 1","Burning Too","Burning","Interlude 2","Long Division Instrumental","Shut the Door","Interlude 3","Turnover","Interlude 4","Suggestion","Give Me The Cure","Interlude 5","Bad Mouth",NA,NA,NA,NA,NA,NA,NA,NA,NA,NA,NA,NA,NA,NA,NA,NA,NA,NA,NA,NA,NA
"glasgow-scotland-112789","FLS0165","27/11/1989","Mayfair","3.50 Pounds",500,"Unknown","Jerry Busher","Cassette","Poor","Stretch Heads, Dawson","This was our first time playing in Glasgow and we found ourselves in front of a lively crowd, to say the least. During an epic version of 'Suggestion' 15 or 20 women took over the stage and the microphones. As it happens this is the only song we have from that show (it was on the back of the Manchester cassette) and the sound quality is poor, but it was a very memorable experience and we're glad to have this document. Listen to it for free, or buy it for a dollar!","1989 Fall European Tour","Glasgow","","Scotland","Intro","Two Beats Off","Repeater","And The Same","Bulldog Front","Burning Too","Interlude 1","Margin Walker","Bad Mouth","Suggestion","Give Me The Cure","Interlude 2","Sieve-Fisted Find","Shut the Door","Interlude 3","Waiting Room","Encore","Song #1","Lockdown","Outro",NA,NA,NA,NA,NA,NA,NA,NA,NA,NA,NA,NA,NA,NA,NA,NA,NA,NA,NA,NA
"manchester-england-112889","FLS0166","28/11/1989","Boardwalk","3.50 Pounds",400,"Unknown","Jerry Busher","Cassette","Very Good","Jailhouse Recipes",NA,"1989 Fall European Tour","Manchester",NA,"England","Blueprint","Interlude 1","And The Same","Interlude 2","Sieve-Fisted Find","Interlude 3","Bad Mouth","Margin Walker","Interlude 4","Burning Too","Burning","Interlude 5","Bulldog Front","Interlude 6","Two Beats Off","Interlude 7","Shut the Door","Interlude 8","Lockdown","Suggestion","Give Me The Cure","Encore 1","Glueman",NA,NA,NA,NA,NA,NA,NA,NA,NA,NA,NA,NA,NA,NA,NA,NA,NA
"london-england-112989","FLS0167","29/11/1989","Boston Arms","3.50 Pounds",1100,"John Loder","Warren Russell-Smith","24-Track Monitor Mix","Very Good","Senseless Things, Joyce McKinney Exp.",NA,"1989 Fall European Tour","London",NA,"England","Intro","Turnover","Sieve-Fisted Find","Interlude 1","And The Same","Interlude 2","Margin Walker","Bad Mouth","Interlude 3","Burning Too","Interlude 4","Bulldog Front","Interlude 5","Suggestion","Give Me The Cure","Interlude 6","Blueprint","Interlude 7","Shut the Door","Interlude 8","Lockdown","Waiting Room","Interlude 9","Two Beats Off","Repeater","Interlude 10","Reprovisional","Encore","Glueman","Outro",NA,NA,NA,NA,NA,NA,NA,NA,NA,NA
"hamburg-germany-120289","FLS0168","02/12/1989","Markthalle","12.50DM",1500,NA,NA,NA,NA,"Visions of Change",NA,"1989 Fall European Tour","Hamburg",NA,"Germany",NA,NA,NA,NA,NA,NA,NA,NA,NA,NA,NA,NA,NA,NA,NA,NA,NA,NA,NA,NA,NA,NA,NA,NA,NA,NA,NA,NA,NA,NA,NA,NA,NA,NA,NA,NA,NA,NA,NA,NA
"berlin-germany-120389","FLS0169","03/12/1989","TU Mensa","14DM",1400,NA,NA,NA,NA,"Visions of Change",NA,"1989 Fall European Tour","Berlin","","Germany",NA,NA,NA,NA,NA,NA,NA,NA,NA,NA,NA,NA,NA,NA,NA,NA,NA,NA,NA,NA,NA,NA,NA,NA,NA,NA,NA,NA,NA,NA,NA,NA,NA,NA,NA,NA,NA,NA,NA,NA
"heidelberg-germany-120489","FLS0170","04/12/1989","Mensa","12DM",800,"Sterneck","Warren Russell-Smith","Cassette","Good","Visions of Change",NA,"1989 Fall European Tour","Heidelberg","","Germany","Intro","Brendan #1","Sieve-Fisted Find","And The Same","Interlude 1","Turnover","Interlude 2","Burning Too","Margin Walker","Interlude 3","Bad Mouth","Interlude 4","Waiting Room","Bulldog Front","Interlude 5","Blueprint","Shut the Door","Lockdown","Suggestion","Give Me The Cure","Interlude 6","Repeater","Provisional","Encore 1","Song #1","Break-In","Encore 2","In Defense of Humans","Interlude 8","Glueman",NA,NA,NA,NA,NA,NA,NA,NA,NA,NA
"munich-germany-120589","FLS0171","05/12/1989","Theaterfabrik","12DM",1000,NA,NA,NA,NA,"Visions of Change",NA,"1989 Fall European Tour","Munich","","Germany",NA,NA,NA,NA,NA,NA,NA,NA,NA,NA,NA,NA,NA,NA,NA,NA,NA,NA,NA,NA,NA,NA,NA,NA,NA,NA,NA,NA,NA,NA,NA,NA,NA,NA,NA,NA,NA,NA,NA,NA
"bielefeld-germany-120689","FLS0172","06/12/1989","AJZ","8DM",900,NA,NA,NA,NA,"Visions of Change",NA,"1989 Fall European Tour","Bielefeld",NA,"Germany",NA,NA,NA,NA,NA,NA,NA,NA,NA,NA,NA,NA,NA,NA,NA,NA,NA,NA,NA,NA,NA,NA,NA,NA,NA,NA,NA,NA,NA,NA,NA,NA,NA,NA,NA,NA,NA,NA,NA,NA
"groningen-netherlands-120789","FLS0173","07/12/1989","Vera",NA,NA,"Ben Corrigan",NA,"Cassette","Good","Visions of Change",NA,"1989 Fall European Tour","Groningen",NA,"Netherlands","Intro","Blueprint","And The Same","Greed","Sieve-Fisted Find","Bad Mouth","Interlude 1","Bulldog Front","Burning Too","Interlude 2","Margin Walker","Interlude 3","Shut the Door","Turnover","Interlude 4","Waiting Room","Suggestion","Reprovisional","Encore 1","Song #1","Give Me The Cure","Encore 2","Merchandise","Interlude 5","Lockdown","Outro",NA,NA,NA,NA,NA,NA,NA,NA,NA,NA,NA,NA,NA,NA
"eindhoven-netherlands-120889","FLS0174","08/12/1989","Effenaar",NA,NA,"ANON","Warren Russell-Smith","Cassette","Good","Visions of Change, All",NA,"1989 Fall European Tour","Eindhoven",NA,"Netherlands","And The Same","Interlude 1","Margin Walker","Burning Too","Interlude 2","Bulldog Front","Bad Mouth","Interlude 3","Lockdown","Interlude 4","Shut the Door","Blueprint","Interlude 5","Waiting Room","Interlude 6","Suggestion","Give Me The Cure","Interlude 7","Repeater","Two Beats Off","Reprovisional","Encore 1","Song #1","Burning","Encore 2","Brendan #1","Sieve-Fisted Find","Merchandise","Outro",NA,NA,NA,NA,NA,NA,NA,NA,NA,NA,NA
"amsterdam-netherlands-120989","FLS0175","09/12/1989","Melkweg",NA,NA,"ANON","Warren Russell-Smith","Cassette","Good","Visions of Change","Suggestion features Amy Pickering on vocals.","1989 Fall European Tour","Amsterdam","","Netherlands","Intro","Blueprint","Greed","And The Same","Interlude 1","Margin Walker","Bad Mouth","Interlude 2","Bulldog Front","Burning Too","Interlude 3","Turnover","Shut the Door","Interlude 4","Sieve-Fisted Find","Interlude 5","Suggestion","Give Me The Cure","Interlude 6","Waiting Room","Interlude 7","Two Beats Off","Repeater","Reprovisional","Encore","Break-In","Song #1","Glueman","Outro",NA,NA,NA,NA,NA,NA,NA,NA,NA,NA,NA
"paris-france-121189","FLS0176","11/12/1989","Forum de Grenelle",NA,NA,"Phillipe Roger",NA,"VHS","Good","GI Love, Apologize, The Swinging Scene",NA,"1989 Fall European Tour","Paris","","France","Intro","Joe #1","Turnover","Interlude 1","And The Same","Sieve-Fisted Find","Burning Too","Margin Walker","Bad Mouth","Bulldog Front","Suggestion","Interlude 2","Blueprint","Shut the Door","Waiting Room","Lockdown","Interlude 3","Two Beats Off","Repeater","Reprovisional","Encore","Give Me The Cure","Song #1",NA,NA,NA,NA,NA,NA,NA,NA,NA,NA,NA,NA,NA,NA,NA,NA,NA
"washington-dc-usa-12790","FLS0177","27/01/1990","St. Augustine's Church Hall","$5",1000,"ANON",NA,"Cassette","Good","Fidelity Jones, Lucy Brown","Benefit for SANE/FREEZE","1990 Winter/Spring Regional Dates","Washington","DC","USA","Two Beats Off","Interlude 1","Repeater","Interlude 2","Song #1","Margin Walker","Interlude 3","Bad Mouth","Interlude 4","Burning Too","Interlude 5","Blueprint","Greed","Interlude 6","Turnover","Interlude 7","And The Same","Sieve-Fisted Find","Interlude 8","Waiting Room","Suggestion","Give Me The Cure","Encore","Provisional","Glueman",NA,NA,NA,NA,NA,NA,NA,NA,NA,NA,NA,NA,NA,NA,NA
"baltimore-md-usa-21190","FLS0178","11/02/1990","Studio 10","$5",900,"Joey Picuri","Warren Russell-Smith","Cassette","Good","Jawbox, Outcrowd, Bazooka Joe",NA,"1990 Winter/Spring Regional Dates","Baltimore","MD","USA","Intro","Joe #1","Turnover","Song #1","Interlude 1","Margin Walker","Bad Mouth","Interlude 2","Bulldog Front","Blueprint","Interlude 3","Runaway Return","And The Same","Shut the Door","Suggestion","Give Me The Cure","Interlude 4","Two Beats Off","Repeater","Interlude 5","Reprovisional","Outro",NA,NA,NA,NA,NA,NA,NA,NA,NA,NA,NA,NA,NA,NA,NA,NA,NA,NA
"frederick-md-usa-21690","FLS0179","16/02/1990","Weinberg Center","$5",800,"Unknown","Jerry Busher","Cassette","Good","Scram, Why?","Benefit for Drug Rehab Center","1990 Winter/Spring Regional Dates","Frederick","MD","USA","Opening Remarks","Intro","Blueprint","Greed","And The Same","Interlude 1","Sieve-Fisted Find","Interlude 2","Burning Too","Interlude 3","Bulldog Front","Bad Mouth","Interlude 4","Margin Walker","Burning","Interlude 5","Shut the Door","Runaway Return","Waiting Room","Break-In","Song #1","Brendan #1","Two Beats Off","Repeater","Reprovisional","Outro",NA,NA,NA,NA,NA,NA,NA,NA,NA,NA,NA,NA,NA,NA
"richmond-va-usa-22590","FLS0180","25/02/1990","Metro","$5",250,"Joey Picuri",NA,"Cassette",NA,"Nation of Ulysses",NA,"1990 Winter/Spring Regional Dates","Richmond","VA","USA","Opening Remarks","Brendan #1","Turnover","Interlude 1","And The Same","Sieve-Fisted Find","Song #1","Margin Walker","Interlude 2","Burning Too","Lockdown","Long Division","Waiting Room","Bulldog Front","Bad Mouth","Interlude 3","Blueprint","Shut The Door","Interlude 4","Two Beats Off","Encore","Glueman","Outro",NA,NA,NA,NA,NA,NA,NA,NA,NA,NA,NA,NA,NA,NA,NA,NA,NA
"washington-dc-usa-30890","FLS0181","08/03/1990","Citadel Center","$5",1700,"Joey Picuri",NA,"Cassette",NA,"Sonic Youth, Geek, Unlimited Groove","Benefit for Innercity Youth Outreach Programs","1990 Spring Southern USA Tour","Washington","DC","USA","Repeater","Two Beats Off","Provisional","Interlude 1","Song #1","Burning Too","Interlude 2","Margin Walker","Burning","Long Division","Sieve-Fisted Find","And The Same","Blueprint","Interlude 3","Suggestion","Give Me The Cure","Bad Mouth","Interlude 4","Brendan #1","Runaway Return","Interlude 5","Shut the Door","Outro",NA,NA,NA,NA,NA,NA,NA,NA,NA,NA,NA,NA,NA,NA,NA,NA,NA
"virginia-beach-va-usa-31090","FLS0182","10/03/1990","Atlantic Beach Club","$5",450,"Joey Picuri","Jerry Busher","Cassette","Very Good","Grog, Funk Junkies",NA,"1990 Spring Southern USA Tour","Virginia Beach","VA","USA","Intro","Brendan #1","Blueprint","And The Same","Greed","Interlude 1","Margin Walker","Bad Mouth","Interlude 2","Bulldog Front","Song #1","Interlude 3","Long Division","Sieve-Fisted Find","Interlude 4","Waiting Room","Suggestion","Give Me The Cure","Burning Too","Interlude 5","Two Beats Off","Repeater","Reprovisional","Outro",NA,NA,NA,NA,NA,NA,NA,NA,NA,NA,NA,NA,NA,NA,NA,NA
"harrisonburg-va-usa-31190","FLS0183","11/03/1990","James Madison University","$3",250,"Joey Picuri","Warren Russell-Smith","Cassette","Good","Sexual Milkshake","Benefit for Habitat for Humanity & Anti-Nuke Group","1990 Spring Southern USA Tour","Harrisonburg","VA","USA","Long Division","Greed","Turnover","Interlude 1","And The Same","Interlude 2","Lockdown","Bad Mouth","Margin Walker","Song #1","Blueprint","Runaway Return","Shut The Door","Waiting Room","Break-In","Suggestion","Give Me The Cure","Interlude 3","Two Beats Off","Interlude 4","Repeater","Encore 1","Bulldog Front","Burning Too",NA,NA,NA,NA,NA,NA,NA,NA,NA,NA,NA,NA,NA,NA,NA,NA
"greensboro-nc-usa-31290","FLS0184","12/03/1990","Sternberger Hall, Guilford College","$5",250,"Joey Picuri","Warren Russell-Smith","Cassette","Good","Sex Police","Benefit for Women's Crisis Center","1990 Spring Southern USA Tour","Greensboro","NC","USA","Intro","Joe #1","Turnover","And The Same","Sieve-Fisted Find","Interlude 1","Burning Too","Interlude 2","Bulldog Front","Bad Mouth","Blueprint","Greed","Interlude 3","Runaway Return","Interlude 4","Waiting Room","Suggestion","Give Me The Cure","Repeater","Reprovisional","Outro",NA,NA,NA,NA,NA,NA,NA,NA,NA,NA,NA,NA,NA,NA,NA,NA,NA,NA,NA
"florence-sc-usa-31390","FLS0185","13/03/1990","Forefounders Hall","$5",100,"Joey Picuri","Warren Russell-Smith","Cassette","Good","Allen Johnson the Soundman",NA,"1990 Spring Southern USA Tour","Florence","SC","USA","Intro","Brendan #1","Blueprint","Merchandise","Interlude 1","And The Same","Interlude 2","Turnover","Interlude 3","Bad Mouth","Margin Walker","Song #1","Interlude 4","Bulldog Front","Burning","Interlude 5","Long Division","Runaway Return","Interlude 6","Shut the Door","Waiting Room","Suggestion","Give Me The Cure","Encore","Burning Too",NA,NA,NA,NA,NA,NA,NA,NA,NA,NA,NA,NA,NA,NA,NA
"athens-ga-usa-31490","FLS0186","14/03/1990","40 Watt","$5",350,"Joey Picuri","Jerry Busher","Cassette","Very Good","Rein Sanction",NA,"1990 Spring Southern USA Tour","Athens","GA","USA","Intro","Blueprint","Brendan #1","And The Same","Sieve-Fisted Find","Burning Too","Margin Walker","Bad Mouth","Interlude 1","Bulldog Front","Song #1","Long Division","Runaway Return","Interlude 2","Shut the Door","Interlude 3","Turnover","Waiting Room","Suggestion","Give Me The Cure","Interlude 4","Two Beats Off","Repeater","Reprovisional","Encore 1","Break-In","Interlude 5","Glueman","Outro",NA,NA,NA,NA,NA,NA,NA,NA,NA,NA,NA
"atlanta-ga-usa-31590","FLS0187","15/03/1990","Masquerade","$5",935,"ANON",NA,NA,"Good","Porn Orchard",NA,"1990 Spring Southern USA Tour","Atlanta","GA","USA","Intro","Two Beats Off","Repeater","Reprovisional","Interlude 1","Song #1","Margin Walker","Bad Mouth","Interlude 2","Blueprint","Shut the Door","Runaway Return","Interlude 3","Suggestion","Burning","Interlude 4","Burning Too","Interlude 5","Bulldog Front","Waiting Room","Encore","Long Division","Turnover","And The Same","Outro",NA,NA,NA,NA,NA,NA,NA,NA,NA,NA,NA,NA,NA,NA,NA
"gainesville-fl-usa-31690","FLS0188","16/03/1990","American Legion Hall","5",600,"Joey Picuri","Fugazi","Cassette","Very Good","Stabilizer","Previously released on CD (FLS21).","1990 Spring Southern USA Tour","Gainesville","FL","USA","Intro","Joe #1","Merchandise","Interlude","Turnover","And The Same","Margin Walker","Bad Mouth","Bulldog Front","Long Division","Blueprint","Interlude-2","Suggestion","Give Me The Cure","Burning Too",NA,NA,NA,NA,NA,NA,NA,NA,NA,NA,NA,NA,NA,NA,NA,NA,NA,NA,NA,NA,NA,NA,NA,NA,NA
"orlando-fl-usa-31790","FLS0189","17/03/1990","Beacham Theater","$5",985,"Joey Picuri","Warren Russell-Smith","Cassette","Good","Damage",NA,"1990 Spring Southern USA Tour","Orlando","FL","USA","Intro","And The Same","Interlude 1","Song #1","Margin Walker","Burning Too","Burning","Interlude 2","Shut the Door","Interlude 3","Runaway Return","Blueprint","Interlude 4","Suggestion","Break-In","Bad Mouth","Interlude 5","Waiting Room","Interlude 6","Two Beats Off","Interlude 7","Repeater","Interlude 8","Reprovisional",NA,NA,NA,NA,NA,NA,NA,NA,NA,NA,NA,NA,NA,NA,NA,NA
"pensacola-fl-usa-31990","FLS0190","19/03/1990","Nite Owl","$5",275,"Joey Picuri","Warren Russell-Smith","Cassette","Very Good","Headless Marines",NA,"1990 Spring Southern USA Tour","Pensacola","FL","USA","Intro","Brendan #1","Sieve-Fisted Find","And The Same","Interlude 1","Waiting Room","Margin Walker","Interlude 2","Song #1","Bulldog Front","Bad Mouth","Blueprint","Shut The Door","Runaway Return","Interlude 3","Suggestion","Give Me The Cure","Interlude 4","Two Beats Off","Repeater","Interlude 5","Reprovisional","Encore 1","Lockdown","Burning Too","Outro",NA,NA,NA,NA,NA,NA,NA,NA,NA,NA,NA,NA,NA,NA
"hattiesburg-ms-usa-32090","FLS0191","20/03/1990","Univ. of S. MS Bennett Auditorium","$5",180,NA,NA,NA,NA,"Flinghammer",NA,"1990 Spring Southern USA Tour","Hattiesburg","MS","USA",NA,NA,NA,NA,NA,NA,NA,NA,NA,NA,NA,NA,NA,NA,NA,NA,NA,NA,NA,NA,NA,NA,NA,NA,NA,NA,NA,NA,NA,NA,NA,NA,NA,NA,NA,NA,NA,NA,NA,NA
"new-orleans-la-usa-32190","FLS0192","21/03/1990","Storyville","$5",300,"Joey Picuri","Warren Russell-Smith","Cassette","Good","Red Army","Benefit for WTUL Radio","1990 Spring Southern USA Tour","New Orleans","LA","USA","Intro","Blueprint","Merchandise","Interlude 1","And The Same","Sieve-Fisted Find","Burning Too","Margin Walker","Song #1","Interlude 2","Bulldog Front","Long Division","Runaway Return","Shut The Door","Interlude 3","In Defense Of Humans","Suggestion","Give Me The Cure","Bad Mouth","Encore 1","Two Beats Off","Interlude 4","Repeater","Interlude 5","Reprovisional","Outro",NA,NA,NA,NA,NA,NA,NA,NA,NA,NA,NA,NA,NA,NA
"nashville-tn-usa-32390","FLS0193","23/03/1990","Elliston Square","$5",250,"Joey Picuri","Jerry Busher","Cassette","Good","Clockhammer","Show stopped by cops.","1990 Spring Southern USA Tour","Nashville","TN","USA","Opening Remarks","Intro","Blueprint","And The Same","Interlude 1","Turnover","Interlude 2","Waiting Room","Margin Walker","Song #1","Interlude 3","Suggestion","Give Me The Cure","Outro",NA,NA,NA,NA,NA,NA,NA,NA,NA,NA,NA,NA,NA,NA,NA,NA,NA,NA,NA,NA,NA,NA,NA,NA,NA,NA
"knoxville-tn-usa-32490","FLS0194","24/03/1990","Backstage at the Library","$5",230,"Joey Picuri","Warren Russell-Smith","Cassette","Good","Whitey",NA,"1990 Spring Southern USA Tour","Knoxville","TN","USA","Opening Remarks","Turnover","Merchandise","Sieve-Fisted Find","Interlude 1","Runaway Return","Interlude 2","Waiting Room","Song #1","Margin Walker","Burning","Interlude 3","And The Same","Blueprint","Shut The Door","Bulldog Front","Suggestion","Give Me The Cure","Interlude 4","Two Beats Off","Repeater","Interlude 5","Reprovisional",NA,NA,NA,NA,NA,NA,NA,NA,NA,NA,NA,NA,NA,NA,NA,NA,NA
"chapel-hill-nc-usa-32590","FLS0195","25/03/1990","Cat's Cradle","$5",650,"Joey Picuri","Warren Russell-Smith","Cassette","Very Good","Bricks",NA,"1990 Spring Southern USA Tour","Chapel Hill","NC","USA","Intro","Brendan #1","Sieve-Fisted Find","Interlude 1","And The Same","Margin Walker","Song #1","Burning","Interlude 2","Bad Mouth","Bulldog Front","Interlude 3","Blueprint","Shut The Door","Runaway Return","Suggestion","Give Me The Cure","Burning Too","Interlude 4","Two Beats Off","Repeater","Reprovisional","Outro",NA,NA,NA,NA,NA,NA,NA,NA,NA,NA,NA,NA,NA,NA,NA,NA,NA
"poughkeepsie-ny-usa-41390","FLS0196","13/04/1990","Vassar College","$5",600,"Joey Picuri","Warren Russell-Smith","Cassette","Good","?",NA,"1990 Spring NE USA Tour","Poughkeepsie","NY","USA","Intro","Brendan #1","Sieve-Fisted Find","And The Same","Blueprint","Interlude 1","Bad Mouth","Margin Walker","Song #1","Burning","Interlude 2","Runaway Return","Shut The Door","Turnover","Waiting Room","Interlude 3","Suggestion","Give Me The Cure","Interlude 4","Two Beats Off","Interlude 5","Repeater","Reprovisional","Outro",NA,NA,NA,NA,NA,NA,NA,NA,NA,NA,NA,NA,NA,NA,NA,NA
"northampton-ma-usa-41490","FLS0197","14/04/1990","Pearl Street Ballroom","$5",800,"Joey Picuri","Warren Russell-Smith","Cassette","Very Good","Holy Rollers, Brood, Vampire Lezbos, Sex Kitchen","Benefit for Necessities Women's Center","1990 Spring NE USA Tour","Northampton","MA","USA","Intro","Turnover","Merchandise","And The Same","Sieve-Fisted Find","Burning Too","Margin Walker","Bad Mouth","Interlude 1","Lockdown","Blueprint","Shut the Door","Interlude 2","Runaway Return","Interlude 3","Suggestion","Break-In","Interlude 4","Two Beats Off","Repeater","Reprovisional","Encore","Waiting Room","Glueman","Outro",NA,NA,NA,NA,NA,NA,NA,NA,NA,NA,NA,NA,NA,NA,NA
"boston-ma-usa-42090","FLS0198","20/04/1990","Mass Art Gymnasium","$5",1200,"Joey Picuri","Warren Russell-Smith","Cassette","Good","Scram, Scudder","Benefit for Living Center Aids Hospice","1990 Spring NE USA Tour","Boston","MA","USA","Reprovisional","Interlude 1","Bad Mouth","Margin Walker","Song #1","Lockdown","Interlude 2","Blueprint","And The Same","Interlude 3","Runaway Return","Interlude 4","Shut the Door","Interlude 5","Burning Too","Burning","Interlude 6","Suggestion","Give Me The Cure","Outro",NA,NA,NA,NA,NA,NA,NA,NA,NA,NA,NA,NA,NA,NA,NA,NA,NA,NA,NA,NA
"providence-ri-usa-42190","FLS0199","21/04/1990","Rhode Island School of Design","$5",400,"Joey Picuri","Jerry Busher","Cassette","Good","Firehose","Opened for Firehose.","1990 Spring NE USA Tour","Providence","RI","USA","Intro","Turnover","Interlude 1","Brendan #1","Merchandise","Interlude 2","Sieve-Fisted Find","Burning Too","Bulldog Front","Interlude 3","Bad Mouth","Margin Walker","Blueprint","Shut the Door","Interlude 4","Runaway Return","Waiting Room","Glueman","Outro",NA,NA,NA,NA,NA,NA,NA,NA,NA,NA,NA,NA,NA,NA,NA,NA,NA,NA,NA,NA,NA
"columbia-md-usa-42790","FLS0200","27/04/1990","Atholton High School Gym","$5",350,"Nate Seubert","Warren Russell-Smith","VHS audio","Good","Holy Rollers, Bonehead","Benefit for Jessup Prison Inmate Programs","1990 Spring Regional Dates","Columbia","MD","USA","Blueprint","Merchandise","Interlude 1","Sieve-Fisted Find","And The Same","Interlude 2","Bulldog Front","Song #1","Margin Walker","Bad Mouth","Interlude 3","Turnover","Shut the Door","Interlude 4","Runaway Return","Interlude 5","Repeater","Reprovisional",NA,NA,NA,NA,NA,NA,NA,NA,NA,NA,NA,NA,NA,NA,NA,NA,NA,NA,NA,NA,NA,NA
"memphis-tn-usa-50290","FLS0201","02/05/1990","Antennae Club","$5",300,"Joey Picuri","Jerry Busher","Cassette","Very Good","Hateful Day",NA,"1990 Spring/Summer USA Tour","Memphis","TN","USA","Intro","Brendan #1","Sieve-Fisted Find","Interlude 1","And The Same","Turnover","Interlude 2","Burning Too","Margin Walker","Bad Mouth","Interlude 3","Blueprint","Interlude 4","Shut the Door","Break-In","Suggestion","Give Me The Cure","Interlude 5","Two Beats Off","Repeater","Interlude 6","Reprovisional","Encore 1","Bulldog Front","Waiting Room","Outro",NA,NA,NA,NA,NA,NA,NA,NA,NA,NA,NA,NA,NA,NA
"little-rock-ar-usa-50390","FLS0202","03/05/1990","Mandrake's","$5",220,"Joey Picuri","Warren Russell-Smith","Cassette","Very Good","Trusty",NA,"1990 Spring/Summer USA Tour","Little Rock","AR","USA","Greed","Sieve-Fisted Find","Interlude 1","And The Same","Interlude 2","Turnover","Interlude 3","Song #1","Lockdown","Waiting Room","Interlude 4","Margin Walker","Blueprint","Merchandise","Interlude 5","Runaway Return","Suggestion","Burning","Burning Too","Encore 1","Repeater","Encore 2","Reprovisional","Outro",NA,NA,NA,NA,NA,NA,NA,NA,NA,NA,NA,NA,NA,NA,NA,NA
"dallas-tx-usa-50490","FLS0203","04/05/1990","2301 Canton Warehouse","5",700,"Joey Picuri",NA,"Cassette","Very Good","Last Rites","The good people of 2301 Canton, a former warehouse that had been turned into a art-studio living space, offered up their home so that we could play an all-ages gig in Dallas (the larger venues in that town were all 18/21+). Though there had been no real problems during the opening band's set, the police arrived with the fire marshall and suspended the show until fire-lanes and exits were more clearly marked. The band and promoters worked to make the corrections while the crowd waited for nearly an hour. Finally after their demands were met, we were told that there would be no show and that we should inform the audience. We refused. After further negotiations, the authorities decided that the band could play, but that the audience would have to leave the building. This struck us as insane, but that's what the police wanted to do. They closed down the street out front and the garage door was opened to let the sound spill out. We periodically put down the gear and went down to look out at the crowd to make sure that they weren't being beaten, but as far as we were able to tell they were having a blast. Dancing in the street and stage-diving off of parked cars and dancing in the street. Check the last track in the download for a recording of what it sounded like outside in the crowd!","1990 Spring/Summer USA Tour","Dallas","TX","USA","Intro","Interlude 1","Waiting Room","Bulldog Front","Interlude 2","Burning Too","Interlude 3","Give Me The Cure","Interlude 4","Repeater","Interlude 5","Reprovisional","Song #1","Margin Walker","Interlude 6","Bad Mouth","Break-In","Blueprint","Interlude 7","Merchandise","Interlude 8","Suggestion","Glueman","Outro","Outside the Gig!",NA,NA,NA,NA,NA,NA,NA,NA,NA,NA,NA,NA,NA,NA,NA
"austin-tx-usa-50590","FLS0204","05/05/1990","Liberty Lunch","5",1100,"Joey Picuri","Jerry Busher","Cassette","Very Good","Glass Eye, Spot",NA,"1990 Spring/Summer USA Tour","Austin","TX","USA","Intro","Reclamation","Sieve-Fisted Find","And The Same","Interlude 1","Turnover","Bad Mouth","Margin Walker","Song #1","Interlude 2","Blueprint","Interlude 3","Shut the Door","Runaway Return","Interlude 4","Waiting Room","Break-In","Suggestion","Give Me The Cure","Outro",NA,NA,NA,NA,NA,NA,NA,NA,NA,NA,NA,NA,NA,NA,NA,NA,NA,NA,NA,NA
"houston-tx-usa-50690","FLS0205","06/05/1990","Axiom","5",350,"Joey Picuri","Warren Russell-Smith","Cassette","Good","Refuse to Fall, Skatenigs",NA,"1990 Spring/Summer USA Tour","Houston","TX","USA","Intro","Two Beats Off","Repeater","Interlude 1","Reprovisional","Interlude 2","Burning Too","Bulldog Front","Interlude 3","Bad Mouth","Margin Walker","Suggestion","Give Me The Cure","Interlude 4","Merchandise","Blueprint","Shut the Door","Interlude 5","Runaway Return","Interlude 6","Song #1","Waiting Room","Glueman","Outro",NA,NA,NA,NA,NA,NA,NA,NA,NA,NA,NA,NA,NA,NA,NA,NA
"san-antonio-tx-usa-50790","FLS0206","07/05/1990","Cameo Theater","5",275,"Joey Picuri","Warren Russell-Smith","Cassette","Very Good","Hungry Dog, Evil Mothers",NA,"1990 Spring/Summer USA Tour","San Antonio","TX","USA","Intro","Turnover","Interlude 1","Greed","Sieve-Fisted Find","And The Same","Song #1","Interlude 2","Lockdown","Burning","Interlude 3","Bad Mouth","Interlude 4","Blueprint","Shut the Door","Interlude 5","Runaway Return","Interlude 6","Waiting Room","Margin Walker","Burning Too","Interlude 7","Two Beats Off","Repeater","Reprovisional","Encore","Suggestion","Give Me The Cure","Outro",NA,NA,NA,NA,NA,NA,NA,NA,NA,NA,NA
"tucson-az-usa-51190","FLS0207","11/05/1990","Dodiak Gallery","3",300,"Joey Picuri","Warren Russell-Smith","Cassette","Good","Fuel, Monsula",NA,"1990 Spring/Summer USA Tour","Tucson","AZ","USA","Intro","Turnover","Merchandise","Interlude 1","Sieve-Fisted Find","And The Same","Interlude 2","Song #1","Margin Walker","Bad Mouth","Interlude 3","Bulldog Front","Blueprint","Interlude 4","Shut the Door","Interlude 5","Runaway Return","Interlude 6","Waiting Room","Lockdown","Interlude 7","Burning Too","Interlude 8","Two Beats Off","Repeater","Reprovisional","Encore","In Defense of Humans","Interlude 9","Give Me The Cure","Outro",NA,NA,NA,NA,NA,NA,NA,NA,NA
"phoenix-az-usa-51290","FLS0208","12/05/1990","U.A. Local Pipefitter's Hall","5",700,"Joey Picuri","Jerry Busher","Cassette","Good","Stench, Mother Helper",NA,"1990 Spring/Summer USA Tour","Phoenix","AZ","USA","Intro","Turnover","Merchandise","Interlude 1","Sieve-Fisted Find","And The Same","Interlude 2","Song #1","Margin Walker","Bad Mouth","Interlude 3","Bulldog Front","Blueprint","Shut the Door","Interlude 4","Runaway Return","Waiting Room","Lockdown","Interlude 5","Burning Too","Interlude 6","Two Beats Off","Repeater","Interlude 7","Reprovisional","Encore 1","In Defense of Humans","Interlude 8","Give Me The Cure","Outro",NA,NA,NA,NA,NA,NA,NA,NA,NA,NA
"encinitas-ca-usa-51590","FLS0209","15/05/1990","La Paloma Theater","5",500,"Joey Picuri","Warren Russell-Smith","Cassette","Poor","Pitchfork, Fishwife",NA,"1990 Spring/Summer USA Tour","Encinitas","CA","USA","Intro","Brendan #1","Sieve-Fisted Find","Merchandise","Interlude 1","Turnover","Interlude 2","Burning Too","Margin Walker","Song #1","Interlude 3","Blueprint","Interlude 4","Shut the Door","Interlude 5","Runaway Return","Interlude 6","Two Beats Off","Repeater","Reprovisional","Encore","Give Me The Cure","Waiting Room","Bad Mouth","Outro",NA,NA,NA,NA,NA,NA,NA,NA,NA,NA,NA,NA,NA,NA,NA
"reseda-ca-usa-51690","FLS0210","16/05/1990","Country Club","6",1000,"Joey Picuri","Jerry Busher","Cassette","Very Good","Beat Happening, Hunger Farm",NA,"1990 Spring/Summer USA Tour","Reseda","CA","USA","Opening Remarks","Intro","Reclamation","Blueprint","And The Same","Sieve-Fisted Find","Interlude 1","Turnover","Interlude 2","Song #1","Lockdown","Interlude 3","Waiting Room","Margin Walker","Burning Too","Interlude 4","Runaway Return","Shut the Door","Interlude 5","Suggestion","Interlude 6","Two Beats Off","Interlude 7","Repeater","Interlude 8","Reprovisional","Outro",NA,NA,NA,NA,NA,NA,NA,NA,NA,NA,NA,NA,NA
"reseda-ca-usa-51790","FLS0211","17/05/1990","Country Club","6",1000,"Joey Picuri","Jerry Busher","Cassette","Very Good","Beat Happening, Reason to Believe",NA,"1990 Spring/Summer USA Tour","Reseda","CA","USA","Repeater","Reprovisional","Interlude 1","Bad Mouth","Margin Walker","Interlude 2","Song #1","Blueprint","Interlude 3","Styrofoam","Shut the Door","Interlude 4","Runaway Return","Interlude 5","Burning Too","Bulldog Front","Interlude 6","Waiting Room","Interlude 7","Suggestion","Give Me The Cure","Encore 1","Glueman","Outro",NA,NA,NA,NA,NA,NA,NA,NA,NA,NA,NA,NA,NA,NA,NA,NA
"isla-vista-ca-usa-51890","FLS0212","18/05/1990","UC Santa Barbara Pub","5",500,"Joey Picuri","Warren Russell-Smith","Cassette","Very Good","Beat Happening, Downcast","""It's not a palindrome, sir. You'll have to leave.""","1990 Spring/Summer USA Tour","Isla Vista","CA","USA","Intro","Brendan #1","Greed","Interlude 1","Sieve-Fisted Find","Interlude 2","And The Same","Interlude 3","Turnover","Interlude 4","Burning Too","Interlude 5","Lockdown","Bad Mouth","Margin Walker","Interlude 6","Blueprint","Interlude 7","Shut the Door","Runaway Return","Interlude 8","Song #1","Break-In","Interlude 9","Two Beats Off","Interlude 10","Repeater","Reprovisional","Encore","Waiting Room","Outro",NA,NA,NA,NA,NA,NA,NA,NA,NA
"san-francisco-ca-usa-51990","FLS0213","19/05/1990","Russian Theater","5",1100,"Joey Picuri","Warren Russell-Smith","Cassette","Good","Beat Happening, Valerie, High Risk Dancers, Theater of Absurd","Benefit for Epi-Center","1990 Spring/Summer USA Tour","San Francisco","CA","USA","Intro","Blueprint","Merchandise","Interlude 1","Sieve-Fisted Find","Interlude 2","And The Same","Interlude 3","Bulldog Front","Burning Too","Interlude 4","Margin Walker","Bad Mouth","Interlude 5","Turnover","Shut the Door","Interlude 6","Give Me The Cure","Interlude 7","Suggestion","Encore","Reprovisional","Outro",NA,NA,NA,NA,NA,NA,NA,NA,NA,NA,NA,NA,NA,NA,NA,NA,NA
"berkeley-ca-usa-52090","FLS0214","20/05/1990","Gilman Street","5",650,"Joey Picuri","Warren Russell-Smith","Cassette","Good","Beat Happening, Offspring, Monsula, Pez",NA,"1990 Spring/Summer USA Tour","Berkeley","CA","USA","Intro","Reclamation","Sieve-Fisted Find","Greed","Interlude 1","Turnover","Interlude 2","And The Same","Interlude 3","Waiting Room","Bulldog Front","Song #1","Interlude 4","Blueprint","Interlude 5","Styrofoam","Interlude 6","Runaway Return","Interlude 7","Bad Mouth","Margin Walker","Interlude 8","Two Beats Off","Interlude 9","Repeater","Interlude 10","Reprovisional","Outro",NA,NA,NA,NA,NA,NA,NA,NA,NA,NA,NA,NA
"chico-ca-usa-52490","FLS0215","24/05/1990","Burro Room","5",400,"Joey Picuri","Warren Russell-Smith","Cassette","Good","Beat Happening, ?",NA,"1990 Spring/Summer USA Tour","Chico","CA","USA","Intro","Two Beats Off","Reprovisional","Interlude 1","Burning Too","Interlude 2","Margin Walker","Song #1","Bulldog Front","Blueprint","And The Same","Runaway Return","Shut the Door","Sieve-Fisted Find","Encore","Waiting Room","Give Me The Cure","Outro",NA,NA,NA,NA,NA,NA,NA,NA,NA,NA,NA,NA,NA,NA,NA,NA,NA,NA,NA,NA,NA,NA
"eureka-ca-usa-52590","FLS0216","25/05/1990","National Guard Armory","5",250,"ANON","Warren Russell-Smith","VHS audio","Poor","Beat Happening, ?",NA,"1990 Spring/Summer USA Tour","Eureka","CA","USA","Intro","Joe #1","Runaway Return","Greed","Interlude 1","Sieve-Fisted Find","Interlude 2","And The Same","Styrofoam","Interlude 3","Margin Walker","Bad Mouth","Lockdown","Song #1","Interlude 4","Waiting Room","Give Me The Cure","Interlude 5","Two Beats Off","Interlude 6","She Is Blind","Reprovisional","Encore","Suggestion",NA,NA,NA,NA,NA,NA,NA,NA,NA,NA,NA,NA,NA,NA,NA,NA
"eugene-or-usa-52690","FLS0217","26/05/1990","W.O.W. Hall","5",550,"Joey Picuri","Warren Russell-Smith","Cassette","Good","Beat Happening, Calamity Jane",NA,"1990 Spring/Summer USA Tour","Eugene","OR","USA","Opening Remarks","Reclamation","Sieve-Fisted Find","And The Same","Interlude 1","Turnover","Interlude 2","Song #1","Lockdown","Waiting Room","Interlude 3","Margin Walker","Shut the Door","Blueprint","Merchandise","Interlude 4","Runaway Return","Interlude 5","Burning Too","Interlude 6","Suggestion","Give Me The Cure","Interlude 7","Two Beats Off","Repeater","Interlude 8","Reprovisional","Encore","Bad Mouth","Glueman",NA,NA,NA,NA,NA,NA,NA,NA,NA,NA
"bellingham-wa-usa-53090","FLS0218","30/05/1990","Underground / 1414 Cornwell","5",300,"Joey Picuri","Warren Russell-Smith","Cassette","Very Good","Beat Happening, Seaweed",NA,"1990 Spring/Summer USA Tour","Bellingham","WA","USA","Intro","Blueprint","Brendan #1","Merchandise","Interlude 1","Margin Walker","Bad Mouth","Bulldog Front","Song #1","Interlude 2","Turnover","Interlude 3","Shut the Door","Runaway Return","Interlude 4","Sieve-Fisted Find","Interlude 5","Burning Too","Lockdown","Interlude 6","Two Beats Off","Repeater","Reprovisional","Encore","Waiting Room","Give Me The Cure",NA,NA,NA,NA,NA,NA,NA,NA,NA,NA,NA,NA,NA,NA
"portland-or-usa-53190","FLS0219","31/05/1990","Pine Street Theater","5",580,"Joey Picuri","Jerry Busher","Cassette","Good","Beat Happening",NA,"1990 Spring/Summer USA Tour","Portland","OR","USA","Opening Remarks","Intro","Turnover","And The Same","Interlude 1","Sieve-Fisted Find","Merchandise","Interlude 2","Waiting Room","Margin Walker","Song #1","Interlude 3","Two Beats Off","Repeater","Reprovisional","Interlude 4","Suggestion","Give Me The Cure","Interlude 5","Blueprint","Interlude 6","Shut the Door","Encore 1","Bad Mouth","Interlude 7","Bulldog Front","Burning Too","Outro",NA,NA,NA,NA,NA,NA,NA,NA,NA,NA,NA,NA
"seattle-wa-usa-60190","FLS0220","01/06/1990","Lake City Concert Hall","5",1100,"Joey Picuri","Warren Russell-Smith","Cassette","Good","Beat Happening",NA,"1990 Spring/Summer USA Tour","Seattle","WA","USA","Intro","Reclamation","Sieve-Fisted Find","Interlude 1","And The Same","Interlude 2","Runaway Return","Burning Too","Interlude 3","Lockdown","Song #1","Interlude 4","Blueprint","Interlude 5","Shut the Door","Interlude 6","Margin Walker","Waiting Room","Give Me The Cure","Interlude 7","Two Beats Off","Repeater","Reprovisional","Encore","Suggestion","Outro",NA,NA,NA,NA,NA,NA,NA,NA,NA,NA,NA,NA,NA,NA
"olympia-wa-usa-60290","FLS0221","02/06/1990","Chambers Grange Hall","5",400,"Joey Picuri","Warren Russell-Smith","Cassette","Good","Beat Happening, Mecca Normal",NA,"1990 Spring/Summer USA Tour","Olympia","WA","USA","Intro","Brendan #1","Greed","Turnover","Interlude 1","And The Same","Interlude 2","Blueprint","Interlude 3","Bad Mouth","Margin Walker","Interlude 4","Song #1","Interlude 5","Long Division","Sieve-Fisted Find","Interlude 6","Shut the Door","Interlude 7","Runaway Return","Interlude 8","Two Beats Off","Interlude 9","Repeater","Interlude 10","Glueman","Outro",NA,NA,NA,NA,NA,NA,NA,NA,NA,NA,NA,NA,NA
"missoula-mt-usa-60490","FLS0222","04/06/1990","Moose Lodge","4",225,"Joey Picuri","Warren Russell-Smith","Cassette","Excellent","The Banned",NA,"1990 Spring/Summer USA Tour","Missoula","MT","USA","Intro","Joe #1","Greed","Turnover","And The Same","Interlude 1","Sieve-Fisted Find","Song #1","Margin Walker","Bad Mouth","Blueprint","Shut the Door","Runaway Return","Waiting Room","Bulldog Front","Suggestion","Give Me The Cure","Interlude 2","Two Beats Off","Repeater","Reprovisional","Encore 1","Lockdown","Burning Too","Outro",NA,NA,NA,NA,NA,NA,NA,NA,NA,NA,NA,NA,NA,NA,NA
"salt-lake-city-ut-usa-60690","FLS0223","06/06/1990","Speedway","5",500,"Joey Picuri","Fugazi","Cassette","Very Good","Filth, Insight, Stench, Fifteen",NA,"1990 Spring/Summer USA Tour","Salt Lake City","UT","USA","Intro","Reclamation Instrumental","Greed","Interlude 1","Turnover","And The Same","Interlude 2","Bulldog Front","Bad Mouth","Margin Walker","Interlude 3","Blueprint","Shut the Door","Interlude 4","Runaway Return","Interlude 5","Burning Too","Give Me The Cure","Waiting Room","Interlude 6","Two Beats Off","Interlude 7","Repeater","Interlude 8","Reprovisional","Outro",NA,NA,NA,NA,NA,NA,NA,NA,NA,NA,NA,NA,NA,NA
"denver-co-usa-60890","FLS0224","08/06/1990","Atzlan Theater","5",600,"Joey Picuri","Warren Russell-Smith","Cassette","Good","Keep In Mind, Hobbledyhoy",NA,"1990 Spring/Summer USA Tour","Denver","CO","USA","Intro","Merchandise","Brendan #1","Turnover","And The Same","Margin Walker","Song #1","Interlude 1","Bulldog Front","Bad Mouth","Blueprint","Interlude 2","Shut the Door","Sieve-Fisted Find","Interlude 3","Suggestion","Give Me The Cure","Waiting Room","Interlude 4","Two Beats Off","Repeater","Reprovisional","Encore 1","Break-In","Burning Too","Outro",NA,NA,NA,NA,NA,NA,NA,NA,NA,NA,NA,NA,NA,NA
"omaha-ne-usa-61090","FLS0225","10/06/1990","Sokol Hall","5",800,"Joey Picuri","Warren Russell-Smith","Cassette","Good","Sideshow, Fish Hippos, C. Palmquist's Band",NA,"1990 Spring/Summer USA Tour","Omaha","NE","USA","Intro","Reclamation","Greed","And The Same","Interlude 1","Sieve-Fisted Find","Turnover","Waiting Room","Interlude 2","Margin Walker","Bad Mouth","Bulldog Front","Song #1","Interlude 3","Blueprint","Shut the Door","Interlude 4","Runaway Return","Interlude 5","Suggestion","Give Me The Cure","Interlude 6","Two Beats Off","Repeater","Reprovisional","Outro",NA,NA,NA,NA,NA,NA,NA,NA,NA,NA,NA,NA,NA,NA
"lawrence-ks-usa-61190","FLS0226","11/06/1990","Outhouse","5",700,"Joey Picuri","Warren Russell-Smith","Cassette","Good","Sin City Disciples, Joe Worker",NA,"1990 Spring/Summer USA Tour","Lawrence","KS","USA","Intro","Reclamation","Sieve-Fisted Find","Interlude 1","Merchandise","Interlude 2","Runaway Return","Song #1","Margin Walker","Interlude 3","Bad Mouth","Blueprint","Interlude 4","Shut the Door","Interlude 5","Bulldog Front","Waiting Room","Interlude 6","Burning Too","Interlude 7","Two Beats Off","Repeater","Interlude 8","Reprovisional","Encore 1","Lockdown","Suggestion","Give Me The Cure","Outro",NA,NA,NA,NA,NA,NA,NA,NA,NA,NA,NA
"fayetteville-ar-usa-61290","FLS0227","12/06/1990","Studio 225","5",250,"Joey Picuri","Warren Russell-Smith","Cassette","Good","Faith Dealers","Buzz at beginning of recording clears up.","1990 Spring/Summer USA Tour","Fayetteville","AR","USA","Intro","Reclamation","Turnover","And The Same","Interlude 1","Sieve-Fisted Find","Burning Too","Interlude 2","Margin Walker","Bad Mouth","Blueprint","Interlude 3","Styrofoam","Interlude 4","Runaway Return","Waiting Room","Give Me The Cure","Interlude 5","Two Beats Off","Repeater","Reprovisional","Encore 1","Shut the Door","Outro",NA,NA,NA,NA,NA,NA,NA,NA,NA,NA,NA,NA,NA,NA,NA,NA
"st-louis-mo-usa-61390","FLS0228","13/06/1990","1227","5",950,"Joey Picuri","Warren Russell-Smith","Cassette","Good","Ultraman, Dogfight",NA,"1990 Spring/Summer USA Tour","St. Louis","MO","USA","Intro","Reclamation Instrumental","Brendan #1","Sieve-Fisted Find","And The Same","Interlude 1","Margin Walker","Burning Too","Bulldog Front","Song #1","Blueprint","Shut the Door","Runaway Return","Suggestion","Give Me The Cure","Interlude 2","Two Beats Off","Repeater","Reprovisional","Encore 1","Lockdown","Bad Mouth","Waiting Room","Outro",NA,NA,NA,NA,NA,NA,NA,NA,NA,NA,NA,NA,NA,NA,NA,NA
"chicago-il-usa-61490","FLS0229","14/06/1990","Medusa","5",1000,"Joey Picuri","Fugazi","Cassette","Good","Trenchmouth",NA,"1990 Spring/Summer USA Tour","Chicago","IL","USA","Intro","Two Beats Off","Interlude 1","Sieve-Fisted Find","Repeater","Interlude 2","Waiting Room","Margin Walker","Song #1","Interlude 3","Blueprint","Interlude 4","Shut the Door","Interlude 5","Runaway Return","Interlude 6","Burning Too","Burning","Interlude 7","Bad Mouth","Interlude 8","Reprovisional","Encore 1","Suggestion","Give Me The Cure",NA,NA,NA,NA,NA,NA,NA,NA,NA,NA,NA,NA,NA,NA,NA
"waukesha-wi-usa-61590","FLS0230","15/06/1990","Waukesha Expo Center","5",300,"Joey Picuri","Warren Russell-Smith","Cassette","Poor","Trademark, ?","A last minute booking finds the band in a 5000 seat convention center playing to 300 people. Check the cavernous sound! Also, in an attempt to add levity to a challenging situation (and because there was a lottery wheel in the back-stage area) the band decides to let the set-list be dictated by lottery. The idea lasts about one song.","1990 Spring/Summer USA Tour","Waukesha","WI","USA","Intro","Waiting Room","Bad Mouth","Margin Walker","Song #1","Interlude 1","Blueprint","Merchandise","Sieve-Fisted Find","And The Same","Runaway Return","Interlude 2","Shut the Door","Turnover","Greed","Interlude 3","Two Beats Off","Repeater","Interlude 4","Reprovisional","Encore 1","Bulldog Front","Burning Too","Outro",NA,NA,NA,NA,NA,NA,NA,NA,NA,NA,NA,NA,NA,NA,NA,NA
"minneapolis-mn-usa-61690","FLS0231","16/06/1990","Avalon Theater","5",1100,"Joey Picuri","Warren Russell-Smith","Cassette","Good","Guilt Parade, Funseekers",NA,"1990 Spring/Summer USA Tour","Minneapolis","MN","USA","Intro","Reclamation","Sieve-Fisted Find","And The Same","Interlude 1","Turnover","Song #1","Margin Walker","Bad Mouth","Blueprint","Shut the Door","Interlude 2","Bulldog Front","Waiting Room","Suggestion","Give Me The Cure","Interlude 3","Two Beats Off","Repeater","Interlude 4","Reprovisional","Encore","Lockdown","Burning Too","Outro",NA,NA,NA,NA,NA,NA,NA,NA,NA,NA,NA,NA,NA,NA,NA
"green-bay-wi-usa-61890","FLS0232","18/06/1990","Howard Haus","5",400,"Joey Picuri","Warren Russell-Smith","Cassette","Poor","Nerve Circus, Jasmine Road Affair",NA,"1990 Spring/Summer USA Tour","Green Bay","WI","USA","Intro","Brendan #1","Greed","Sieve-Fisted Find","And The Same","Turnover","Interlude 1","Song #1","Margin Walker","Bad Mouth","Blueprint","Shut the Door","Interlude 2","Runaway Return","Interlude 3","Bulldog Front","Suggestion","Give Me The Cure","Interlude 4","Waiting Room","Reprovisional","Outro",NA,NA,NA,NA,NA,NA,NA,NA,NA,NA,NA,NA,NA,NA,NA,NA,NA,NA
"madison-wi-usa-61990","FLS0233","19/06/1990","Neighborhood House","5",400,"Joey Picuri","Jerry Busher","Cassette","Good","Fifteen, Eight Bark",NA,"1990 Spring/Summer USA Tour","Madison","WI","USA","Intro","Turnover","Reclamation","And The Same","Sieve-Fisted Find","Interlude 1","Burning Too","Interlude 2","Lockdown","Song #1","Interlude 3","Blueprint","Interlude 4","Shut the Door","Interlude 5","Runaway Return","Interlude 6","Suggestion","Give Me The Cure","Waiting Room","Outro",NA,NA,NA,NA,NA,NA,NA,NA,NA,NA,NA,NA,NA,NA,NA,NA,NA,NA,NA
"flint-mi-usa-62190","FLS0234","21/06/1990","Capitol Theater","5",400,"Joey Picuri","Warren Russell-Smith","Cassette","Good","Jawbox, Mondocane",NA,"1990 Spring/Summer USA Tour","Flint","MI","USA","Bad Mouth","Margin Walker","Song #1","Interlude 1","Blueprint","Shut the Door","Interlude 2","Runaway Return","And The Same","Waiting Room","Bulldog Front","Two Beats Off","Repeater","Reprovisional","Encore 1","Give Me The Cure","Burning Too","Outro",NA,NA,NA,NA,NA,NA,NA,NA,NA,NA,NA,NA,NA,NA,NA,NA,NA,NA,NA,NA,NA,NA
"detroit-mi-usa-62290","FLS0235","22/06/1990","St. Dominick's Church","5",700,"Joey Picuri","Warren Russell-Smith","Cassette","Poor","Jawbox, Hay","Power goes in and out at gig and interrupts the recording.","1990 Spring/Summer USA Tour","Detroit","MI","USA","Intro","Reclamation Instrumental","Greed","Interlude 1","Sieve-Fisted Find","And The Same","Margin Walker","Bad Mouth","Bulldog Front","Interlude 2","Blueprint","Shut the Door","Runaway Return","Interlude 3","Suggestion","Give Me The Cure","Interlude 4","Two Beats Off","Repeater","Reprovisional","Encore 1","Lockdown","Waiting Room","Outro",NA,NA,NA,NA,NA,NA,NA,NA,NA,NA,NA,NA,NA,NA,NA,NA
"ann-arbor-mi-usa-62390","FLS0236","23/06/1990","University of Michigan Ballrooom","5",450,"Joey Picuri","Warren Russell-Smith","Cassette","Poor","Ward, Phünhögg","Benefit for Women's Center","1990 Spring/Summer USA Tour","Ann Arbor","MI","USA","Intro","Brendan #1","Reclamation","Sieve-Fisted Find","Merchandise","Burning Too","Bulldog Front","Waiting Room","Interlude 1","Margin Walker","Blueprint","Styrofoam","Long Division","And The Same","Runaway Return","Interlude 2","Turnover","Interlude 3","Suggestion","Outro",NA,NA,NA,NA,NA,NA,NA,NA,NA,NA,NA,NA,NA,NA,NA,NA,NA,NA,NA,NA
"kalamazoo-mi-usa-62490","FLS0237","24/06/1990","Club Soda","5",380,"Joey Picuri","Warren Russell-Smith","Cassette","Good","Jawbox, Slap of Reality, Mannequin Hand",NA,"1990 Spring/Summer USA Tour","Kalamazoo","MI","USA","Intro","Sieve-Fisted Find","Merchandise","Turnover","Styrofoam","Interlude 1","Margin Walker","Song #1","Lockdown","Bad Mouth","Interlude 2","Blueprint","And The Same","Runaway Return","Interlude 3","Reclamation","Shut the Door","Interlude 4","Two Beats Off","Repeater","Interlude 5","Reprovisional","Encore 1","Waiting Room","Burning Too","Outro",NA,NA,NA,NA,NA,NA,NA,NA,NA,NA,NA,NA,NA,NA
"toledo-oh-usa-62590","FLS0238","25/06/1990","Masonic Auditorium","5",200,"Joey Picuri","Warren Russell-Smith","Cassette","Good","Clodhopper, Trenchmouth, Gangster Fun",NA,"1990 Spring/Summer USA Tour","Toledo","OH","USA","Intro","Blueprint","Greed","Sieve-Fisted Find","And The Same","Runaway Return","Bad Mouth","Margin Walker","Song #1","Interlude 1","Reclamation","Turnover","Interlude 2","Merchandise","Interlude 3","Shut the Door","Waiting Room","Interlude 4","Burning Too","Encore 1","Give Me The Cure","Outro",NA,NA,NA,NA,NA,NA,NA,NA,NA,NA,NA,NA,NA,NA,NA,NA,NA,NA
"louisville-ky-usa-62690","FLS0239","26/06/1990","Kentucky Theater","5",400,"Joey Picuri","Warren Russell-Smith","Cassette","Good","Crain",NA,"1990 Spring/Summer USA Tour","Louisville","KY","USA","Intro","Reclamation","Brendan #1","Interlude 1","Turnover","Styrofoam","Interlude 2","Sieve-Fisted Find","Burning Too","Bulldog Front","Song #1","Blueprint","Shut the Door","Runaway Return","Suggestion","Give Me The Cure","Interlude 3","Two Beats Off","Repeater","Interlude 4","Reprovisional","Encore 1","Margin Walker","Bad Mouth","Waiting Room","Outro",NA,NA,NA,NA,NA,NA,NA,NA,NA,NA,NA,NA,NA,NA
"dayton-oh-usa-62790","FLS0240","27/06/1990","Electrician's Hall","5",600,"Joey Picuri","Warren Russell-Smith","Cassette","Poor","Fifteen, Dryrot",NA,"1990 Spring/Summer USA Tour","Dayton","OH","USA","Intro","Blueprint","And The Same","Sieve-Fisted Find","Merchandise","Interlude 1","Margin Walker","Bad Mouth","Lockdown","Song #1","Interlude 2","Reclamation","Turnover","Interlude 2","Shut the Door","Runaway Return","Interlude 4","Glueman","Encore 1","Waiting Room","Break-In","Outro",NA,NA,NA,NA,NA,NA,NA,NA,NA,NA,NA,NA,NA,NA,NA,NA,NA,NA
"akron-oh-usa-62890","FLS0241","28/06/1990","Jackie Lee's Scooterz Entertainment Center","5",700,"Joey Picuri","Warren Russell-Smith","Cassette","Good","Holy Rollers, Hyper as Hell",NA,"1990 Spring/Summer USA Tour","Akron","OH","USA","Intro","Reclamation","Sieve-Fisted Find","Interlude 1","And The Same","Turnover","Styrofoam","Interlude 2","Burning Too","Lockdown","Song #1","Margin Walker","Interlude 3","Blueprint","Shut the Door","Interlude 4","Runaway Return","Merchandise","Interlude 5","Two Beats Off","Repeater","Reprovisional","Encore","Waiting Room","Give Me The Cure","Outro",NA,NA,NA,NA,NA,NA,NA,NA,NA,NA,NA,NA,NA,NA
"pittsburgh-pa-usa-62990","FLS0242","29/06/1990","Upstage Lounge","5",500,"Joey Picuri",NA,"Cassette","Good","210",NA,"1990 Spring/Summer USA Tour","Pittsburgh","PA","USA","Intro","Brendan #1","Interlude 1","Turnover","Merchandise","Interlude 2","Sieve-Fisted Find","Interlude 3","Greed","Interlude 4","Waiting Room","Margin Walker","Interlude 5","Song #1","Bulldog Front","Interlude 6","Blueprint","Shut the Door","Two Beats Off","Interlude 7","Runaway Return","Suggestion","Give Me The Cure","Encore 1","Reclamation","Repeater","Reprovisional","Outro",NA,NA,NA,NA,NA,NA,NA,NA,NA,NA,NA,NA
"morgantown-wv-usa-63090","FLS0243","30/06/1990","Machine Shop","5",250,"Joey Picuri","Warren Russell-Smith","Cassette","Good","One",NA,"1990 Spring/Summer USA Tour","Morgantown","WV","USA","Intro","Reclamation","Two Beats Off","Interlude 1","Repeater","Bad Mouth","Lockdown","Song #1","Interlude 2","Burning Too","Blueprint","Merchandise","Interlude 3","Runaway Return","Shut the Door","Sieve-Fisted Find","Interlude 4","Waiting Room","Margin Walker","Interlude 5","Suggestion","Give Me The Cure","Encore 1","Reprovisional","Outro",NA,NA,NA,NA,NA,NA,NA,NA,NA,NA,NA,NA,NA,NA,NA
"washington-dc-usa-70690","FLS0244","06/07/1990","St. Augustine's Church Hall","5",1300,"Joey Picuri","Warren Russell-Smith","Cassette","Good","Crash Worship, False Face Society","Benefit for Washington Free Clinic","1990 Summer Regional Dates","Washington","DC","USA","Opening Remarks","Exit Only","Two Beats Off","Repeater","Interlude 1","Turnover","Styrofoam","Sieve-Fisted Find","Interlude 2","Burning Too","Interlude 3","Margin Walker","Song #1","Interlude 4","Blueprint","Shut the Door","Runaway Return","Interlude 5","Reprovisional","Outro",NA,NA,NA,NA,NA,NA,NA,NA,NA,NA,NA,NA,NA,NA,NA,NA,NA,NA,NA,NA
"hoorn-netherlands-90190","FLS0245","01/09/1990","Troll","10 Gilders",450,"Joey Picuri","Warren Russell-Smith","Cassette","Good","Vernon Walters","So Much Hate from Norway were on the bill, but had to cancel due to an emergency. This was the Vernon Walters' last gig.","1990 Fall European Tour","Hoorn","","Netherlands","Intro","Reclamation","Sieve-Fisted Find","And The Same","Blueprint","Brendan #1","Merchandise","Interlude 1","Margin Walker","Bad Mouth","Interlude 2","Runaway Return","Styrofoam","Turnover","Interlude 3","Shut the Door","Interlude 4","Exit Only","Two Beats Off","Repeater","Reprovisional","Encore 1","Suggestion","Give Me The Cure","Encore 2","Waiting Room","Bulldog Front",NA,NA,NA,NA,NA,NA,NA,NA,NA,NA,NA,NA,NA
"groningen-netherlands-90390","FLS0246","03/09/1990","Vera","7.50 Gilders",460,"Joey Picuri","Warren Russell-Smith","Cassette","Poor",NA,NA,"1990 Fall European Tour","Groningen","","Netherlands","Intro","Reclamation","Sieve-Fisted Find","Greed","Interlude 1","Turnover","And The Same","Interlude 2","Margin Walker","Song #1","Bulldog Front","Bad Mouth","Interlude 3","Blueprint","Styrofoam","Long Division","Runaway Return","Merchandise","Interlude 4","Shut the Door","Two Beats Off","Interlude 5","Repeater","Reprovisional","Encore 1","Waiting Room","Burning","Burning Too","Encore 2","Exit Only","Brendan #1",NA,NA,NA,NA,NA,NA,NA,NA,NA
"amsterdam-netherlands-90490","FLS0247","04/09/1990","Paradiso","10 Gilders",1000,"Joey Picuri","Warren Russell-Smith","Cassette","Very Good","So Much Hate, Thatcher on Acid",NA,"1990 Fall European Tour","Amsterdam",NA,"Netherlands","Intro","Two Beats Off","Greed","Sieve-Fisted Find","Reclamation","Turnover","Interlude 1","Waiting Room","Margin Walker","Song #1","Interlude 2","Blueprint","Shut the Door","And The Same","Runaway Return","Promises","Exit Only","Repeater","Reprovisional","Encore 1","Suggestion","Give Me The Cure","Encore 2","Styrofoam","Brendan #1","Outro",NA,NA,NA,NA,NA,NA,NA,NA,NA,NA,NA,NA,NA,NA
"eindhoven-netherlands-90590","FLS0248","05/09/1990","Effenaar","10 Gilders",700,"Joey Picuri","Warren Russell-Smith","Cassette","Good","Thatcher On Acid",NA,"1990 Fall European Tour","Eindhoven",NA,"Netherlands","Soundcheck","Intro","Turnover","Greed","And The Same","Runaway Return","Sieve-Fisted Find","Burning Too","Bulldog Front","Waiting Room","Margin Walker","Interlude 1","Blueprint","Reclamation","Interlude 2","Shut the Door","Long Division","Brendan #1","Two Beats Off","Exit Only","Repeater","Reprovisional","Encore 1","Song #1","Lockdown","Encore 2","Glueman","Outro",NA,NA,NA,NA,NA,NA,NA,NA,NA,NA,NA,NA
"enschede-netherlands-90690","FLS0249","06/09/1990","Agoara University","10 Gilders",400,"Joey Picuri","Warren Russell-Smith","Cassette","Good","Thatcher on Acid",NA,"1990 Fall European Tour","Enschede","","Netherlands","Intro","Reclamation","Sieve-Fisted Find","Merchandise","Repeater","Turnover","Interlude 1","And The Same","Exit Only","Interlude 2","Song #1","Margin Walker","Bad Mouth","Interlude 3","Bulldog Front","Waiting Room","Interlude 4","Blueprint","Runaway Return","Shut the Door","Encore","Burning","Suggestion","Give Me The Cure","Outro",NA,NA,NA,NA,NA,NA,NA,NA,NA,NA,NA,NA,NA,NA,NA
"rotterdam-netherlands-90790","FLS0250","07/09/1990","Nighttown",NA,NA,"Joey Picuri","Warren Russell-Smith","Cassette","Good","Thatcher On Acid",NA,"1990 Fall European Tour","Rotterdam",NA,"Netherlands","Intro","Brendan #1","Greed","Turnover","Styrofoam","Sieve-Fisted Find","Reclamation","Bulldog Front","Burning Too","Break-In","Waiting Room","Long Division","Blueprint","Runaway Return","Merchandise","Two Beats Off","Repeater","Reprovisional","Encore 1","And The Same","Margin Walker","Bad Mouth","Encore 2","Promises","Exit Only","Outro",NA,NA,NA,NA,NA,NA,NA,NA,NA,NA,NA,NA,NA,NA
"wageningen-netherlands-90890","FLS0251","08/09/1990","Unitas",NA,NA,"Joey Picuri","Warren Russell-Smith","Cassette","Very Good","Thatcher On Acid, Les Rats, Pericolo Di Morte",NA,"1990 Fall European Tour","Wageningen","","Netherlands","Joe #1","And The Same","Sieve-Fisted Find","Greed","Turnover","Reclamation","Interlude 1","Lockdown","Burning Too","Bulldog Front","Waiting Room","Interlude 2","Blueprint","Merchandise","Runaway Return","Shut the Door","Encore 1","Exit Only","Two Beats Off","Repeater","Reprovisional","Outro",NA,NA,NA,NA,NA,NA,NA,NA,NA,NA,NA,NA,NA,NA,NA,NA,NA,NA
"bristol-england-91090","FLS0252","10/09/1990","Bierkeller",NA,650,"Joey Picuri","Warren Russell-Smith","Cassette","Good","Inside Out, Can't Decide",NA,"1990 Fall European Tour","Bristol","","England","Intro","Reclamation","Sieve-Fisted Find","Interlude","Greed","Turnover","And The Same","Interlude 2","Two Beats Off","Styrofoam","Interlude 3","Margin Walker","Bad Mouth","Interlude 4","Bulldog Front","Waiting Room","Long Division","Blueprint","Runaway Return","Interlude 5","Shut the Door","Encore 1","Repeater","Reprovisional","Outro",NA,NA,NA,NA,NA,NA,NA,NA,NA,NA,NA,NA,NA,NA,NA
"liverpool-england-91190","FLS0253","11/09/1990","Liverpool Polytechnic Canteen",NA,380,"Joey Picuri","Warren Russell-Smith","Cassette","Good","Drive, HDQ",NA,"1990 Fall European Tour","Liverpool","","England","Intro","Exit Only","Brendan #1","Merchandise","Interlude 1","Sieve-Fisted Find","Reclamation","Interlude 2","Turnover","Suggestion","Margin Walker","Burning Too","Waiting Room","Blueprint","Greed","Runaway Return","Repeater","Reprovisional","Encore 1","Bulldog Front","Shut the Door","Outro",NA,NA,NA,NA,NA,NA,NA,NA,NA,NA,NA,NA,NA,NA,NA,NA,NA,NA
"leeds-england-91290","FLS0254","12/09/1990","Irish Centre",NA,700,"Joey Picuri","Warren Russell-Smith","Cassette","Good","Nerverack, Slum Turkeys",NA,"1990 Fall European Tour","Leeds","","England","Intro","Reclamation","Two Beats Off","Merchandise","Interlude 1","Turnover","Interlude 2","Greed","And The Same","Interlude 3","Margin Walker","Bad Mouth","Interlude 4","Bulldog Front","Song #1","Blueprint","Interlude 5","Shut the Door","Runaway Return","Reprovisional","Encore 1","Exit Only","Repeater","Outro",NA,NA,NA,NA,NA,NA,NA,NA,NA,NA,NA,NA,NA,NA,NA,NA
"nottingham-england-91390","FLS0255","13/09/1990","Marcus Garvey Centre",NA,700,"Joey Picuri","Warren Russell-Smith","Cassette","Good","Crane, Insight, Sink",NA,"1990 Fall European Tour","Nottingham","","England","Intro","Turnover","And The Same","Sieve-Fisted Find","Reclamation","Merchandise","Lockdown","Waiting Room","Margin Walker","Burning Too","Long Division","Blueprint","Styrofoam","Interlude 1","Runaway Return","Two Beats Off","Repeater","Encore 1","Suggestion","Give Me The Cure","Outro",NA,NA,NA,NA,NA,NA,NA,NA,NA,NA,NA,NA,NA,NA,NA,NA,NA,NA,NA
"newcastle-england-91490","FLS0256","14/09/1990","Riverside",NA,600,"Joey Picuri","Jerry Busher","Cassette","Good","God's Ultimate Noise, Puppy Fat",NA,"1990 Fall European Tour","Newcastle","","England","Intro","Exit Only","Greed","And The Same","Sieve-Fisted Find","Interlude 1","Promises","Bulldog Front","Song #1","Interlude 2","Margin Walker","Waiting Room","Interlude 3","Reclamation","Interlude 4","Blueprint","Styrofoam","Runaway Return","Interlude 5","Shut the Door","Encore 1","Two Beats Off","Repeater","Reprovisional","Outro",NA,NA,NA,NA,NA,NA,NA,NA,NA,NA,NA,NA,NA,NA,NA
"edinburgh-scotland-91590","FLS0257","15/09/1990","Calton Studios",NA,700,"Joey Picuri",NA,"Cassette","Very Good","Dr. Phibes and the House of Wax Equations",NA,"1990 Fall European Tour","Edinburgh","","Scotland","Intro","Reclamation","Sieve-Fisted Find","Merchandise","Turnover","And The Same","Exit Only","Greed","Interlude 1","Margin Walker","Bad Mouth","Lockdown","Waiting Room","Long Division","Blueprint","Runaway Return","Suggestion","Give Me The Cure","Encore 1","Promises","Two Beats Off","Repeater","Outro",NA,NA,NA,NA,NA,NA,NA,NA,NA,NA,NA,NA,NA,NA,NA,NA,NA
"belfast-northern-ireland-91690","FLS0258","16/09/1990","Belfast Art College",NA,650,"Joey Picuri","Warren Russell-Smith","Cassette","Very Good","DFA, Unsound",NA,"1990 Fall European Tour","Belfast","","Northern Ireland","Intro","Reclamation","Sieve-Fisted Find","Merchandise","Interlude 1","Turnover","Brendan #1","And The Same","Margin Walker","Burning Too","Bulldog Front","Waiting Room","Blueprint","Interlude 2","Two Beats Off","Repeater","Reprovisional","Outro",NA,NA,NA,NA,NA,NA,NA,NA,NA,NA,NA,NA,NA,NA,NA,NA,NA,NA,NA,NA,NA,NA
"dublin-ireland-91790","FLS0259","17/09/1990","McGonagles",NA,800,"Joey Picuri","Warren Russell-Smith","Cassette","Good","Rhythmites, Therapy?",NA,"1990 Fall European Tour","Dublin","","Ireland","Intro","Blueprint","Greed","Brendan #1","Interlude 1","Sieve-Fisted Find","Interlude 2","Merchandise","Bulldog Front","Bad Mouth","Interlude 3","Margin Walker","Suggestion","Interlude 4","Two Beats Off","Repeater","Reprovisional","Outro",NA,NA,NA,NA,NA,NA,NA,NA,NA,NA,NA,NA,NA,NA,NA,NA,NA,NA,NA,NA,NA,NA
"birmingham-england-91890","FLS0260","18/09/1990","Goldwyns",NA,800,"Joey Picuri","Warren Russell-Smith","Cassette","Very Good","Spermbirds, Fudgetunnel",NA,"1990 Fall European Tour","Birmingham","","England","Intro","Merchandise","Sieve-Fisted Find","Reclamation","Turnover","Styrofoam","Interlude 1","Exit Only","Brendan #1","Waiting Room","Lockdown","Burning Too","Interlude 2","Blueprint","And The Same","Runaway Return","Promises","Encore","Suggestion","Give Me The Cure","Outro",NA,NA,NA,NA,NA,NA,NA,NA,NA,NA,NA,NA,NA,NA,NA,NA,NA,NA,NA
"london-england-91990","FLS0261","19/09/1990","Kilburn National",NA,2500,"Joey Picuri","Warren Russell-Smith","Cassette","Very Good","Silverfish, Didgets",NA,"1990 Fall European Tour","London","","England","Intro","Exit Only","Brendan #1","And The Same","Interlude 1","Turnover","Interlude 2","Merchandise","Reclamation","Sieve-Fisted Find","Interlude 3","Song #1","Margin Walker","Burning Too","Waiting Room","Blueprint","Runaway Return","Interlude 4","Shut the Door","Encore","Two Beats Off","Repeater","Interlude 5","Reprovisional","Outro",NA,NA,NA,NA,NA,NA,NA,NA,NA,NA,NA,NA,NA,NA,NA
"herne-bay-england-92090","FLS0262","20/09/1990","King's Hall",NA,350,"Joey Picuri","Warren Russell-Smith","Cassette","Good","ATV",NA,"1990 Fall European Tour","Herne Bay","","England","Soundcheck","Intro","Joe #1","Greed","Interlude 1","Turnover","Merchandise","Sieve-Fisted Find","And The Same","Reclamation","Exit Only","Interlude 2","Suggestion","Interlude 3","Blueprint","Interlude 4","Runaway Return","Long Division","Styrofoam","Interlude 5","Waiting Room","Interlude 6","Glueman","Encore","Two Beats Off","Repeater","Reprovisional","Outro",NA,NA,NA,NA,NA,NA,NA,NA,NA,NA,NA,NA
"geel-belgium-92290","FLS0263","22/09/1990","De Bogaerd","330 BF",400,"Joey Picuri","Warren Russell-Smith","Cassette","Very Good","Alice Donut",NA,"1990 Fall European Tour","Geel","","Belgium","Intro","Reclamation","Sieve-Fisted Find","Greed","Turnover","Interlude 1","Styrofoam","Exit Only","Promises","Interlude 2","Lockdown","Bad Mouth","Margin Walker","Waiting Room","Long Division","Blueprint","Interlude 3","Runaway Return","Interlude 4","Shut the Door","And The Same","Encore","Two Beats Off","Repeater","Reprovisional","Outro",NA,NA,NA,NA,NA,NA,NA,NA,NA,NA,NA,NA,NA,NA
"aalst-belgium-92390","FLS0264","23/09/1990","Netwerk",NA,600,"Joey Picuri","Warren Russell-Smith","Cassette","Good","Alice Donut",NA,"1990 Fall European Tour","Aalst","","Belgium","Intro","Turnover","Brendan #1","Merchandise","Sieve-Fisted Find","And The Same","Interlude 1","Bulldog Front","Burning Too","Interlude 2","Suggestion","Interlude 3","Reclamation","Blueprint","Shut the Door","Two Beats Off","Reprovisional","Encore","Styrofoam","Interlude 4","Runaway Return","Repeater","Outro",NA,NA,NA,NA,NA,NA,NA,NA,NA,NA,NA,NA,NA,NA,NA,NA,NA
"bremen-germany-92590","FLS0265","25/09/1990","Schlachthof","12 DM",1300,"Joey Picuri","Jerry Busher","Cassette","Good","So Much Hate",NA,"1990 Fall European Tour","Bremen","","Germany","Intro","Reclamation","Sieve-Fisted Find","Merchandise","Turnover","And The Same","Exit Only","Song #1","Margin Walker","Bad Mouth","Waiting Room","Long Division","Blueprint","Styrofoam","Runaway Return","Promises","Interlude 1","Shut the Door","Encore 1","Bulldog Front","Burning Too","Encore 2","Two Beats Off","Repeater","Reprovisional","Outro",NA,NA,NA,NA,NA,NA,NA,NA,NA,NA,NA,NA,NA,NA
"hamburg-germany-92690","FLS0266","26/09/1990","Fabrik","12 DM",1000,"Joey Picuri","Warren Russell-Smith","Cassette","Good","So Much Hate",NA,"1990 Fall European Tour","Hamburg","","Germany","Two Beats Off","Merchandise","Sieve-Fisted Find","Repeater","Exit Only","Reclamation","Lockdown","Waiting Room","Burning","Burning Too","Blueprint","Shut the Door","Runaway Return","Styrofoam","Encore","Suggestion","Encore 2","And The Same","Reprovisional","Outro",NA,NA,NA,NA,NA,NA,NA,NA,NA,NA,NA,NA,NA,NA,NA,NA,NA,NA,NA,NA
"copenhagen-denmark-92790","FLS0267","27/09/1990","Ungdomshuset","35 D.Kroner",500,"Joey Picuri","Warren Russell-Smith","Cassette","Good","Ravings, False Prophets, MDC, 2000 DS",NA,"1990 Fall European Tour","Copenhagen","","Denmark","Intro","Joe #1","Sieve-Fisted FInd","Merchandise","Turnover","Styrofoam","Two Beats Off","Reclamation","Margin Walker","Burning Too","Suggestion","Give Me The Cure","Interlude 1","Promises","Blueprint","Shut the Door","Encore 1","Exit Only","Repeater","Interlude 2","Reprovisional","Outro",NA,NA,NA,NA,NA,NA,NA,NA,NA,NA,NA,NA,NA,NA,NA,NA,NA,NA
"oslo-norway-92890","FLS0268","28/09/1990","Blitz","35 N Kroner",500,"Joey Picuri","Warren Russell-Smith","Cassette","Good","Life But How to Live It",NA,"1990 Fall European Tour","Oslo","","Norway","Intro","Joe #1","And The Same","Sieve-Fisted Find","Merchandise","Turnover","Reclamation","Waiting Room","Margin Walker","Bad Mouth","Interlude 1","Bulldog Front","Song #1","Blueprint","Runaway Return","Shut the Door","Encore 1","Two Beats Off","Repeater","Reprovisional","Outro",NA,NA,NA,NA,NA,NA,NA,NA,NA,NA,NA,NA,NA,NA,NA,NA,NA,NA,NA
"tromso-norway-92990","FLS0269","29/09/1990","Brigga Lillero Cafe",NA,150,"Joey Picuri","Jerry Busher","Cassette","Good","Life But How to Live It","500 miles above the Artic Circle!","1990 Fall European Tour","Tromso","","Norway","Intro","Brendan #1","Greed","Interlude 1","And The Same","Sieve-Fisted Find","Merchandise","Interlude 2","Turnover","Reclamation","Interlude 3","Margin Walker","Burning Too","Interlude 4","Give Me The Cure","Waiting Room","Blueprint","Styrofoam","Interlude 5","Two Beats Off","Interlude 6","Repeater","Encore 1","Exit Only","Long Division","Reprovisional","Interlude 7","Song #1","Outro",NA,NA,NA,NA,NA,NA,NA,NA,NA,NA,NA
"trondheim-norway-93090","FLS0270","30/09/1990","UFFA",NA,250,"Joey Picuri","Warren Russell-Smith","Cassette","Good","Life But How to Live It",NA,"1990 Fall European Tour","Trondheim","","Norway","Intro","Turnover","Merchandise","Styrofoam","Interlude 1","Sieve-Fisted Find","Reclamation","Waiting Room","Lockdown","Bad Mouth","Interlude 2","Margin Walker","Blueprint","And The Same","Two Beats Off","Repeater","Encore 1","Greed","Long Division","Reprovisional","Outro",NA,NA,NA,NA,NA,NA,NA,NA,NA,NA,NA,NA,NA,NA,NA,NA,NA,NA,NA
"gavle-sweden-100190","FLS0271","01/10/1990","Cafe Q","50 S Kroner",60,"Joey Picuri","Warren Russell-Smith","Cassette","Good","Steve Pops",NA,"1990 Fall European Tour","Gavle","","Sweden","Merchandise","Sieve-Fisted Find","Reclamation","Interlude 1","Turnover","Styrofoam","Latin Roots","Burning Too","Margin Walker","Bad Mouth","Waiting Room","Interlude 2","Blueprint","Interlude 3","Runaway Return","Interlude 4","Shut the Door","Encore 1","Two Beats Off","Long Division","Repeater","Reprovisional","Outro",NA,NA,NA,NA,NA,NA,NA,NA,NA,NA,NA,NA,NA,NA,NA,NA,NA
"linkoping-sweden-100290","FLS0272","02/10/1990","Rock Lamour","50",110,"Joey Picuri","Warren Russell-Smith","Cassette","Very Good","Fisheye","Featuring Burning Too sung in Swedish by Johanna Rosenqvist, an audience member, as well as plenty of laughs.","1990 Fall European Tour","Linkoping","","Sweden","Intro","Exit Only","Greed","Interlude 1","Turnover","And The Same","Sieve-Fisted Find","Reclamation","Interlude 2","Waiting Room","Interlude 3","Burning Too","Interlude 4","Margin Walker","Bad Mouth","Interlude 5","Promises","Latin Roots","Blueprint","Styrofoam","Two Beats Off","Interlude 6","Reprovisional","Encore 1","Runaway Return","Interlude 6","Merchandise","Encore 2","Long Division","Repeater","Outro",NA,NA,NA,NA,NA,NA,NA,NA,NA
"pila-poland-100490","FLS0273","04/10/1990","Sports Gym",NA,700,"Joey Picuri","Warren Russell-Smith","Cassette","Good","Alliance, Collaborators",NA,"1990 Fall European Tour","Pila","","Poland","Intro","Brendan #1","Merchandise","Sieve-Fisted Find","Reclamation","Turnover","And The Same","Interlude 1","Runaway Return","Interlude 2","Waiting Room","Margin Walker","Bad Mouth","Burning","Long Division","Blueprint","Interlude 3","Styrofoam","Interlude 4","Shut the Door","Encore","Two Beats Off","Repeater","Reprovisional","Outro",NA,NA,NA,NA,NA,NA,NA,NA,NA,NA,NA,NA,NA,NA,NA
"warsaw-poland-100590","FLS0274","05/10/1990","Karuzela University",NA,450,"Joey Picuri","Jerry Busher","Cassette","Poor","Collaborators","This gig was preceded by an attack by a large gang of skinheads that left a number of people injured. The promoters and band decided to go forward with the show to make the point we would resist letting violence derail music.","1990 Fall European Tour","Warsaw","","Poland","Joe #1","Intro","Reclamation","Turnover","Merchandise","Sieve-Fisted Find","And The Same","Song #1","Bulldog Front","Burning Too","Interlude 1","Waiting Room","Blueprint","Two Beats Off","Repeater","Interlude 2","Reprovisional","Encore 1","Runaway Return","Promises","Outro",NA,NA,NA,NA,NA,NA,NA,NA,NA,NA,NA,NA,NA,NA,NA,NA,NA,NA,NA
"zgorzelec-poland-100690","FLS0275","06/10/1990","Cultural Center / Military Museum",NA,600,"Joey Picuri","Warren Russell-Smith","Cassette","Good","Collaborators",NA,"1990 Fall European Tour","Zgorzelec","","Poland","Intro","Turnover","Reclamation","Merchandise","Interlude 1","Sieve-Fisted Find","And The Same","Styrofoam","Interlude 2","Runaway Return","Interlude 3","Margin Walker","Waiting Room","Suggestion","Interlude 4","Long Division","Blueprint","Interlude 5","Shut the Door","Encore 1","Exit Only","Promises","Two Beats Off","Repeater","Reprovisional","Outro",NA,NA,NA,NA,NA,NA,NA,NA,NA,NA,NA,NA,NA,NA
"berlin-germany-100790","FLS0276","07/10/1990","Neue Welt","12 DM",2000,"Joey Picuri","Warren Russell-Smith","Cassette","Good","Urge",NA,"1990 Fall European Tour","Berlin","","Germany","Intro","Turnover","Merchandise","Sieve-Fisted Find","Reclamation","And The Same","Margin Walker","Burning Too","Bulldog Front","Waiting Room","Long Division","Blueprint","Interlude 1","Styrofoam","Interlude 2","Runaway Return","Interlude 3","Shut the Door","Encore 1","Song #1","Suggestion","Encore 2","Two Beats Off","Repeater","Reprovisional","Outro",NA,NA,NA,NA,NA,NA,NA,NA,NA,NA,NA,NA,NA,NA
"bielefeld-germany-100890","FLS0277","08/10/1990","PC 69","12 DM",1800,"Joey Picuri","Fugazi","Cassette","Very Good","Urge, Flexx","Previously released on CD (FLS03)","1990 Fall European Tour","Bielefeld","","Germany","Greed","Brendan #1","Sieve-Fisted Find","Styrofoam","Turnover","Give Me The Cure","Waiting Room","Margin Walker","Bad Mouth","Reclamation","Intro","Merchandise","Runaway Return","And The Same","Long Division","Blueprint","Break-In","Song #1","Burning Too","Exit Only",NA,NA,NA,NA,NA,NA,NA,NA,NA,NA,NA,NA,NA,NA,NA,NA,NA,NA,NA,NA
"hannover-germany-100990","FLS0278","09/10/1990","Glocksee","12 DM",800,"Joey Picuri","Warren Russell-Smith","Cassette","Very Good","Urge",NA,"1990 Fall European Tour","Hannover","","Germany","Blueprint","Greed","Exit Only","Merchandise","Two Beats Off","Reclamation","Interlude 1","Lockdown","Burning Too","Bulldog Front","Waiting Room","Interlude 2","Turnover","Styrofoam","Runaway Return","Promises","Interlude 3","Sieve-Fisted Find","Encore 1","Long Division","Shut the Door","Encore 2","Glueman","Outro",NA,NA,NA,NA,NA,NA,NA,NA,NA,NA,NA,NA,NA,NA,NA,NA
"oberhausen-germany-101090","FLS0279","10/10/1990","Music Circus","12 DM",1500,"Joey Picuri","Warren Russell-Smith","Cassette","Good","Urge",NA,"1990 Fall European Tour","Oberhausen","","Germany","Intro","Merchandise","Two Beats Off","And The Same","Sieve-Fisted Find","Reclamation","Turnover","Margin Walker","Bad Mouth","Burning","Waiting Room","Burning Too","Interlude 1","Blueprint","Styrofoam","Interlude 2","Exit Only","Repeater","Reprovisional","Encore","Promises","Runaway Return","Shut the Door","Outro",NA,NA,NA,NA,NA,NA,NA,NA,NA,NA,NA,NA,NA,NA,NA,NA
"wurzburg-germany-101190","FLS0280","11/10/1990","Rock Palace","12 DM",500,"Joey Picuri","Warren Russell-Smith","Cassette","Very Good","Urge",NA,"1990 Fall European Tour","Wurzburg","","Germany","Intro","Reclamation","Sieve-Fisted Find","Merchandise","Turnover","Greed","Break-In","Song #1","Margin Walker","Burning Too","Long Division","Blueprint","Styrofoam","Two Beats Off","Shut the Door","Encore 1","Exit Only","Repeater","Reprovisional","Encore 2","Give Me The Cure","Bad Mouth","Encore 3","Latin Roots","Waiting Room","Outro",NA,NA,NA,NA,NA,NA,NA,NA,NA,NA,NA,NA,NA,NA
"mainz-germany-101290","FLS0281","12/10/1990","Eltzerhof","12 DM",1100,"Joey Picuri","Warren Russell-Smith","Cassette","Very Good","Urge",NA,"1990 Fall European Tour","Mainz","","Germany","Intro","Turnover","Brendan #1","Greed","Reclamation","Sieve-Fisted Find","Styrofoam","Bulldog Front","Waiting Room","Margin Walker","Suggestion","Give Me The Cure","Blueprint","Merchandise","Runaway Return","Shut the Door","Encore 1","Exit Only","Two Beats Off","Repeater","Reprovisional","Encore 2","Break-In","Burning Too","Outro",NA,NA,NA,NA,NA,NA,NA,NA,NA,NA,NA,NA,NA,NA,NA
"stuttgart-germany-101390","FLS0282","13/10/1990","Altes Feuerwehrhaus","12 DM",1000,"Joey Picuri","Warren Russell-Smith","Cassette","Good","Urge",NA,"1990 Fall European Tour","Stuttgart","","Germany","Soundcheck","Intro","Reclamation","Sieve-Fisted Find","Merchandise","Interlude 1","Runaway Return","And The Same","Turnover","Interlude 2","Burning Too","Margin Walker","Song #1","Bulldog Front","Waiting Room","Long Division","Blueprint","Styrofoam","Promises","Encore 1","Exit Only","Two Beats Off","Repeater","Shut the Door","Reprovisional","Outro",NA,NA,NA,NA,NA,NA,NA,NA,NA,NA,NA,NA,NA,NA
"munich-germany-101490","FLS0283","14/10/1990","Theaterfabrik","12 DM",1400,"Joey Picuri","Jerry Busher","Cassette","Very Good","Urge, NoNoYesNo",NA,"1990 Fall European Tour","Munich","","Germany","Intro","Reclamation","Turnover","Merchandise","Greed","Two Beats Off","Styrofoam","Interlude 1","Sieve-Fisted Find","Interlude 2","Song #1","Lockdown","Bad Mouth","Margin Walker","Waiting Room","Long Division","Blueprint","Runaway Return","Shut the Door","Encore 1","Exit Only","Repeater","Reprovisional","Outro",NA,NA,NA,NA,NA,NA,NA,NA,NA,NA,NA,NA,NA,NA,NA,NA
"ulm-germany-101690","FLS0284","16/10/1990","Roxy","12 DM",700,"Joey Picuri","Warren Russell-Smith","Cassette","Good","Urge",NA,"1990 Fall European Tour","Ulm","","Germany","Styrofoam","Sieve-Fisted Find","Reclamation","Turnover","And The Same","Margin Walker","Bad Mouth","Break-In","Waiting Room","Long Division","Blueprint","Merchandise","Runaway Return","Shut the Door","Encore 1","Two Beats Off","Repeater","Reprovisional","Outro",NA,NA,NA,NA,NA,NA,NA,NA,NA,NA,NA,NA,NA,NA,NA,NA,NA,NA,NA,NA,NA
"zurich-switzerland-101790","FLS0285","17/10/1990","Rote Fabrik","10 SW FR",1300,"Joey Picuri","Warren Russell-Smith","Cassette","Good","Urge",NA,"1990 Fall European Tour","Zurich",NA,"Switzerland","Intro","Greed","Brendan #1","Merchandise","Sieve-Fisted Find","Reclamation","Turnover","Interlude 1","Song #1","Interlude 2","Bulldog Front","Burning Too","Burning","Waiting Room","Blueprint","Long Division","Styrofoam","Runaway Return","Shut the Door","Encore 1","Suggestion","Two Beats Off","Repeater","Reprovisional","Encore 2","Give Me The Cure","Bad Mouth","Outro",NA,NA,NA,NA,NA,NA,NA,NA,NA,NA,NA,NA
"dornbirn-austria-101890","FLS0286","18/10/1990","Stadt Halle","100 AS",450,"Joey Picuri","Warren Russell-Smith","Cassette","Very Good","Urge, Seven Sioux",NA,"1990 Fall European Tour","Dornbirn","","Austria","Intro","Blueprint","Styrofoam","Turnover","And The Same","Sieve-Fisted Find","Reclamation","Two Beats Off","Waiting Room","Margin Walker","Bad Mouth","Lockdown","Burning Too","Merchandise","Exit Only","Repeater","Reprovisional","Encore 1","Suggestion","Give Me The Cure","Outro",NA,NA,NA,NA,NA,NA,NA,NA,NA,NA,NA,NA,NA,NA,NA,NA,NA,NA,NA
"wels-austria-101990","FLS0287","19/10/1990","Schlachthof","100 AS",700,"Joey Picuri","Warren Russell-Smith","Cassette","Very Good","Urge",NA,"1990 Fall European Tour","Wels","","Austria","Intro","Brendan #1","Merchandise","Sieve-Fisted Find","Reclamation","Interlude 1","Runaway Return","Greed","Interlude 2","Styrofoam","Interlude 3","Margin Walker","Song #1","Bulldog Front","Waiting Room","Long Division","Blueprint","And The Same","Interlude 4","Two Beats Off","Interlude 5","Repeater","Interlude 6","Reprovisional","Encore 1","Turnover","Shut the Door","Encore 2","Burning","Burning Too",NA,NA,NA,NA,NA,NA,NA,NA,NA,NA
"vienna-austria-102090","FLS0288","20/10/1990","Arena","100 AS",1000,"Joey Picuri","Warren Russell-Smith","Cassette","Very Good","Urge, Seven Souix, No Fish On Friday",NA,"1990 Fall European Tour","Vienna","","Austria","Intro","Styrofoam","Turnover","Interlude 1","And The Same","Interlude 2","Runaway Return","Merchandise","Interlude 3","Sieve-Fisted Find","Reclamation","Interlude 4","Break-In","Song #1","Interlude 5","Margin Walker","Bad Mouth","Waiting Room","Long Division","Blueprint","Interlude 6","Shut the Door","Encore","Promises","Two Beats Off","Repeater","Interlude 7","Reprovisional","Outro",NA,NA,NA,NA,NA,NA,NA,NA,NA,NA,NA
"ljubljana-yugoslavia-102190","FLS0289","21/10/1990","University Student Center","12 Marks",800,"Joey Picuri","Warren Russell-Smith","Cassette","Very Good","It s Not For Sale",NA,"1990 Fall European Tour","Ljubljana","","Yugoslavia","Intro","Turnover","Greed","Reclamation","Sieve-Fisted Find","Styrofoam","Interlude 1","Runaway Return","And The Same","Interlude 2","Lockdown","Burning Too","Interlude 3","Suggestion","Give Me The Cure","Waiting Room","Bulldog Front","Long Division","Blueprint","Merchandise","Interlude 4","Two Beats Off","Repeater","Reprovisional","Encore 1","Promises","Burning","Bad Mouth","Encore 2","Exit Only","Shut the Door","Outro",NA,NA,NA,NA,NA,NA,NA,NA
"zagreb-yugoslavia-102290","FLS0290","22/10/1990","Galleria","15 Marks",450,"Joey Picuri","Warren Russell-Smith","Cassette","Very Good","Urge",NA,"1990 Fall European Tour","Zagreb",NA,"Yugoslavia","Intro","Reclamation","Sieve-Fisted Find","Greed","Turnover","Styrofoam","Interlude 1","Runaway Return","Burning Too","Margin Walker","Bad Mouth","Bulldog Front","Waiting Room","Promises","Blueprint","Two Beats Off","Interlude 2","Shut the Door","Encore","Repeater","Exit Only","Long Division","Reprovisional","Outro",NA,NA,NA,NA,NA,NA,NA,NA,NA,NA,NA,NA,NA,NA,NA,NA
"udine-italy-102490","FLS0291","24/10/1990","Ala Rock","10,000 Lira",250,"Joey Picuri","Warren Russell-Smith","Cassette","Very Good","Bambine","""Uh, thanks. Everything's broken.""","1990 Fall European Tour","Udine","","Italy","Intro","Turnover","Styrofoam","Interlude 1","Sieve-Fisted Find","Reclamation","Interlude 2","Promises","Runaway Return","Interlude 3","Burning Too","Bulldog Front","Song #1","Lockdown","Waiting Room","Long Division","Blueprint","Merchandise","Shut the Door","Encore","Two Beats Off","Repeater","Outro",NA,NA,NA,NA,NA,NA,NA,NA,NA,NA,NA,NA,NA,NA,NA,NA,NA
"milano-italy-102590","FLS0292","25/10/1990","Leoncavallo","5000 Lira",1000,"Joey Picuri","Warren Russell-Smith","Cassette","Very Good",NA,"""Stop, drop, and roll.""","1990 Fall European Tour","Milan","","Italy","Opening Remarks","Merchandise","Sieve-Fisted Find","Styrofoam","Reclamation","Interlude 1","Turnover","And The Same","Interlude 2","Promises","Interlude 3","Runaway Return","Song #1","Bad Mouth","Interlude 4","Break-In","Interlude 5","Waiting Room","Interlude 6","Blueprint","Interlude 7","Latin Roots","Interlude 8","Shut the Door","Encore","Two Beats Off","Repeater","Reprovisional",NA,NA,NA,NA,NA,NA,NA,NA,NA,NA,NA,NA
"bologna-italy-102690","FLS0293","26/10/1990","Fabrikka","7000 Lira",1000,"Joey Picuri","Warren Russell-Smith","Cassette","Good",NA,NA,"1990 Fall European Tour","Bologna",NA,"Italy","Intro","Greed","Brendan #1","Merchandise","Interlude 1","Sieve-Fisted Find","Reclamation","Interlude 2","Turnover","Styrofoam","Interlude 3","Runaway Return","Burning Too","Margin Walker","Suggestion","Give Me The Cure","Waiting Room","Interlude 4","Blueprint","Shut the Door","Encore","Promises",NA,NA,NA,NA,NA,NA,NA,NA,NA,NA,NA,NA,NA,NA,NA,NA,NA,NA
"rome-italy-102790","FLS0294","27/10/1990","Forte Prenestino",NA,NA,"ANON","Warren Russell-Smith","Cassette","Good","Ratos Del Porão","Power outages and sing-alongs! The people serenade the band with ""Volare"".","1990 Fall European Tour","Rome","","Italy","Intro","Merchandise","Turnover","Greed","Interlude 1","Shut the Door","Sieve-Fisted Find","Reclamation","Interlude 2","Lockdown","Burning Too","Interlude 3","Bulldog Front","Bad Mouth","Margin Walker","Waiting Room","Interlude 4","Two Beats Off","Interlude 5","Long Division","Blueprint","Interlude 6","Repeater","Reprovisional","Encore","Suggestion","Glueman","Outro",NA,NA,NA,NA,NA,NA,NA,NA,NA,NA,NA,NA
"pisa-italy-102890","FLS0295","28/10/1990","Macchia Nera","6000 Lira",600,"Joey Picuri","Warren Russell-Smith","Cassette","Very Good",NA,NA,"1990 Fall European Tour","Pisa","","Italy","Intro","Turnover","Styrofoam","Reclamation","Sieve-Fisted Find","Merchandise","Interlude 1","Runaway Return","Interlude 2","Song #1","Margin Walker","Bad Mouth","Give Me The Cure","Waiting Room","Interlude 3","Long Division","Blueprint","Shut the Door","Encore","Exit Only","Promises","Repeater","Reprovisional","Outro",NA,NA,NA,NA,NA,NA,NA,NA,NA,NA,NA,NA,NA,NA,NA,NA
"torino-italy-102990","FLS0296","29/10/1990","Hiroshima","5000 Lira",400,"Joey Picuri","Warren Russell-Smith","Cassette","Good",NA,NA,"1990 Fall European Tour","Torino",NA,"Italy","Intro","Styrofoam","Sieve-Fisted Find","Reclamation","Interlude 1","Turnover","Greed","Interlude 2","And The Same","Runaway Return","Burning Too","Margin Walker","Bad Mouth","Bulldog Front","Waiting Room","Long Division","Blueprint","Merchandise","Interlude 3","Latin Roots","Shut the Door","Encore","Promises","Two Beats Off","Repeater","Interlude 4","Reprovisional","Outro",NA,NA,NA,NA,NA,NA,NA,NA,NA,NA,NA,NA
"lyon-france-103090","FLS0297","30/10/1990","Salle des Fetes","50FR",500,"Joey Picuri","Warren Russell-Smith","Cassette","Good","G.I. Love, Victim s Family",NA,"1990 Fall European Tour","Lyon","","France","Merchandise","Interlude 1","Styrofoam","Sieve-Fisted Find","Reclamation","Interlude 2","Turnover","Interlude 3","Shut the Door","Interlude 4","Lockdown","Burning Too","Bulldog Front","Song #1","Interlude 5","Waiting Room","Long Division","Blueprint","Runaway Return","Promises","Encore","Exit Only","And The Same","Interlude 6","Two Beats Off","Repeater","Reprovisional","Outro",NA,NA,NA,NA,NA,NA,NA,NA,NA,NA,NA,NA
"barcelona-spain-110190","FLS0298","01/11/1990","KGB","500PS",600,"Joey Picuri","Jerry Busher","Cassette","Very Good",NA,NA,"1990 Fall European Tour","Barcelona",NA,"Spain","Intro","Brendan #1","Merchandise","Sieve-Fisted Find","Styrofoam","Interlude 1","Turnover","Interlude 2","Reclamation","Runaway Return","Song #1","Lockdown","Burning Too","Interlude 3","Margin Walker","Bad Mouth","Interlude 4","Break-In","Waiting Room","Long Division","Blueprint","Greed","Interlude 5","Shut the Door","Encore 1","Exit Only","Promises","Two Beats Off","Repeater","Reprovisional",NA,NA,NA,NA,NA,NA,NA,NA,NA,NA
"bordeaux-france-110290","FLS0299","02/11/1990","Club Jimmy","50FR",300,"Joey Picuri","Warren Russell-Smith","Cassette","Good",NA,NA,"1990 Fall European Tour","Bordeaux",NA,"France","Intro","Merchandise","Interlude 1","Sieve-Fisted Find","Interlude 2","Reclamation","And The Same","Interlude 3","Turnover","Greed","Interlude 4","Runaway Return","Interlude 5","Burning Too","Interlude 6","Margin Walker","Bad Mouth","Bulldog Front","Waiting Room","Long Division","Blueprint","Styrofoam","Interlude 7","Two Beats Off","Repeater","Interlude 8","Reprovisional","Encore","Suggestion","Give Me The Cure","Song #1","Outro",NA,NA,NA,NA,NA,NA,NA,NA
"poitiers-france-110390","FLS0300","03/11/1990","Le Confort Moderne","40FR",500,"Joey Picuri","Warren Russell-Smith","Cassette","Very Good","Parkinson Square",NA,"1990 Fall European Tour","Poitiers","","France","Two Beats Off","Styrofoam","Sieve-Fisted Find","Repeater","Reclamation","Interlude 1","Turnover","Interlude 2","Merchandise","Runaway Return","And The Same","Song #1","Margin Walker","Bad Mouth","Interlude 3","Burning","Burning Too","Interlude 4","Waiting Room","Interlude 5","Long Division","Blueprint","Interlude 6","Shut the Door","Encore 1","Exit Only","Promises","Reprovisional","Encore 2","Suggestion","Give Me The Cure","Outro",NA,NA,NA,NA,NA,NA,NA,NA
"riec-sur-belon-france-110490","FLS0301","04/11/1990","Kergon Forte","40FR",100,"Joey Picuri","Warren Russell-Smith","Cassette","Good",NA,NA,"1990 Fall European Tour","Sur Belon","","France","Intro","Merchandise","Interlude 1","Turnover","Reclamation","Sieve-Fisted Find","Interlude 2","And The Same","Interlude 3","Runaway Return","Styrofoam","Interlude 4","Brendan #1","Greed","Interlude 5","Waiting Room","Bulldog Front","Burning Too","Long Division","Blueprint","Two Beats Off","Repeater","Encore","Shut the Door","Reprovisional","Outro",NA,NA,NA,NA,NA,NA,NA,NA,NA,NA,NA,NA,NA,NA
"paris-france-110590","FLS0302","05/11/1990","Espace Ornano","50FR",500,"Joey Picuri","Warren Russell-Smith","Cassette","Good","Dirty Districts",NA,"1990 Fall European Tour","Paris","","France","Styrofoam","Sieve-Fisted Find","Reclamation","Interlude 1","Turnover","Interlude 2","Two Beats Off","Repeater","Interlude 3","Lockdown","Burning Too","Margin Walker","Bad Mouth","Interlude 4","Bulldog Front","Waiting Room","Interlude 5","Long Division","Blueprint","Merchandise","Interlude 6","Runaway Return","Interlude 7","Shut the Door","Encore 1","Exit Only","Promises","Reprovisional","Encore 2","Suggestion","Give Me The Cure","Outro",NA,NA,NA,NA,NA,NA,NA,NA
"nancy-france-110690","FLS0303","06/11/1990","Terminal Export",NA,NA,"Joey Picuri","Fugazi","Cassette","Very Good",NA,"Previously released on CD (FLS04)","1990 Fall European Tour","Nancy","","France","Intro","Merchandise","Turnover","Reclamation","And The Same","Sieve-Fisted Find","Greed","Latin Roots","Styrofoam","Two Beats Off","Interlude 1","Waiting Room","Margin Walker","Bad Mouth","Lockdown","Long Division","Blueprint","Runaway Return","Promises","Interlude 2","Exit Only","Repeater","Reprovisional",NA,NA,NA,NA,NA,NA,NA,NA,NA,NA,NA,NA,NA,NA,NA,NA,NA
"amsterdam-netherlands-110790","FLS0304","07/11/1990","Paradiso",NA,1200,"Joey Picuri","Warren Russell-Smith","Cassette","Very Good","The Ex","Benefit for ?","1990 Fall European Tour","Amsterdam","","Netherlands","Intro","Long Division","Blueprint","Reclamation","Sieve-Fisted Find","Merchandise","Interlude 1","Latin Roots","Interlude 2","And The Same","Turnover","Interlude 3","Suggestion","Interlude 4","Bulldog Front","Bad Mouth","Margin Walker","Waiting Room","Interlude 5","Two Beats Off","Interlude 6","Shut the Door","Encore","Runaway Return","Promises","Exit Only","Repeater","Reprovisional","Outro",NA,NA,NA,NA,NA,NA,NA,NA,NA,NA,NA
"lorton-va-usa-122690","FLS0305","26/12/1990","Lorton Correctional Facility","Free",100,"Joey Picuri","Jerry Busher","Cassette","Very Good",NA,"Prison gig.","1990 Fall/Winter Regional Dates","Lorton","VA","USA","Opening Remarks","Intro","Brendan #1","Merchandise","Sieve-Fisted Find","Reclamation","Interlude 1","Turnover","Interlude 2","And The Same","Two Beats Off","Interlude 3","Long Division","Blueprint","Interlude 4","Exit Only","Repeater","Interlude 5","Reprovisional",NA,NA,NA,NA,NA,NA,NA,NA,NA,NA,NA,NA,NA,NA,NA,NA,NA,NA,NA,NA,NA
"washington-dc-usa-10291","FLS0306","02/01/1991","9:30 Club","5",500,"Joey Picuri","Warren Russell-Smith","Cassette","Good","Autoclave","Benefit for Whitman-Walker Clinic","1991 Winter/Spring Regional Dates","Washington","DC","USA","Opening Remarks","Intro","Long Division","Blueprint","Interlude 1","Two Beats Off","Greed","Exit Only","And The Same","Interlude 2","Dear Justice Letter","Styrofoam","Sieve-Fisted Find","Reclamation","Interlude 3","Turnover","Interlude 4","Shut the Door","Latin Roots","Interlude 5","Merchandise","Promises","Interlude 6","Give Me The Cure","Encore","Runaway Return","Repeater","Reprovisional","Outro",NA,NA,NA,NA,NA,NA,NA,NA,NA,NA,NA
"washington-dc-usa-10391","FLS0307","03/01/1991","9:30 Club","5",500,"Joey Picuri","Warren Russell-Smith","Cassette","Good","Unrest","Benefit for Whitman-Walker Clinic","1991 Winter/Spring Regional Dates","Washington","DC","USA","Opening Remarks","Exit Only","Brendan #1","Merchandise","Interlude 1","Sieve-Fisted Find","Reclamation","Interlude 2","Dear Justice Letter","And The Same","Interlude 3","Latin Roots","Burning Too","Song #1","Give Me The Cure","Long Division","Blueprint","Interlude 4","Styrofoam","Two Beats Off","Interlude 5","Shut the Door","Encore","Promises","Runaway Return","Repeater","Outro",NA,NA,NA,NA,NA,NA,NA,NA,NA,NA,NA,NA,NA
"washington-dc-usa-11291","FLS0308","12/01/1991","Lafayette Park","Free",1500,"Joey Picuri","Warren Russell-Smith","Cassette","Good",NA,"Gulf War Protest Show that was featured in the Instrument documentary.","1991 Winter/Spring Regional Dates","Washington","DC","USA","Intro","Brendan #1","Merchandise","Reclamation","Interlude 1","Turnover","And The Same","Interlude 2","Dear Justice Letter","Interlude 3","KYEO","Long Division","Blueprint","Remarks","Two Beats Off","Repeater","Interlude 4","Burning Too","Outro",NA,NA,NA,NA,NA,NA,NA,NA,NA,NA,NA,NA,NA,NA,NA,NA,NA,NA,NA,NA,NA
"washington-dc-usa-21591","FLS0309","15/02/1991","Sacred Heart Church Hall","5",1300,"Joey Picuri","Warren Russell-Smith","Cassette","Very Good","Nation of Ulysses, Admiral","Benefit for Salvadoran Bank Collapse","1991 Winter/Spring Regional Dates","Washington","DC","USA","Opening Remarks","Dear Justice Letter","Greed","Interlude 1","Two Beats Off","Merchandise","Interlude 2","Latin Roots","Interlude 3","Stacks","Sieve-Fisted Find","Reclamation","Interlude 4","Burning","Bad Mouth","Suggestion","Long Division","Blueprint","KYEO","Encore","Runaway Return","Exit Only","Repeater","Reprovisional","Outro",NA,NA,NA,NA,NA,NA,NA,NA,NA,NA,NA,NA,NA,NA,NA
"richmond-va-usa-22091","FLS0310","20/02/1991","Twisters","5",500,"Joey Picuri","Warren Russell-Smith","Cassette","Very Good","Breadwinner, Coral",NA,"1991 Winter/Spring Regional Dates","Richmond","VA","USA","Intro","Turnover","Merchandise","Interlude 1","Latin Roots","Styrofoam","Interlude 2","Dear Justice Letter","Reclamation","Interlude 3","Sieve-Fisted Find","And The Same","Interlude 4","KYEO","Margin Walker","Burning Too","Interlude 5","Bulldog Front","Interlude 6","Promises","Nice New Outfit","Long Division","Blueprint","Outro",NA,NA,NA,NA,NA,NA,NA,NA,NA,NA,NA,NA,NA,NA,NA,NA
"philadelphia-pa-usa-30291","FLS0311","02/03/1991","Drexel University","5",1800,"Joey Picuri","Warren Russell-Smith","Cassette","Good","Youth Tsunami, Random Children","Featuring a rowdy crowd and a PA that bursts into flames!","1991 Winter/Spring East Coast USA Tour","Philadelphia","PA","USA","Intro","Opening Remarks","Reclamation","Turnover","Interlude 1","And The Same","Two Beats Off","Merchandise","Interlude 2","Dear Justice Letter","Interlude 3","Burning Too","Bulldog Front","Song #1","Interlude 4","Long Division","Blueprint","Interlude 5","Exit Only","Repeater","Reprovisional","Interlude 6","Waiting Room","Give Me The Cure","Outro",NA,NA,NA,NA,NA,NA,NA,NA,NA,NA,NA,NA,NA,NA,NA
"lancaster-pa-usa-30391","FLS0312","03/03/1991","Chameleon","5",600,"Joey Picuri","Warren Russell-Smith","Cassette","Very Good","Admiral, Brom Bones",NA,"1991 Winter/Spring East Coast USA Tour","Lancaster","PA","USA","Long Division","Blueprint","Merchandise","Interlude 1","Dear Justice Letter","Greed","Sieve-Fisted Find","Reclamation","Interlude 2","Waiting Room","Lockdown","Bad Mouth","Interlude 3","Two Beats Off","KYEO","Runaway Return","Styrofoam","Interlude 4","Nice New Outfit","Interlude 5","Promises","Encore","Latin Roots","Repeater","Exit Only","Shut the Door","Outro",NA,NA,NA,NA,NA,NA,NA,NA,NA,NA,NA,NA,NA
"new-york-ny-usa-30491","FLS0313","04/03/1991","Marquee","5",1100,"Joey Picuri","Jerry Busher","Cassette","Very Good","The Deviators",NA,"1991 Winter/Spring East Coast USA Tour","New York","NY","USA","Intro","Turnover","Interlude 1","Merchandise","Dear Justice Letter","Reclamation","Sieve-Fisted Find","Interlude 2","Styrofoam","Interlude 3","Two Beats Off","Interlude 4","Waiting Room","Margin Walker","Bad Mouth","Interlude 5","Exit Only","Long Division","Blueprint","Interlude 6","Repeater","Reprovisional","Encore 1","Shut the Door","Runaway Return","Interlude 7","KYEO","Latin Roots","Promises","Outro",NA,NA,NA,NA,NA,NA,NA,NA,NA,NA
"new-york-ny-usa-30591","FLS0314","05/03/1991","Marquee","5",1100,"Joey Picuri","Warren Russell-Smith","Cassette","Good","Beat Happening",NA,"1991 Winter/Spring East Coast USA Tour","New York","NY","USA","Intro","Exit Only","Greed","Sieve-Fisted Find","Reclamation","Interlude 1","Dear Justice Letter","Shut the Door","Two Beats Off","Suggestion","Give Me The Cure","Interlude 2","Song #1","Interlude 3","Long Division","Blueprint","Interlude 4","Merchandise","Interlude 5","Repeater","Encore","Waiting Room","Burning Too","Glueman","Outro",NA,NA,NA,NA,NA,NA,NA,NA,NA,NA,NA,NA,NA,NA,NA
"hoboken-nj-usa-30691","FLS0315","06/03/1991","Maxwell's","5",200,"Joey Picuri","Warren Russell-Smith","Cassette","Very Good","Beat Happening",NA,"1991 Winter/Spring East Coast USA Tour","Hoboken","NJ","USA","Intro","Polish","Sieve-Fisted Find","Merchandise","Interlude 1","Latin Roots","Interlude 2","Styrofoam","Two Beats Off","Interlude 3","KYEO","Burning","Bad Mouth","Interlude 4","Margin Walker","Burning Too","Long Division","Blueprint","Interlude 5","Stacks","Exit Only","Reclamation","Interlude 6","Runaway Return","Promises","Encore","Repeater","Reprovisional","Glueman",NA,NA,NA,NA,NA,NA,NA,NA,NA,NA,NA
"storrs-ct-usa-30791","FLS0316","07/03/1991","University of Connecticut","5",700,"Joey Picuri","Warren Russell-Smith","Cassette","Good","Beat Happening, Nation of Ulysses, Autoclave","Polish finally makes its first appearance on the website! Listen as the band contends with a sectional stage coming apart while they play.","1991 Winter/Spring East Coast USA Tour","Storrs","CT","USA","Brendan #1","Interlude 1","Dear Justice Letter","Merchandise","Two Beats Off","Interlude 2","Polish","Interlude 3","Sieve-Fisted Find","Reclamation","Interlude 4","Shut the Door","Exit Only","Suggestion","Margin Walker","Burning Too","Interlude 5","Latin Roots","Styrofoam","Turnover","Promises","Outro",NA,NA,NA,NA,NA,NA,NA,NA,NA,NA,NA,NA,NA,NA,NA,NA,NA,NA
"amherst-ma-usa-30991","FLS0317","09/03/1991","University of Massachusetts","5",1000,"Joey Picuri","Warren Russell-Smith","Cassette","Very Good","The Brood, ZuZu's Pedals","Benefit for Necessities","1991 Winter/Spring East Coast USA Tour","Amherst","MA","USA","Opening Remarks","Reclamation","Sieve-Fisted Find","Styrofoam","Turnover","And The Same","Dear Justice Letter","Merchandise","Interlude 1","Margin Walker","Waiting Room","Lockdown","Long Division","Blueprint","Interlude 2","Exit Only","Repeater","Reprovisional","Encore 1","Two Beats Off","Shut the Door","Outro",NA,NA,NA,NA,NA,NA,NA,NA,NA,NA,NA,NA,NA,NA,NA,NA,NA,NA
"latham-ny-usa-31091","FLS0318","10/03/1991","Saratoga Winners","5",850,"Joey Picuri","Warren Russell-Smith","Cassette","Poor","Sweet Lizard Illtet, Spit Pope","There is a fair amount of distortion on this recording.","1991 Winter/Spring East Coast USA Tour","Latham","NY","USA","Intro","Exit Only","Merchandise","Interlude 1","Sieve-Fisted Find","Reclamation","Interlude 2","Runaway Return","Styrofoam","Interlude 3","Bulldog Front","Burning Too","Interlude 4","Margin Walker","Song #1","Interlude 5","Long Division","Blueprint","Interlude 6","Stacks","Two Beats Off","Interlude 7","Promises","Interlude 8","Repeater","Reprovisional","Encore","KYEO","Dear Justice Letter","Suggestion","Give Me The Cure","Outro",NA,NA,NA,NA,NA,NA,NA,NA
"buffalo-ny-usa-31191","FLS0319","11/03/1991","Buffalo State College","5",750,"Joey Picuri","Jerry Busher","Cassette","Good","Quicksand",NA,"1991 Winter/Spring East Coast USA Tour","Buffalo","NY","USA","Intro","Joe #1","Sieve-Fisted Find","Reclamation","Interlude 1","Dear Justice Letter","Styrofoam","Interlude 2","Two Beats Off","Merchandise","Interlude 3","Margin Walker","Bad Mouth","Lockdown","Interlude 4","Waiting Room","Long Division","Blueprint","KYEO","Turnover","Interlude 5","Shut the Door","Encore 1","Exit Only","Repeater","Reprovisional","Outro",NA,NA,NA,NA,NA,NA,NA,NA,NA,NA,NA,NA,NA
"syracuse-ny-usa-31291","FLS0320","12/03/1991","Syracuse University","5",800,"Joey Picuri","Warren Russell-Smith","Cassette","Good","Quicksand, Wiggle Posse","Benefit for Animal Rights Group","1991 Winter/Spring East Coast USA Tour","Syracuse","NY","USA","Intro","Stacks","Merchandise","Turnover","Interlude 1","Two Beats Off","Promises","Latin Roots","Styrofoam","Interlude 2","Sieve-Fisted Find","Reclamation","Song #1","Bulldog Front","Suggestion","Exit Only","Repeater","Encore 1","Waiting Room","Margin Walker","Burning Too","Outro",NA,NA,NA,NA,NA,NA,NA,NA,NA,NA,NA,NA,NA,NA,NA,NA,NA,NA
"burlington-vt-usa-31491","FLS0321","14/03/1991","The Border","5",450,"Joey Picuri","Warren Russell-Smith","Cassette","Good","Black Hairy Tongue",NA,"1991 Winter/Spring East Coast USA Tour","Burlington","VT","USA","Intro","Turnover","Styrofoam","Interlude 1","Sieve-Fisted Find","Reclamation","Latin Roots","Merchandise","Give Me The Cure","Song #1","Margin Walker","Waiting Room","Long Division","Blueprint","Interlude 2","Two Beats Off","Shut the Door","Encore 1","KYEO","Exit Only","Repeater","Reprovisional","Outro",NA,NA,NA,NA,NA,NA,NA,NA,NA,NA,NA,NA,NA,NA,NA,NA,NA
"portland-me-usa-31591","FLS0322","15/03/1991","Zootz","5",400,"Joey Picuri","Warren Russell-Smith","Cassette","Good","Vampire Lesbos",NA,"1991 Winter/Spring East Coast USA Tour","Portland","ME","USA","Intro","Brendan #1","Merchandise","Sieve-Fisted Find","And The Same","Interlude 1","Dear Justice Letter","Two Beats Off","Interlude 2","Waiting Room","Margin Walker","Burning Too","Interlude 3","Blueprint","KYEO","Exit Only","Repeater","Reprovisional","Encore 1","Suggestion","Give Me The Cure","Outro",NA,NA,NA,NA,NA,NA,NA,NA,NA,NA,NA,NA,NA,NA,NA,NA,NA,NA
"worcester-ma-usa-31691","FLS0323","16/03/1991","WAG","5",400,"Joey Picuri","Warren Russell-Smith","Cassette","Very Good","Bad Art Ensemble, Busting Out","Benefit for Worcester Common Ground","1991 Winter/Spring East Coast USA Tour","Worcester","MA","USA","Intro","Greed","Sieve-Fisted Find","Reclamation","Joe #1","Turnover","Merchandise","Interlude 1","Dear Justice Letter","Interlude 2","Styrofoam","Margin Walker","Burning Too","Interlude 3","Bulldog Front","Waiting Room","Interlude 4","Two Beats Off","KYEO","Exit Only","Shut the Door","Encore 1","Runaway Return","Blueprint","Repeater","Outro",NA,NA,NA,NA,NA,NA,NA,NA,NA,NA,NA,NA,NA,NA
"boston-ma-usa-31791","FLS0324","17/03/1991","Channel","5",1750,"Joey Picuri","Warren Russell-Smith","Cassette","Good","Seven League Boots, Eye For An Eye",NA,"1991 Winter/Spring East Coast USA Tour","Boston","MA","USA","Intro","Reclamation","Sieve-Fisted Find","Styrofoam","Turnover","Merchandise","Two Beats Off","Waiting Room","Margin Walker","Suggestion","KYEO","Blueprint","Encore 1","Repeater","Reprovisional","Outro",NA,NA,NA,NA,NA,NA,NA,NA,NA,NA,NA,NA,NA,NA,NA,NA,NA,NA,NA,NA,NA,NA,NA,NA
"providence-ri-usa-31891","FLS0325","18/03/1991","Church House Inn","5",500,"Joey Picuri","Warren Russell-Smith","Cassette","Good","Seven League Boots, Uber Alles","Another open-mic version of Suggestion... do the people have something to say?","1991 Winter/Spring East Coast USA Tour","Providence","RI","USA","Intro","Brendan #1","Greed","Interlude 1","Latin Roots","Styrofoam","Sieve-Fisted Find","Reclamation","Dear Justice Letter","Stacks","Burning Too","Lockdown","Song #1","Give Me The Cure","Interlude 2","Waiting Room","Long Division","Blueprint","Exit Only","Repeater","Encore 1","Suggestion","Glueman","Outro",NA,NA,NA,NA,NA,NA,NA,NA,NA,NA,NA,NA,NA,NA,NA,NA
"trenton-nj-usa-31991","FLS0326","19/03/1991","City Gardens","5",1100,"Joey Picuri","Warren Russell-Smith","Cassette","Good","Ween",NA,"1991 Winter/Spring East Coast USA Tour","Trenton","NJ","USA","Intro","Turnover","Greed","Interlude 1","Latin Roots","Interlude 2","Merchandise","Interlude 3","Sieve-Fisted Find","Reclamation","Interlude 4","Margin Walker","Bad Mouth","Interlude 5","Lockdown","Interlude 6","Waiting Room","Interlude 7","Styrofoam","Interlude 8","Two Beats Off","Interlude 9","Shut the Door","Encore","Long Division","Blueprint","Exit Only","Repeater","Interlude 10","Reprovisional","Outro",NA,NA,NA,NA,NA,NA,NA,NA,NA
"washington-dc-usa-41291","FLS0327","12/04/1991","Sacred Heart Church Hall","5",1350,"Joey Picuri","Warren Russell-Smith","Cassette","Good","Autoclave, Cringer, Citizen Fish","Benefit for Washington Peace Center/Alternative Media","1991 Spring Regional Dates","Washington","DC","USA","Opening Remarks","Steady Diet","Exit Only","Reclamation","Interlude 1","Nice New Outfit","Interlude 2","Stacks","Interlude 3","Latin Roots","Long Division","Runaway Return","Interlude 4","Polish","Interlude 5","Dear Justice Letter","Blueprint","Dear Justice Letter","KYEO","Blueprint","Shut the Door","Glueman","Outro",NA,NA,NA,NA,NA,NA,NA,NA,NA,NA,NA,NA,NA,NA,NA,NA,NA
"new-york-ny-usa-42091","FLS0328","20/04/1991","Columbia University","Free",1000,"Joey Picuri","Warren Russell-Smith","Cassette","Very Good","Desiderata",NA,"1991 Spring Regional Dates","New York","NY","USA","Exit Only","Reclamation","Sieve-Fisted Find","Merchandise","Interlude 1","Nice New Outfit","Polish","Two Beats Off","Long Division","Blueprint","Brendan #1","Runaway Return","Interlude 2","KYEO","Interlude 3","Latin Roots","Shut the Door","Encore 1","Song #1","Lockdown","Bad Mouth","Glueman","Outro",NA,NA,NA,NA,NA,NA,NA,NA,NA,NA,NA,NA,NA,NA,NA,NA,NA
"virginia-beach-va-usa-50191","FLS0329","01/05/1991","Peppermint Beach Club","5",900,"Joey Picuri","Warren Russell-Smith","Cassette","Good","Buzzard, False Sacrament",NA,"1991 Spring USA Tour","Virginia Beach","VA","USA","Intro","Turnover","Greed","Interlude 1","Dear Justice Letter","Interlude 2","Reclamation","Sieve-Fisted Find","Merchandise","Interlude 3","Margin Walker","Waiting Room","Burning","Burning Too","Long Division","Blueprint","Exit Only","Interlude 4","Repeater","Reprovisional","Interlude 5","Two Beats Off","Shut the Door","Outro",NA,NA,NA,NA,NA,NA,NA,NA,NA,NA,NA,NA,NA,NA,NA,NA
"greensboro-nc-usa-50291","FLS0330","02/05/1991","Miracle House","5",250,"Joey Picuri","Warren Russell-Smith","Cassette","Good","Well Nigh Forgotten","Benefit for Women's Shelter","1991 Spring USA Tour","Greensboro","NC","USA","Intro","Nice New Outfit","Styrofoam","Interlude 1","Runaway Return","Merchandise","Interlude 2","Sieve-Fisted Find","Reclamation","Lockdown","Suggestion","Give Me The Cure","Polish","Two Beats Off","Long Division","Blueprint","KYEO","Encore 1","Exit Only","Repeater","Reprovisional","Outro",NA,NA,NA,NA,NA,NA,NA,NA,NA,NA,NA,NA,NA,NA,NA,NA,NA,NA
"chapel-hill-nc-usa-50391","FLS0331","03/05/1991","Cat's Cradle","5",600,"Joey Picuri","Warren Russell-Smith","Cassette","Good","Superchunk, Sebadoh",NA,"1991 Spring USA Tour","Chapel Hill","NC","USA","Intro","Steady Diet","Reclamation","Sieve-Fisted Find","Greed","Runaway Return","Long Division","Blueprint","Interlude 1","Two Beats Off","Merchandise","Break-In","Bad Mouth","Waiting Room","Latin Roots","Styrofoam","Interlude 2","Dear Justice Letter","Promises","Encore 1","Exit Only","Repeater","Reprovisional","Outro",NA,NA,NA,NA,NA,NA,NA,NA,NA,NA,NA,NA,NA,NA,NA,NA
"charlotte-nc-usa-50491","FLS0332","04/05/1991","Milestone","5",400,"Joey Picuri","Warren Russell-Smith","Cassette","Good","Sebadoh",NA,"1991 Spring USA Tour","Charlotte","NC","USA","Intro","Brendan #1","Greed","Interlude 1","Nice New Outfit","Interlude 2","Styrofoam","Dear Justice Letter","Reclamation","Interlude 3","Give Me The Cure","Suggestion","Burning","Interlude 4","Stacks","Two Beats Off","Interlude 5","Shut the Door","Encore 1","KYEO","Exit Only","Repeater","Outro",NA,NA,NA,NA,NA,NA,NA,NA,NA,NA,NA,NA,NA,NA,NA,NA,NA
"knoxville-tn-usa-50591","FLS0333","05/05/1991","Flamingo","5",300,"Joey Picuri","Warren Russell-Smith","Cassette","Good","Whitey",NA,"1991 Spring USA Tour","Knoxville","TN","USA","Intro","Joe #1","Merchandise","Interlude 1","Turnover","And The Same","Latin Roots","Styrofoam","Margin Walker","Song #1","Bulldog Front","Waiting Room","Long Division","Blueprint","Reclamation","Two Beats Off","Promises","Encore 1","KYEO","Dear Justice Letter","Shut the Door","Outro",NA,NA,NA,NA,NA,NA,NA,NA,NA,NA,NA,NA,NA,NA,NA,NA,NA,NA
"nashville-tn-usa-50791","FLS0334","07/05/1991","Cannery","5",400,"Joey Picuri","Warren Russell-Smith","Cassette","Good","Clockhammer",NA,"1991 Spring USA Tour","Nashville","TN","USA","Intro","Turnover","Styrofoam","Dear Justice Letter","Merchandise","Runaway Return","Reclamation","Sieve-Fisted Find","Interlude 1","Waiting Room","Margin Walker","Burning Too","Long Division","Two Beats Off","Repeater","Reprovisional","Encore 1","KYEO","Exit Only","Brendan #1","Outro",NA,NA,NA,NA,NA,NA,NA,NA,NA,NA,NA,NA,NA,NA,NA,NA,NA,NA,NA
"huntsville-al-usa-50891","FLS0335","08/05/1991","Carriage House Inn","5",650,"Joey Picuri","Jerry Busher","Cassette","Poor","OCB, Random Conflict","Duplicate Recording?","1991 Spring USA Tour","Huntsville","AL","USA","Intro","Brendan #1","Greed","Sieve-Fisted Find","Reclamation","Interlude 1","Two Beats Off","Styrofoam","Interlude 2","Margin Walker","Waiting Room","Outro",NA,NA,NA,NA,NA,NA,NA,NA,NA,NA,NA,NA,NA,NA,NA,NA,NA,NA,NA,NA,NA,NA,NA,NA,NA,NA,NA,NA
"columbia-sc-usa-51091","FLS0336","10/05/1991","Rockefella's","5",500,"Joey Picuri","Warren Russell-Smith","Cassette","Good","Bedlam Hour",NA,"1991 Spring USA Tour","Columbia","SC","USA","Intro","Joe #1","Styrofoam","Turnover","Stacks","Sieve-Fisted Find","Merchandise","Interlude 1","Margin Walker","Bad Mouth","Bulldog Front","Waiting Room","Long Division","Blueprint","Interlude 2","Shut the Door","Encore 1","Two Beats Off","Repeater","Reprovisional","Outro",NA,NA,NA,NA,NA,NA,NA,NA,NA,NA,NA,NA,NA,NA,NA,NA,NA,NA,NA
"athens-ga-usa-51191","FLS0337","11/05/1991","40 Watt","5",700,"Joey Picuri","Warren Russell-Smith","Cassette","Good","Porn Orchard",NA,"1991 Spring USA Tour","Athens","GA","USA","Intro","Steady Diet","Exit Only","Merchandise","Dear Justice Letter","Reclamation","Interlude 1","Two Beats Off","Interlude 2","Burning Too","Give Me The Cure","Waiting Room","Lockdown","Long Division","Runaway Return","KYEO","Blueprint","Styrofoam","Interlude 3","Shut the Door","Encore 1","Latin Roots Acapella","Promises","Reprovisional","Outro",NA,NA,NA,NA,NA,NA,NA,NA,NA,NA,NA,NA,NA,NA,NA
"atlanta-ga-usa-51291","FLS0338","12/05/1991","Masquerade","5",1700,"Joey Picuri","Jerry Busher","Cassette","Good","Fiddlehead, Daisy",NA,"1991 Spring USA Tour","Atlanta","GA","USA","Intro","Turnover","Greed","Interlude 1","Latin Roots","Interlude 2","Reclamation","Interlude 3","Sieve-Fisted Find","Styrofoam","Styrofoam","Margin Walker","Song #1","Interlude 4","Bulldog Front","Waiting Room","Interlude 5","Two Beats Off","Interlude 6","KYEO","Exit Only","Repeater","Encore 1","Suggestion",NA,NA,NA,NA,NA,NA,NA,NA,NA,NA,NA,NA,NA,NA,NA,NA
"savannah-ga-usa-51391","FLS0339","13/05/1991","Sun","5",200,"Joey Picuri","Warren Russell-Smith","Cassette","Good","Slow Worm, Snout",NA,"1991 Spring USA Tour","Savannah","GA","USA","Intro","Brendan #1","Merchandise","Interlude 1","Nice New Outfit","Interlude 2","Reclamation","Sieve-Fisted Find","Promises","Interlude 3","Latin Roots","Styrofoam","Long Division","Blueprint","Stacks","Two Beats Off","Shut the Door","Interlude 4","Dear Justice Letter","Repeater","Outro",NA,NA,NA,NA,NA,NA,NA,NA,NA,NA,NA,NA,NA,NA,NA,NA,NA,NA,NA
"jacksonville-fl-usa-51491","FLS0340","14/05/1991","Milk Bar","5",700,"Joey Picuri","Warren Russell-Smith","Cassette","Good",NA,NA,"1991 Spring USA Tour","Jacksonville","FL","USA","Intro","Sieve-Fisted Find","Joe #1","Reclamation","Turnover","Merchandise","Interlude 1","Dear Justice Letter","Shut the Door","Margin Walker","Bad Mouth","Interlude 2","Give Me The Cure","Waiting Room","Long Division","Blueprint","Two Beats Off","Repeater","Encore 1","Exit Only","Styrofoam","Reprovisional","Outro",NA,NA,NA,NA,NA,NA,NA,NA,NA,NA,NA,NA,NA,NA,NA,NA,NA
"tampa-fl-usa-51591","FLS0341","15/05/1991","Ritz","5",1150,"Joey Picuri","Warren Russell-Smith","Cassette","Very Good","Dirt",NA,"1991 Spring USA Tour","Tampa","FL","USA","Intro","Brendan #1","Greed","Latin Roots","Merchandise","Interlude 1","Sieve-Fisted Find","Reclamation","Bulldog Front","Song #1","Lockdown","Waiting Room","Interlude 2","KYEO","Blueprint","Styrofoam","Runaway Return","Promises","Encore 1","Two Beats Off","Repeater","Reprovisional","Outro",NA,NA,NA,NA,NA,NA,NA,NA,NA,NA,NA,NA,NA,NA,NA,NA,NA
"miami-fl-usa-51691","FLS0342","16/05/1991","Cameo Theater","5",1390,"Joey Picuri","Warren Russell-Smith","Cassette","Good","Funkhouser, Believers","Listen as the bouncers and the knuckleheads in the audience compete to see who can cause more trouble!","1991 Spring USA Tour","Miami","FL","USA","Intro","Reclamation","Sieve-Fisted Find","Greed","Interlude 1","Turnover","And The Same","Interlude 2","Dear Justice Letter","Interlude 3","Burning Too","Margin Walker","Suggestion","Give Me The Cure","Waiting Room","Long Division","Blueprint","Shut the Door","Encore 1","Exit Only","Repeater","Styrofoam","Outro",NA,NA,NA,NA,NA,NA,NA,NA,NA,NA,NA,NA,NA,NA,NA,NA,NA
"orlando-fl-usa-51791","FLS0343","17/05/1991","Beacham Theater","5",1400,"Joey Picuri","Warren Russell-Smith","Cassette","Good","Adventures of Immortality, Dirt",NA,"1991 Spring USA Tour","Orlando","FL","USA","Intro","Stacks","Sieve-Fisted Find","Reclamation","Turnover","Merchandise","Interlude 1","Margin Walker","Bad Mouth","Bulldog Front","Interlude 2","Song #1","Waiting Room","Long Division","Runaway Return","Promises","Two Beats Off","Encore 1","Exit Only","KYEO","Shut the Door","Outro",NA,NA,NA,NA,NA,NA,NA,NA,NA,NA,NA,NA,NA,NA,NA,NA,NA,NA
"gainesville-fl-usa-51891","FLS0344","18/05/1991","Club Demolition","5",500,"Joey Picuri","Warren Russell-Smith","Cassette","Good","Strong Box",NA,"1991 Spring USA Tour","Gainesville","FL","USA","Intro","Joe #1","Greed","Interlude 1","Sieve-Fisted Find","Interlude 2","Promises","Turnover","Interlude 3","Reclamation","Interlude 4","Styrofoam","Give Me The Cure","Suggestion","Long Division","Blueprint","Repeater","Encore 1","Exit Only","Runaway Return","Reprovisional","Outro",NA,NA,NA,NA,NA,NA,NA,NA,NA,NA,NA,NA,NA,NA,NA,NA,NA,NA
"pensacola-fl-usa-52091","FLS0345","20/05/1991","Nite Owl","5",650,"Joey Picuri","Warren Russell-Smith","Cassette","Poor","Quit",NA,"1991 Spring USA Tour","Pensacola","FL","USA","Intro","Nice New Outfit","Merchandise","Interlude 1","Sieve-Fisted Find","Reclamation","Latin Roots","Styrofoam","Lockdown","Burning Too","Margin Walker","Waiting Room","Long Division","Blueprint","KYEO","Two Beats Off","Shut the Door","Encore 1","Exit Only","Repeater","Reprovisional","Outro",NA,NA,NA,NA,NA,NA,NA,NA,NA,NA,NA,NA,NA,NA,NA,NA,NA,NA
"birmingham-al-usa-52191","FLS0346","21/05/1991","Tuxedo Junction","5",365,"Joey Picuri","Warren Russell-Smith","Cassette","Good","Hardy Har Har","Featuring the one-time attempt of our 'Two for Tuesday' gag. No one appeared to notice, so we shelved the idea.","1991 Spring USA Tour","Birmingham","AL","USA","Joe #1","And The Same","Runaway Return","Greed","Sieve-Fisted Find","Merchandise","Margin Walker","Suggestion","Give Me The Cure","Long Division","Blueprint","Exit Only","Promises","Encore 1","Two Beats Off","Repeater","Waiting Room","Break-In","Outro",NA,NA,NA,NA,NA,NA,NA,NA,NA,NA,NA,NA,NA,NA,NA,NA,NA,NA,NA,NA,NA
"memphis-tn-usa-52291","FLS0347","22/05/1991","Antennae Club","5",480,"Joey Picuri","Warren Russell-Smith","Cassette","Good","Grifters",NA,"1991 Spring USA Tour","Memphis","TN","USA","Intro","Steady Diet","Blueprint","Reclamation","Sieve-Fisted Find","Merchandise","Interlude 1","Dear Justice Letter","Stacks","Latin Roots","Song #1","Waiting Room","Bulldog Front","Long Division","Promises","Exit Only","Repeater","Encore 1","Styrofoam","Two Beats Off",NA,NA,NA,NA,NA,NA,NA,NA,NA,NA,NA,NA,NA,NA,NA,NA,NA,NA,NA,NA
"little-rock-ar-usa-52391","FLS0348","23/05/1991","Vino's","5",283,"Joey Picuri","Warren Russell-Smith","Cassette","Poor","Trusty",NA,"1991 Spring USA Tour","Little Rock","AR","USA","Brendan #1","Greed","Turnover","Interlude 1","KYEO","Latin Roots","And The Same","Sieve-Fisted Find","Reclamation","Give Me The Cure","Burning Too","Margin Walker","Waiting Room","Styrofoam","Runaway Return","Interlude 2","Shut the Door","Exit Only","Encore 1","Long Division","Blueprint","Interlude 3","Reprovisional","Outro",NA,NA,NA,NA,NA,NA,NA,NA,NA,NA,NA,NA,NA,NA,NA,NA
"dallas-tx-usa-52491","FLS0349","24/05/1991","Deep Ellum Live","5",1200,"Joey Picuri","Warren Russell-Smith","Cassette","Good","Agitators",NA,"1991 Spring USA Tour","Dallas","TX","USA","Intro","Steady Diet","Sieve-Fisted Find","Styrofoam","Interlude 1","Dear Justice Letter","Promises","Turnover","Reclamation","Interlude 2","Lockdown","Bad Mouth","Margin Walker","Waiting Room","Long Division","Blueprint","KYEO","Two Beats Off","Shut the Door","Encore 1","Exit Only","Repeater","Reprovisional","Outro",NA,NA,NA,NA,NA,NA,NA,NA,NA,NA,NA,NA,NA,NA,NA,NA
"austin-tx-usa-52591","FLS0350","25/05/1991","Liberty Lunch","5",1100,"Joey Picuri","Warren Russell-Smith","Cassette","Very Good","Glass Eye, Ufungusumungus",NA,"1991 Spring USA Tour","Austin","TX","USA","Intro","Runaway Return","Greed","Sieve-Fisted Find","Merchandise","Interlude 1","Dear Justice Letter","Reclamation","Margin Walker","Suggestion","Give Me The Cure","Interlude 2","Waiting Room","Interlude 3","Stacks","Exit Only","Repeater","Interlude 4","Reprovisional","Encore 1","Long Division","Blueprint","KYEO","Outro",NA,NA,NA,NA,NA,NA,NA,NA,NA,NA,NA,NA,NA,NA,NA,NA
"houston-tx-usa-52691","FLS0351","26/05/1991","Homage","5",950,"Joey Picuri","Warren Russell-Smith","Cassette","Good","Shoulders",NA,"1991 Spring USA Tour","Houston","TX","USA","Brendan #1","Interlude 1","Merchandise","Sieve-Fisted Find","Reclamation","Interlude 2","Latin Roots","Promises","Bulldog Front","Bad Mouth","Lockdown","Waiting Room","Interlude 3","Blueprint","Styrofoam","Two Beats Off","Repeater","Encore 1","Greed","Stacks","Reprovisional","Outro",NA,NA,NA,NA,NA,NA,NA,NA,NA,NA,NA,NA,NA,NA,NA,NA,NA,NA
"edmond-ok-usa-53091","FLS0352","30/05/1991","Edmond Historical Society Preservation Hall","5",600,"Joey Picuri","Jerry Busher","Cassette","Very Good","Angry Son, For Love Not Lisa",NA,"1991 Spring USA Tour","Edmond","OK","USA","Intro","Brendan #1","Two Beats Off","Merchandise","Interlude 1","Turnover","Reclamation","Interlude 2","Dear Justice Letter","Styrofoam","Margin Walker","Song #1","Give Me The Cure","Interlude 3","Waiting Room","Long Division","Blueprint","Interlude 4","KYEO","Interlude 5","Runaway Return","Promises","Outro",NA,NA,NA,NA,NA,NA,NA,NA,NA,NA,NA,NA,NA,NA,NA,NA,NA
"lawrence-ks-usa-53191","FLS0353","31/05/1991","University of Kansas Ballroom","5",1000,"Joey Picuri","Warren Russell-Smith","Cassette","Good","Ultraman, Germbox",NA,"1991 Spring USA Tour","Lawrence","KS","USA","Intro","Exit Only","Greed","Sieve-Fisted Find","Reclamation","Turnover","Styrofoam","Dear Justice Letter","Burning Too","Bulldog Front","Waiting Room","Margin Walker","Interlude 1","Promises","Blueprint","Latin Roots","Long Division","KYEO","Encore 1","Joe #1","Repeater","Reprovisional","Outro",NA,NA,NA,NA,NA,NA,NA,NA,NA,NA,NA,NA,NA,NA,NA,NA,NA
"fayetteville-ar-usa-60191","FLS0354","01/06/1991","Studio 225","5",300,"Joey Picuri","Warren Russell-Smith","Cassette","Poor","Trustee",NA,"1991 Spring USA Tour","Fayetteville","AR","USA","Intro","Steady Diet","Sieve-Fisted Find","Styrofoam","Interlude 1","Latin Roots","Reclamation","Interlude 2","Turnover","Greed","Dear Justice Letter","Bad Mouth","Lockdown","Suggestion","Break-In","Interlude 3","Two Beats Off","Shut the Door","Encore 1","Exit Only","Long Division","Blueprint","Reprovisional","Outro",NA,NA,NA,NA,NA,NA,NA,NA,NA,NA,NA,NA,NA,NA,NA,NA
"springfield-mo-usa-60291","FLS0355","02/06/1991","Chestnut Hall","5",230,"Joey Picuri","Warren Russell-Smith","Cassette","Good","Now or Never, Walking Octopus",NA,"1991 Spring USA Tour","Springfield (MO)","MO","USA","Intro","Joe #1","Merchandise","Interlude 1","Sieve-Fisted Find","And The Same","Latin Roots","Reclamation","Blueprint","Song #1","Margin Walker","Waiting Room","Give Me The Cure","Stacks","Promises","Interlude 2","Two Beats Off","Styrofoam","Encore 1","Exit Only","Shut the Door","Outro",NA,NA,NA,NA,NA,NA,NA,NA,NA,NA,NA,NA,NA,NA,NA,NA,NA,NA
"columbia-mo-usa-60391","FLS0356","03/06/1991","Blue Note","5",400,"Joey Picuri","Warren Russell-Smith","Cassette","Good","Church of Bowling",NA,"1991 Spring USA Tour","Columbia","MO","USA","Long Division","Blueprint","Merchandise","Interlude 1","Dear Justice Letter","Greed","Sieve-Fisted Find","Reclamation","Lockdown","Bad Mouth","Burning","Waiting Room","Exit Only","Promises","Interlude 2","Two Beats Off","KYEO","Encore 1","Brendan #1","Turnover","Repeater","Outro",NA,NA,NA,NA,NA,NA,NA,NA,NA,NA,NA,NA,NA,NA,NA,NA,NA,NA
"st-louis-mo-usa-60491","FLS0357","04/06/1991","Mississippi Nights","5",1275,"Joey Picuri","Jerry Busher","Cassette","Good","Algoa Road, Ultraman",NA,"1991 Spring USA Tour","St. Louis","MO","USA","Glueman","Exit Only","Styrofoam","Interlude 1","Sieve-Fisted Find","Shut the Door","Margin Walker","Bad Mouth","Interlude 2","Give Me The Cure","Waiting Room","Interlude 3","Long Division","Blueprint","Promises","Encore 1","Two Beats Off","Reclamation","Reprovisional","Outro",NA,NA,NA,NA,NA,NA,NA,NA,NA,NA,NA,NA,NA,NA,NA,NA,NA,NA,NA,NA
"champaign-il-usa-60691","FLS0358","06/06/1991","Latzer Hall YMCA","5",450,"Joey Picuri","Jerry Busher","Cassette","Good","Poster Children, Billingsgate",NA,"1991 Spring USA Tour","Champaign","IL","USA","Intro","Steady Diet","Merchandise","Styrofoam","Sieve-Fisted Find","Reclamation","Interlude 1","Dear Justice Letter","Interlude 2","KYEO","Interlude 3","Margin Walker","Suggestion","Give Me The Cure","Waiting Room","Interlude 4","Exit Only","Long Division","Blueprint","Interlude 5","Promises","Outro",NA,NA,NA,NA,NA,NA,NA,NA,NA,NA,NA,NA,NA,NA,NA,NA,NA,NA
"indianapolis-in-usa-60791","FLS0359","07/06/1991","Ritz Music Hall","5",850,"Joey Picuri","Warren Russell-Smith","Cassette","Good","Birdman of Alcatraz, Modern Vending, Sloppy Seconds",NA,"1991 Spring USA Tour","Indianapolis","IN","USA","Intro","Turnover","Greed","Latin Roots","Merchandise","Interlude 1","Sieve-Fisted Find","Reclamation","Interlude 2","Dear Justice Letter","Waiting Room","Margin Walker","Song #1","Give Me The Cure","Long Division","Blueprint","Shut the Door","Encore 1","Two Beats Off","Repeater","Reprovisional","Outro",NA,NA,NA,NA,NA,NA,NA,NA,NA,NA,NA,NA,NA,NA,NA,NA,NA,NA
"louisville-ky-usa-60891","FLS0360","08/06/1991","Tewligans","5",350,"Joey Picuri","Warren Russell-Smith","Cassette","Good","Plastic Jesus",NA,"1991 Spring USA Tour","Louisville","KY","USA","Intro","Dear Justice Letter","Styrofoam","Interlude 1","Runaway Return","Reclamation","Sieve-Fisted Find","Merchandise","Latin Roots","Promises","KYEO","Two Beats Off","Repeater","Reprovisional","Outro",NA,NA,NA,NA,NA,NA,NA,NA,NA,NA,NA,NA,NA,NA,NA,NA,NA,NA,NA,NA,NA,NA,NA,NA,NA
"lexington-ky-usa-60991","FLS0361","09/06/1991","Wrocklage","5",300,"Joey Picuri","Warren Russell-Smith","Cassette","Poor","Loophole, Stranglemartins","Benefit for Lexington Peace Center","1991 Spring USA Tour","Lexington","KY","USA","Intro","KYEO","Sieve-Fisted Find","Merchandise","Interlude 1","Latin Roots","And The Same","Turnover","Song #1","Bulldog Front","Suggestion","Give Me The Cure","Interlude 2","Waiting Room","Long Division","Blueprint","Shut the Door","Encore 1","Two Beats Off","Repeater","Reprovisional","Outro",NA,NA,NA,NA,NA,NA,NA,NA,NA,NA,NA,NA,NA,NA,NA,NA,NA,NA
"cincinnati-oh-usa-61091","FLS0362","10/06/1991","Bogart's","5",1000,"Joey Picuri","Warren Russell-Smith","Cassette","Good","Plastic Jesus",NA,"1991 Spring USA Tour","Cincinnati","OH","USA","Intro","Steady Diet","Sieve-Fisted Find","Merchandise","Interlude 1","Turnover","Reclamation","Latin Roots","Burning Too","Margin Walker","Waiting Room","Break-In","Interlude 2","Long Division","Blueprint","Styrofoam","Two Beats Off","Promises","Encore 1","KYEO","Exit Only","Repeater","Reprovisional","Outro",NA,NA,NA,NA,NA,NA,NA,NA,NA,NA,NA,NA,NA,NA,NA,NA
"dayton-oh-usa-61191","FLS0363","11/06/1991","Electrician's Hall","5",400,"Joey Picuri","Warren Russell-Smith","Cassette","Good","Dryrot, Method, Stronghold",NA,"1991 Spring USA Tour","Dayton","OH","USA","Intro","Brendan #1","Greed","Latin Roots","And The Same","Two Beats Off","Reclamation","Interlude 1","Sieve-Fisted Find","Styrofoam","Interlude 2","Lockdown","Bad Mouth","Give Me The Cure","Waiting Room","Blueprint","Interlude 3","Runaway Return","Interlude 4","Shut the Door","Encore","Exit Only","Song #1","Glueman","Outro",NA,NA,NA,NA,NA,NA,NA,NA,NA,NA,NA,NA,NA,NA,NA
"columbus-oh-usa-61291","FLS0364","12/06/1991","Newport","5",700,"Joey Picuri","Warren Russell-Smith","Cassette","Good","Carbuncle",NA,"1991 Spring USA Tour","Columbus","OH","USA","Intro","Turnover","Merchandise","Interlude 1","Nice New Outfit","Greed","Sieve-Fisted Find","Reclamation","Blueprint","Waiting Room","Bulldog Front","Suggestion","Long Division","Two Beats Off","Repeater","Interlude 2","Reprovisional","Encore","Stacks","Dear Justice Letter","Interlude 3","Promises","Outro",NA,NA,NA,NA,NA,NA,NA,NA,NA,NA,NA,NA,NA,NA,NA,NA,NA
"cleveland-oh-usa-61391","FLS0365","13/06/1991","Flash's","5",1300,"Joey Picuri","Warren Russell-Smith","Cassette","Very Good","Sleazy Jesus and the Splatter Pigs",NA,"1991 Spring USA Tour","Cleveland","OH","USA","Long Division","Blueprint","Interlude 1","Merchandise","Two Beats Off","Shut the Door","Encore 1","Promises","Turnover","Encore 2","Repeater","Outro",NA,NA,NA,NA,NA,NA,NA,NA,NA,NA,NA,NA,NA,NA,NA,NA,NA,NA,NA,NA,NA,NA,NA,NA,NA,NA,NA,NA
"pittsburgh-pa-usa-61491","FLS0366","14/06/1991","Metropol","5",1350,"Joey Picuri","Warren Russell-Smith","Cassette","Good","Jawbox",NA,"1991 Spring USA Tour","Pittsburgh","PA","USA","Intro","Reclamation","Dear Justice Letter","Merchandise","Interlude 1","Sieve-Fisted Find","And The Same","Nice New Outfit","Promises","Two Beats Off","Interlude 2","Bad Mouth","Margin Walker","Suggestion","Give Me The Cure","Waiting Room","Long Division","Blueprint","KYEO","Encore","Exit Only","Repeater","Reprovisional","Outro",NA,NA,NA,NA,NA,NA,NA,NA,NA,NA,NA,NA,NA,NA,NA,NA
"washington-dc-usa-61791","FLS0367","17/06/1991","Sacred Heart Church Hall","5",1400,"Joey Picuri","Warren Russell-Smith","Cassette","Good","No Means No, The Ex","Benefit for Washington Free Clinic","1991 Summer Regional Dates","Washington","DC","USA","Intro","Two Beats Off","Greed","Interlude 1","Dear Justice Letter","Reclamation","Interlude 2","Nice New Outfit","Merchandise","Interlude 3","Latin Roots","Promises","Interlude 4","Sieve-Fisted Find","Styrofoam","Exit Only","Encore","KYEO",NA,NA,NA,NA,NA,NA,NA,NA,NA,NA,NA,NA,NA,NA,NA,NA,NA,NA,NA,NA,NA,NA
"washington-dc-usa-72891","FLS0368","28/07/1991","dc space",NA,NA,"Joey Picuri","Warren Russell-Smith","Cassette","Good","Bratmobile, DJ Steve Gamboa",NA,"1991 Summer Regional Dates","Washington","DC","USA","Cassavetes Instrumental","Latin Roots","Interlude 1","Reclamation","Dear Justice Letter","Long Division","Runaway Return","Polish","Exit Only","Stacks","Interlude 2","Last Chance For A Slow Dance","Set the Charges","Nice New Outfit","KYEO","Encore","Brendan #1","Repeater","Reprovisional","Outro",NA,NA,NA,NA,NA,NA,NA,NA,NA,NA,NA,NA,NA,NA,NA,NA,NA,NA,NA,NA
"washington-dc-usa-72991","FLS0369","29/07/1991","Fort Reno","Free",NA,"Joey Picuri","Warren Russell-Smith","Cassette","Very Good","Nipplehead",NA,"1991 Summer Regional Dates","Washington","DC","USA","Intro","Steady Diet","Sieve-Fisted Find","Greed","Interlude 1","Give Me The Cure","Song #1","Margin Walker","Bad Mouth","Interlude 2","Blueprint","Styrofoam","Two Beats Off","Merchandise","Exit Only","Promises","Encore","Burning","Burning Too","Glueman","Outro",NA,NA,NA,NA,NA,NA,NA,NA,NA,NA,NA,NA,NA,NA,NA,NA,NA,NA,NA
"montreal-qc-canada-80291","FLS0370","02/08/1991","Rialto Theatre","6 (ca)",1160,"Joey Picuri","Warren Russell-Smith","Cassette","Good","Bliss",NA,"1991 Summer/Fall USA/Canada Tour","Montreal","QC","Canada","Intro","Brendan #1","Greed","Interlude 1","Dear Justice Letter","Styrofoam","Sieve-Fisted Find","Reclamation","Margin Walker","Burning Too","Interlude 2","Give Me The Cure","Song #1","Waiting Room","Interlude 3","Long Division","Blueprint","Interlude 4","Latin Roots","Two Beats Off","Shut the Door","Encore 1","Exit Only","Repeater","Interlude 5","Reprovisional","Outro",NA,NA,NA,NA,NA,NA,NA,NA,NA,NA,NA,NA,NA
"ottawa-on-canada-80391","FLS0371","03/08/1991","Barrymore's","6 (ca)",500,"Joey Picuri","Warren Russell-Smith","Cassette","Good","Malhavoc",NA,"1991 Summer/Fall USA/Canada Tour","Ottawa","ON","Canada","Intro","Steady Diet","Reclamation","Sieve-Fisted Find","Merchandise","Interlude 1","Turnover","Greed","Bulldog Front","Suggestion","Give Me The Cure","Waiting Room","Exit Only","Stacks","Interlude 2","Two Beats Off","Promises","Encore 1","KYEO","Nice New Outfit","Long Division","Blueprint","Outro",NA,NA,NA,NA,NA,NA,NA,NA,NA,NA,NA,NA,NA,NA,NA,NA,NA
"toronto-on-canada-80491","FLS0372","04/08/1991","Opera House","6 (ca)",1000,"Joey Picuri","Warren Russell-Smith","Cassette","Very Good","Pure, Scott B Sympathy",NA,"1991 Summer/Fall USA/Canada Tour","Toronto","ON","Canada","Intro","Turnover","Interlude 1","Styrofoam","Latin Roots","Interlude 2","Merchandise","Sieve-Fisted Find","Reclamation","Margin Walker","Waiting Room","Burning","Burning Too","Interlude 3","Two Beats Off","Long Division","Blueprint","Interlude 4","Repeater","Encore","Cassavetes Instrumental","KYEO","Interlude 5","Reprovisional","Outro",NA,NA,NA,NA,NA,NA,NA,NA,NA,NA,NA,NA,NA,NA,NA
"detroit-mi-usa-80591","FLS0373","05/08/1991","Majestic Theater","5",1200,"Joey Picuri","Warren Russell-Smith","Cassette","Very Good","Nation of Ulysses, Gangster Fun",NA,"1991 Summer/Fall USA/Canada Tour","Detroit","MI","USA","Intro","Exit Only","Merchandise","Runaway Return","And The Same","Sieve-Fisted Find","Reclamation","Interlude 1","Lockdown","Suggestion","Give Me The Cure","Waiting Room","Long Division","Blueprint","Shut the Door","Encore 1","Two Beats Off","Repeater","Reprovisional","Outro",NA,NA,NA,NA,NA,NA,NA,NA,NA,NA,NA,NA,NA,NA,NA,NA,NA,NA,NA,NA
"kalamazoo-mi-usa-80691","FLS0374","06/08/1991","State Theater","5",800,"Joey Picuri","Warren Russell-Smith","Cassette","Very Good","Nation of Ulysses, Trenchmouth",NA,"1991 Summer/Fall USA/Canada Tour","Kalamazoo","MI","USA","Intro","Brendan #1","Styrofoam","Dear Justice Letter","Interlude 1","Merchandise","Interlude 2","Latin Roots","Reclamation","Interlude 3","Margin Walker","Song #1","Interlude 4","Bulldog Front","Waiting Room","Interlude 5","Exit Only","Greed","Interlude 6","Turnover","And The Same","Interlude 7","Long Division","Blueprint","Outro",NA,NA,NA,NA,NA,NA,NA,NA,NA,NA,NA,NA,NA,NA,NA
"chicago-il-usa-80891","FLS0375","08/08/1991","Vic Theater","5",1550,"Joey Picuri","Warren Russell-Smith","Cassette","Good","Nation of Ulysses, Pegboy",NA,"1991 Summer/Fall USA/Canada Tour","Chicago","IL","USA","Intro","Reclamation","Sieve-Fisted Find","Merchandise","Dear Justice Letter","Interlude 1","Styrofoam","Two Beats Off","Song #1","Margin Walker","Bad Mouth","Give Me The Cure","Waiting Room","Shut the Door","Exit Only","Long Division","Blueprint","Encore 1","Turnover","KYEO","Reprovisional","Outro",NA,NA,NA,NA,NA,NA,NA,NA,NA,NA,NA,NA,NA,NA,NA,NA,NA,NA
"madison-wi-usa-80991","FLS0376","09/08/1991","Turner Hall","5",850,"Joey Picuri","Warren Russell-Smith","Cassette","Good","Nation of Ulysses, Naked Agression, Natural Causes",NA,"1991 Summer/Fall USA/Canada Tour","Madison","WI","USA","Intro","Joe #1","Greed","Interlude 1","Nice New Outfit","Reclamation","Turnover","Promises","Exit Only","Interlude 2","Repeater","Break-In","Suggestion","Give Me The Cure","Interlude 3","Sieve-Fisted Find","Long Division","Runaway Return","Encore","Shut the Door","Outro",NA,NA,NA,NA,NA,NA,NA,NA,NA,NA,NA,NA,NA,NA,NA,NA,NA,NA,NA
"milwaukee-wi-usa-81091","FLS0377","10/08/1991","Central Park","5",850,"Joey Picuri","Warren Russell-Smith","Cassette","Very Good","Nation of Ulysses, Drawblank, Muckrakers",NA,"1991 Summer/Fall USA/Canada Tour","Milwaukee","WI","USA","Intro","And The Same","Dear Justice Letter","Interlude 1","Merchandise","Nice New Outfit","Long Division","Blueprint","Interlude 2","Styrofoam","Last Chance for a Slow Dance","Promises","Two Beats Off","Repeater","Reprovisional","Outro",NA,NA,NA,NA,NA,NA,NA,NA,NA,NA,NA,NA,NA,NA,NA,NA,NA,NA,NA,NA,NA,NA,NA,NA
"green-bay-wi-usa-81191","FLS0378","11/08/1991","Wherehouse","5",350,"Joey Picuri","Warren Russell-Smith","Cassette","Good","Nation Of Ulysses",NA,"1991 Summer/Fall USA/Canada Tour","Green Bay","WI","USA","Intro","Steady Diet","And The Same","Latin Roots","Interlude 1","Stacks","Sieve-Fisted Find","Greed","Interlude 2","Turnover","Reclamation","Burning","Burning Too","Margin Walker","Bad Mouth","Interlude 3","Exit Only","Promises","Interlude 4","Last Chance for a Slow Dance","Repeater","Blueprint","Encore","Waiting Room","Glueman","Outro",NA,NA,NA,NA,NA,NA,NA,NA,NA,NA,NA,NA,NA,NA
"minneapolis-mn-usa-81291","FLS0379","12/08/1991","First Avenue","5",1550,"Joey Picuri","Warren Russell-Smith","Cassette","Very Good","Nation of Ulysses, John Ivan Palmer (Hypnotist)",NA,"1991 Summer/Fall USA/Canada Tour","Minneapolis","MN","USA","Intro","Facet Squared Instrumental","Exit Only","Merchandise","Sieve-Fisted Find","Reclamation","Last Chance for a Slow Dance","Promises","Margin Walker","Suggestion","Give Me The Cure","Interlude 1","KYEO","Interlude 2","Turnover","Styrofoam","Interlude 3","Long Division","Runaway Return","Shut the Door","Encore 1","Two Beats Off","Repeater","Reprovisional","Encore 2","Burning Too","Waiting Room",NA,NA,NA,NA,NA,NA,NA,NA,NA,NA,NA,NA,NA
"fargo-nd-usa-81391","FLS0380","13/08/1991","Elks Lodge","5",550,"Joey Picuri","Warren Russell-Smith","Cassette","Good","Nation of Ulysses, Watermelon Sandwich",NA,"1991 Summer/Fall USA/Canada Tour","Fargo","ND","USA","Intro","Brendan #1","Greed","Dear Justice Letter","Styrofoam","Interlude 1","Turnover","Reclamation","Sieve-Fisted Find","Waiting Room","Margin Walker","Bad Mouth","Bulldog Front","Song #1","Long Division","Last Chance for a Slow Dance","Repeater","Encore","Merchandise","Blueprint","Outro",NA,NA,NA,NA,NA,NA,NA,NA,NA,NA,NA,NA,NA,NA,NA,NA,NA,NA,NA
"winnipeg-mb-canada-81491","FLS0381","14/08/1991","Duncan Arena","6 (ca)",500,"Joey Picuri","Jerry Busher","Cassette","Very Good","Carpe Diem, Propagandhi",NA,"1991 Summer/Fall USA/Canada Tour","Winnipeg","MB","Canada","Intro","Steady Diet","And The Same","Sieve-Fisted Find","Interlude 1","Styrofoam","Interlude 2","Turnover","Reclamation","Interlude 3","Break-In","Burning Too","Margin Walker","Waiting Room","Interlude 4","Long Division","Blueprint","Interlude 5","KYEO","Two Beats Off","Repeater","Encore 1","Suggestion","Give Me The Cure","Outro",NA,NA,NA,NA,NA,NA,NA,NA,NA,NA,NA,NA,NA,NA,NA
"regina-sk-canada-81591","FLS0382","15/08/1991","College West","6 (ca)",288,"Joey Picuri","Warren Russell-Smith","Cassette","Good","Tank Hog, Mrs. Svenson",NA,"1991 Summer/Fall USA/Canada Tour","Regina","SK","Canada","Intro","Joe #1","Greed","Sieve-Fisted Find","Reclamation","Interlude 1","Latin Roots","Merchandise","Interlude 2","Two Beats Off","Interlude 3","Stacks","Interlude 4","Lockdown","Song #1","Bulldog Front","Waiting Room","Interlude 5","Blueprint","Interlude 6","Promises","Interlude 7","Nice New Outfit","Repeater","Encore 1","Long Division","Exit Only","Shut the Door","Outro",NA,NA,NA,NA,NA,NA,NA,NA,NA,NA,NA
"calgary-ab-canada-81791","FLS0383","17/08/1991","MacEwan Hall","6 (ca)",700,"Joey Picuri","Fugazi","Cassette","Very Good","Skin Barn, Skull Bunny","Previously released on CD (FLS05)","1991 Summer/Fall USA/Canada Tour","Calgary","AB","Canada","Intro","Steady Diet","And The Same","Sieve-Fisted Find","Reclamation","Interlude 1","Dear Justice Letter","Merchandise","Turnover","Bad Mouth","Margin Walker","Suggestion","Give Me The Cure","Waiting Room","Long Division","Blueprint","Promises","Exit Only","Repeater","Reprovisional",NA,NA,NA,NA,NA,NA,NA,NA,NA,NA,NA,NA,NA,NA,NA,NA,NA,NA,NA,NA
"vancouver-bc-canada-81991","FLS0384","19/08/1991","N. Van. Sports Arena Hockey Rink","6 (ca)",1300,"Joey Picuri","Warren Russell-Smith","Cassette","Very Good","Smugglers, 10 Feet High, Me Mom & Morgentaler, Fastbacks",NA,"1991 Summer/Fall USA/Canada Tour","Vancouver","BC","Canada","Intro","And The Same","Dear Justice Letter","Merchandise","Interlude 1","Turnover","Interlude 2","Promises","Interlude 3","Margin Walker","Burning Too","Interlude 4","Bulldog Front","Waiting Room","Interlude 5","Latin Roots","Interlude 6","Reclamation","Sieve-Fisted Find","Shut the Door","Encore 1","Two Beats Off","Repeater","Reprovisional","Outro",NA,NA,NA,NA,NA,NA,NA,NA,NA,NA,NA,NA,NA,NA,NA
"olympia-wa-usa-82591","FLS0385","25/08/1991","Capitol Theater","5",800,"Joey Picuri","Warren Russell-Smith","Cassette","Good","Some Velvet Sidewalk, L7, High Performance","International Pop Underground Festival","1991 Summer/Fall USA/Canada Tour","Olympia","WA","USA","Intro","Exit Only","Brendan #1","Merchandise","Interlude 1","Sieve-Fisted Find","Reclamation","Interlude 2","Last Chance for a Slow Dance","Promises","Interlude 3","Margin Walker","Bad Mouth","Interlude 4","Bulldog Front","Interlude 5","Suggestion","Interlude 6","Two Beats Off","Interlude 7","Long Division","Reprovisional","Encore","Glueman","Outro",NA,NA,NA,NA,NA,NA,NA,NA,NA,NA,NA,NA,NA,NA,NA
"seattle-wa-usa-82691","FLS0386","26/08/1991","OZ","5",1600,"Joey Picuri","Warren Russell-Smith","Cassette","Very Good","Beat Happening, Nation Of Ulysses",NA,"1991 Summer/Fall USA/Canada Tour","Seattle","WA","USA","Intro","Steady Diet","Greed","Runaway Return","Reclamation","Nice New Outfit","And The Same","Margin Walker","Burning Too","Burning","Interlude 1","Waiting Room","Last Chance for a Slow Dance","Styrofoam","Interlude 2","Blueprint","Repeater","Encore 1","Bad Mouth","Break-In","Shut the Door","Outro",NA,NA,NA,NA,NA,NA,NA,NA,NA,NA,NA,NA,NA,NA,NA,NA,NA,NA
"portland-or-usa-82791","FLS0387","27/08/1991","Melody Ballroom","5",850,"Joey Picuri","Warren Russell-Smith","Cassette","Very Good","Beat Happening, Nation Of Ulysses",NA,"1991 Summer/Fall USA/Canada Tour","Portland","OR","USA","Intro","Facet Squared Instrumental","Two Beats Off","Merchandise","Interlude 1","Latin Roots","Interlude 2","Stacks","Sieve-Fisted Find","Promises","Lockdown","Suggestion","Give Me The Cure","Long Division","Last Chance For A Slow Dance","Reclamation","Waiting Room","Glueman","Encore 1","KYEO","Blueprint","Outro",NA,NA,NA,NA,NA,NA,NA,NA,NA,NA,NA,NA,NA,NA,NA,NA,NA,NA
"petaluma-ca-usa-83091","FLS0388","30/08/1991","Phoenix Theater","5",750,"Joey Picuri","Warren Russell-Smith","Cassette","Good","Nation of Ulysses, Toast",NA,"1991 Summer/Fall USA/Canada Tour","Petaluma","CA","USA","Intro","Brendan #1","Merchandise","Dear Justice Letter","Reclamation","Interlude 1","Runaway Return","Styrofoam","Interlude 2","Burning","Interlude 3","Burning Too","Give Me The Cure","Waiting Room","Long Division","Blueprint","Promises","Encore 1","Exit Only","KYEO","Reprovisional","Outro",NA,NA,NA,NA,NA,NA,NA,NA,NA,NA,NA,NA,NA,NA,NA,NA,NA,NA
"oakland-ca-usa-83191","FLS0389","31/08/1991","Scottish Rites Temple","5",1800,"Joey Picuri","Jerry Busher","Cassette","Good","Nation of Ulysses, Her Majesty's Baby, Richard Loranger","Benefit for Street Sheet","1991 Summer/Fall USA/Canada Tour","Oakland","CA","USA","Intro","Steady Diet","Greed","Sieve-Fisted Find","Reclamation","Interlude 1","Dear Justice Letter","And The Same","Interlude 2","Break-In","Song #1","Bulldog Front","Bad Mouth","Interlude 3","Exit Only","Interlude 4","KYEO","Interlude 5","Two Beats Off","Repeater","Encore 1","Styrofoam","Last Chance for a Slow Dance","Shut the Door","Outro",NA,NA,NA,NA,NA,NA,NA,NA,NA,NA,NA,NA,NA,NA,NA
"berkeley-ca-usa-90191","FLS0390","01/09/1991","Gilman Street","5",600,"Joey Picuri","Warren Russell-Smith","Cassette","Very Good","Nation Of Ulysses, Bikini Kill, Tribate, Vagrants","Benefit for Gilman Street Project","1991 Summer/Fall USA/Canada Tour","Berkeley","CA","USA","Intro","Facet Squared Instrumental","Exit Only","Merchandise","Interlude 1","Latin Roots","Reclamation","Interlude 2","Nice New Outfit","Long Division","Runaway Return","Waiting Room","Interlude 3","Margin Walker","Suggestion","Give Me The Cure","Interlude 4","Promises","Reprovisional","Encore 1","Glueman",NA,NA,NA,NA,NA,NA,NA,NA,NA,NA,NA,NA,NA,NA,NA,NA,NA,NA,NA
"sacramento-ca-usa-90391","FLS0391","03/09/1991","One Edge Up","5",950,"Joey Picuri","Warren Russell-Smith","Cassette","Very Good","Seaweed, Elegy",NA,"1991 Summer/Fall USA/Canada Tour","Sacramento","CA","USA","Intro","Turnover","Greed","Interlude 1","Latin Roots","Stacks","Sieve-Fisted Find","Styrofoam","Interlude 2","Nice New Outfit","Reclamation","Interlude 3","Bulldog Front","Waiting Room","Margin Walker","Burning Too","Blueprint","KYEO","Interlude 5","Exit Only","Shut the Door","Encore 1","Two Beats Off","Promises","Outro",NA,NA,NA,NA,NA,NA,NA,NA,NA,NA,NA,NA,NA,NA,NA
"fresno-ca-usa-90491","FLS0392","04/09/1991","Knights of Columbus Hall","5",350,NA,NA,NA,NA,"Plaid Retina, Sharon Tate",NA,"1991 Summer/Fall USA/Canada Tour","Fresno","CA","USA",NA,NA,NA,NA,NA,NA,NA,NA,NA,NA,NA,NA,NA,NA,NA,NA,NA,NA,NA,NA,NA,NA,NA,NA,NA,NA,NA,NA,NA,NA,NA,NA,NA,NA,NA,NA,NA,NA,NA,NA
"isla-vista-ca-usa-90591","FLS0393","05/09/1991","Anaconda","5",750,"Joey Picuri","Warren Russell-Smith","Cassette","Very Good","Jawbreaker, End of The Line",NA,"1991 Summer/Fall USA/Canada Tour","Isla Vista","CA","USA","Intro","Brendan #1","Sieve-Fisted Find","Greed","Latin Roots","Interlude 1","Stacks","Interlude 2","Last Chance For A Slow Dance","Promises","Two Beats Off","Repeater","Long Division","Runaway Return","Interlude 3","KYEO","Interlude 4","Blueprint","Encore 1","Song #1","Margin Walker","Burning Too","Outro",NA,NA,NA,NA,NA,NA,NA,NA,NA,NA,NA,NA,NA,NA,NA,NA,NA
"jawbone-canyon-ca-usa-90691","FLS0394","06/09/1991","Jawbone Canyon Desert","Free",300,"Nikos-Reed Failure Video","Warren Russell-Smith","VHS audio","Good","Offspring, Sandy Duncan's Eye, & Seven Other Bands","The equipment van broke down on the way to the gig, so the band borrows instruments from the other bands. This show happened deep in the desert in the middle of the night. Powered by a generator and completely illegal.","1991 Summer/Fall USA/Canada Tour","Jawbone Canyon","CA","USA","Intro","Sieve-Fisted Find","Merchandise","Interlude 1","And The Same","Interlude 2","Last Chance for a Slow Dance","Promises","Interlude 3","Exit Only","Interlude 4","Styrofoam","Interlude 5","Blueprint","Interlude 6","Suggestion","Glueman",NA,NA,NA,NA,NA,NA,NA,NA,NA,NA,NA,NA,NA,NA,NA,NA,NA,NA,NA,NA,NA,NA,NA
"los-angeles-ca-usa-90891","FLS0395","08/09/1991","Hollywood Palladium","6",3800,"Joey Picuri","Warren Russell-Smith","Cassette","Good","411, Offspring",NA,"1991 Summer/Fall USA/Canada Tour","Los Angeles","CA","USA","Intro","Facet Squared Instrumental","Exit Only","Greed","Interlude 1","Sieve-Fisted Find","Reclamation","Interlude 2","Two Beats Off","Merchandise","Interlude 3","Last Chance for a Slow Dance","Promises","Interlude 4","Give Me The Cure","Bad Mouth","Margin Walker","Waiting Room","Interlude 5","Break-In","Suggestion","Long Division","Blueprint","Interlude 6","Shut the Door","Encore","Repeater","Reprovisional","Outro",NA,NA,NA,NA,NA,NA,NA,NA,NA,NA,NA
"phoenix-az-usa-90991","FLS0396","09/09/1991","Silver Dollar","5",1160,"Joey Picuri","Warren Russell-Smith","Cassette","Very Good","Horace Pinker, Beats the Hell Outta Me","Epic show. Played in warehouse courtyard with police helicopters overhead. The improvised barricade (a chain-link fence) collapses and has to be passed hand over hand by the crowd to the back. Plenty of headaches with violent concert attendees, plus Ian falls through the stage! Good times!","1991 Summer/Fall USA/Canada Tour","Phoenix","AZ","USA","Intro","Steady Diet","Blueprint","Styrofoam","Sieve-Fisted Find","Interlude 1","And The Same","Turnover","Reclamation","Interlude 2","Margin Walker","Burning Too","Interlude 3","Waiting Room","Give Me The Cure","Interlude 4","KYEO","Two Beats Off","Interlude 5","Promises","Encore","Suggestion","Glueman","Outro",NA,NA,NA,NA,NA,NA,NA,NA,NA,NA,NA,NA,NA,NA,NA,NA
"albuquerque-nm-usa-91191","FLS0397","11/09/1991","Sunshine Music Hall","5",800,"Joey Picuri","Warren Russell-Smith","Cassette","Good","Big Damn Crazy Weight, Crack in the Sidewalk",NA,"1991 Summer/Fall USA/Canada Tour","Albuquerque","NM","USA","Intro","Brendan #1","Greed","Dear Justice Letter","And The Same","Nice New Outfit","Reclamation","Sieve-Fisted Find","Interlude 1","Waiting Room","Bulldog Front","Song #1","Margin Walker","KYEO","Interlude 2","Two Beats Off","Shut the Door","Encore 1","Long Division","Blueprint","Repeater","Reprovisional","Outro",NA,NA,NA,NA,NA,NA,NA,NA,NA,NA,NA,NA,NA,NA,NA,NA,NA
"denver-co-usa-91391","FLS0398","13/09/1991","Gothic Theater","5",900,"Joey Picuri","Warren Russell-Smith","Cassette","Very Good","Lilawatt, Savalas",NA,"1991 Summer/Fall USA/Canada Tour","Denver","CO","USA","Intro","Joe #1","Sieve-Fisted Find","And The Same","Dear Justice Letter","Reclamation","Turnover","Merchandise","Interlude 1","Bulldog Front","Suggestion","Give Me The Cure","Waiting Room","Long Division","Blueprint","Interlude 2","Promises","Encore 1","Exit Only","Stacks","Reprovisional","Outro",NA,NA,NA,NA,NA,NA,NA,NA,NA,NA,NA,NA,NA,NA,NA,NA,NA,NA
"lincoln-ne-usa-91491","FLS0399","14/09/1991","University of Nebraska Centennial Hall","5",1000,"Joey Picuri","Warren Russell-Smith","Cassette","Very Good","Ritual Device, Sideshow, Vertigo",NA,"1991 Summer/Fall USA/Canada Tour","Lincoln","NE","USA","Intro","Steady Diet","Styrofoam","Interlude 1","Latin Roots","Stacks","Sieve-Fisted Find","Reclamation","Interlude 2","Two Beats Off","Interlude 3","Merchandise","Interlude 4","Last Chance For A Slow Dance","Promises","Break-In","Burning Too","Burning","Waiting Room","Interlude 5","Blueprint","Interlude 6","Shut the Door","Encore 1","Exit Only","Repeater","Reprovisional","Outro",NA,NA,NA,NA,NA,NA,NA,NA,NA,NA,NA,NA
"geelong-vic-australia-101791","FLS0400","17/10/1991","Ukranian Town Hall",NA,300,"Joey Picuri","Warren Russell-Smith","Cassette","Very Good","Tumbleweed, Warped",NA,"1991 Australia/New Zealand/Japan Tour","Geelong","VIC","Australia","Merchandise","Interlude 1","Margin Walker","Bad Mouth","Interlude 2","Give Me The Cure","Interlude 3","Waiting Room","Long Division","Blueprint","Interlude 4","Repeater","Reprovisional","Encore 1","Styrofoam","Dear Justice Letter","Shut the Door",NA,NA,NA,NA,NA,NA,NA,NA,NA,NA,NA,NA,NA,NA,NA,NA,NA,NA,NA,NA,NA,NA,NA
"melbourne-vic-australia-101891","FLS0401","18/10/1991","Melbourne Uni",NA,1150,"Joey Picuri","Warren Russell-Smith","Cassette","Very Good","Evan Dando, Kim Salmon, Spiderbait",NA,"1991 Australia/New Zealand/Japan Tour","Melbourne","VIC","Australia","Steady Diet","Exit Only","Greed","Interlude 1","Sieve-Fisted Find","Interlude 2","Styrofoam","Interlude 3","Last Chance For A Slow Dance","Promises","Interlude 4","Bulldog Front","Suggestion","Give Me The Cure","Waiting Room","Interlude 5","Stacks","Two Beats Off","Repeater","Encore 1","Turnover","Reclamation","Outro",NA,NA,NA,NA,NA,NA,NA,NA,NA,NA,NA,NA,NA,NA,NA,NA,NA
"croydon-vic-australia-101991","FLS0402","19/10/1991","The Hull",NA,500,"Joey Picuri","Warren Russell-Smith","Cassette","Very Good","Nursery Crimes, Dweebs",NA,"1991 Australia/New Zealand/Japan Tour","Croydon","VIC","Australia","Long Division","Runaway Return","Merchandise","Sieve-Fisted Find","Reclamation","Interlude 1","Nice New Outfit","Styrofoam","Break-In","Song #1","Burning","Burning Too","Interlude 2","Exit Only","Promises","Two Beats Off","Encore 1","Joe #1","Dear Justice Letter","KYEO",NA,NA,NA,NA,NA,NA,NA,NA,NA,NA,NA,NA,NA,NA,NA,NA,NA,NA,NA,NA
"melbourne-vic-australia-102091","FLS0403","20/10/1991","Melbourne Uni",NA,750,"Joey Picuri","Warren Russell-Smith","Cassette","Very Good","Guttersnipes, Tumbleweed","Played in ""The Buffet"" hall.","1991 Australia/New Zealand/Japan Tour","Melbourne","VIC","Australia","Intro","Joe #1","Styrofoam","Runaway Return","And The Same","Interlude 1","Sieve-Fisted Find","Greed","Nice New Outfit","Bad Mouth","Lockdown","Burning Too","Margin Walker","Reclamation","Dear Justice Letter","Shut the Door","Encore 1","Waiting Room","Glueman","Encore 1","Long Division","Blueprint","Outro",NA,NA,NA,NA,NA,NA,NA,NA,NA,NA,NA,NA,NA,NA,NA,NA,NA
"adelaide-sa-australia-102291","FLS0404","22/10/1991","Le Rox Hotel",NA,450,"Joey Picuri","Warren Russell-Smith","Cassette","Good","Baba Ganous",NA,"1991 Australia/New Zealand/Japan Tour","Adelaide","SA","Australia","Brendan #1","Merchandise","Interlude 1","Turnover","Greed","Latin Roots","Interlude 2","Stacks","Sieve-Fisted Find","Reclamation","Interlude 3","Margin Walker","Waiting Room","Give Me The Cure","Song #1","Interlude 4","Two Beats Off","Promises","Dear Justice Letter","Interlude 5","KYEO","Encore 1","Exit Only","Repeater","Reprovisional","Outro",NA,NA,NA,NA,NA,NA,NA,NA,NA,NA,NA,NA,NA,NA
"canberra-nsw-australia-102391","FLS0405","23/10/1991","Youth Cafe",NA,300,"Joey Picuri","Warren Russell-Smith","Cassette","Very Good","Gut Slug, Adrenaline",NA,"1991 Australia/New Zealand/Japan Tour","Canberra","NSW","Australia","Intro","Facet Squared Instrumental","Styrofoam","Latin Roots","And The Same","Exit Only","Interlude 1","Greed","Interlude 2","Dear Justice Letter","Interlude 3","Suggestion","Break-In","Song #1","Long Division","Runaway Return","Reclamation","Sieve-Fisted Find","Encore 1","Two Beats Off","Shut the Door","Outro",NA,NA,NA,NA,NA,NA,NA,NA,NA,NA,NA,NA,NA,NA,NA,NA,NA,NA
"sydney-nsw-australia-102591","FLS0406","25/10/1991","Sydney Uni",NA,900,"Joey Picuri","Warren Russell-Smith","Cassette","Good","Evan Dando, Crow, Headache",NA,"1991 Australia/New Zealand/Japan Tour","Sydney","NSW","Australia","Steady Diet","Exit Only","Interlude 1","Reclamation","Sieve-Fisted Find","Merchandise","Two Beats Off","Promises","Margin Walker","Waiting Room","Interlude 2","Bulldog Front","Song #1","Interlude 3","Last Chance For A Slow Dance","Long Division","Blueprint","Repeater","Reprovisional","Encore 1","Styrofoam","Dear Justice Letter","Shut the Door","Outro",NA,NA,NA,NA,NA,NA,NA,NA,NA,NA,NA,NA,NA,NA,NA,NA
"manly-nsw-australia-102691","FLS0407","26/10/1991","Manly Youth Center",NA,700,"Joey Picuri",NA,"Cassette","Very Good","Def FX, Hellman",NA,"1991 Australia/New Zealand/Japan Tour","Manly","NSW","Australia","Greed","Interlude 1","Styrofoam","Nice New Outfit","Stacks","Sieve-Fisted Find","Reclamation","Interlude 2","Lockdown","Burning Too","Interlude 3","Burning","Waiting Room","Long Division","Runaway Return","Interlude 4","Promises","Two Beats Off","Interlude 5","KYEO","Encore","Suggestion","Give Me The Cure","Outro",NA,NA,NA,NA,NA,NA,NA,NA,NA,NA,NA,NA,NA,NA,NA,NA
"sydney-nsw-australia-102791","FLS0408","27/10/1991","Burland Centre",NA,800,"Joey Picuri","Warren Russell-Smith","Cassette","Very Good","Nunbait, Mass Appeal","Featuring Mr. Guy Picciotto on the 88s!","1991 Australia/New Zealand/Japan Tour","Sydney","NSW","Australia","Intro","Brendan #1","And The Same","Exit Only","Merchandise","Latin Roots","Interlude 1","Reclamation","Interlude 2","Last Chance for a Slow Dance","Styrofoam","Interlude 3","Margin Walker","Bad Mouth","Interlude 4","Break-In","Interlude 5","Suggestion","Interlude 6","Two Beats Off","Interlude 7","Promises","Encore","Waiting Room","Glueman","Outro",NA,NA,NA,NA,NA,NA,NA,NA,NA,NA,NA,NA,NA,NA
"gold-coast-qld-australia-110191","FLS0409","01/11/1991","Playroom",NA,300,"Joey Picuri","Warren Russell-Smith","Cassette","Very Good","Thrust, Self Inflicted",NA,"1991 Australia/New Zealand/Japan Tour","Gold Coast","QLD","Australia","Intro","Steady Diet","Merchandise","Sieve-Fisted Find","Reclamation","Interlude 1","Latin Roots","Stacks","Two Beats Off","Interlude 2","Waiting Room","Interlude 3","Margin Walker","Burning Too","Burning","Long Division","Blueprint","Repeater","Reprovisional","Encore","And The Same","Runaway Return","Promises","Outro",NA,NA,NA,NA,NA,NA,NA,NA,NA,NA,NA,NA,NA,NA,NA,NA
"brisbane-qld-australia-110291","FLS0410","02/11/1991","Funkyard",NA,550,"Joey Picuri","Warren Russell-Smith","Cassette","Good","Nunbait, Dream Killers, Fat",NA,"1991 Australia/New Zealand/Japan Tour","Brisbane","QLD","Australia","Intro","Turnover","Greed","Exit Only","Styrofoam","Dear Justice Letter","Reclamation","Two Beats Off","Interlude 1","Waiting Room","Give Me The Cure","Song #1","Bulldog Front","Blueprint","Shut the Door","Encore 1","Joe #1","Repeater","Reprovisional","Outro",NA,NA,NA,NA,NA,NA,NA,NA,NA,NA,NA,NA,NA,NA,NA,NA,NA,NA,NA,NA
"byron-bay-nsw-australia-110391","FLS0411","03/11/1991","Arts Factory",NA,200,"Joey Picuri","Warren Russell-Smith","Cassette","Good","Nunbait, Wrathbone",NA,"1991 Australia/New Zealand/Japan Tour","Byron Bay","NSW","Australia","Intro","Facet Squared Instrumental","Merchandise","Dear Justice Letter","Interlude 1","Stacks","Sieve-Fisted Find","And The Same","Two Beats Off","Suggestion","Margin Walker","Song #1","Lockdown","Long Division","Blueprint","KYEO","Reprovisional","Outro",NA,NA,NA,NA,NA,NA,NA,NA,NA,NA,NA,NA,NA,NA,NA,NA,NA,NA,NA,NA,NA,NA
"auckland-new-zealand-110891","FLS0412","08/11/1991","Powerstation",NA,900,"Joey Picuri","Warren Russell-Smith","Cassette","Good","Salad Daze, Second Child, SPUD",NA,"1991 Australia/New Zealand/Japan Tour","Auckland","","New Zealand","Brendan #1","Turnover","Greed","Interlude 1","Dear Justice Letter","Reclamation","Sieve-Fisted Find","Merchandise","Margin Walker","Suggestion","Give Me The Cure","Waiting Room","Exit Only","Long Division","Blueprint","Promises","Encore 1","Runaway Return","Repeater","Reprovisional","Encore 2","Glueman",NA,NA,NA,NA,NA,NA,NA,NA,NA,NA,NA,NA,NA,NA,NA,NA,NA,NA
"tokyo-japan-111191","FLS0413","11/11/1991","Anti Knock",NA,300,"Joey Picuri","Warren Russell-Smith","Cassette","Very Good","Superdumb, Volume Dealers",NA,"1991 Australia/New Zealand/Japan Tour","Tokyo","","Japan","Intro","Brendan #1","Merchandise","Dear Justice Letter","Reclamation","Sieve-Fisted Find","Styrofoam","Interlude 1","Margin Walker","Song #1","Give Me The Cure","Waiting Room","Long Division","Blueprint","Interlude 2","Stacks","Latin Roots","Shut the Door","Encore 1","Exit Only","Repeater","Reprovisional","Outro",NA,NA,NA,NA,NA,NA,NA,NA,NA,NA,NA,NA,NA,NA,NA,NA,NA
"tokyo-japan-111291","FLS0414","12/11/1991","Anti Knock",NA,300,"Joey Picuri","Warren Russell-Smith","Cassette","Good","Bloodthirsty Butchers, Gut Slug","Guy and Ian take turns translating!","1991 Australia/New Zealand/Japan Tour","Tokyo","","Japan","Intro","Turnover","Greed","Sieve-Fisted Find","Reclamation","Nice New Outfit","And The Same","Interlude 1","Two Beats Off","Burning Too","Bulldog Front","Bad Mouth","Break-In","Long Division","Runaway Return","Styrofoam","Dear Justice Letter","Promises","Encore 1","Waiting Room","Suggestion","Glueman","Outro",NA,NA,NA,NA,NA,NA,NA,NA,NA,NA,NA,NA,NA,NA,NA,NA,NA
"osaka-japan-111491","FLS0415","14/11/1991","Sun Hall",NA,200,"Joey Picuri","Warren Russell-Smith","Cassette","Very Good","Shonen Knife, UFO or Die",NA,"1991 Australia/New Zealand/Japan Tour","Osaka",NA,"Japan","Intro","Steady Diet","Exit Only","And The Same","Sieve-Fisted Find","Reclamation","Interlude 1","Nice New Outfit","Merchandise","Margin Walker","Bad Mouth","Burning","Waiting Room","Interlude 2","Blueprint","Styrofoam","Two Beats Off","Shut the Door","Encore","Last Chance For A Slow Dance","Repeater","Reprovisional","Outro",NA,NA,NA,NA,NA,NA,NA,NA,NA,NA,NA,NA,NA,NA,NA,NA,NA
"honolulu-hi-usa-111891","FLS0416","18/11/1991","University of Hawaii",NA,850,"Joey Picuri","Warren Russell-Smith","Cassette","Very Good","Social Ignorance",NA,"1991 Australia/New Zealand/Japan Tour","Honolulu","HI","USA","Intro","Brendan #1","Merchandise","Dear Justice Letter","Reclamation","Two Beats Off","Promises","Margin Walker","Waiting Room","Give Me The Cure","Song #1","Long Division","Blueprint","Interlude 2","KYEO","Last Chance For A Slow Dance","Shut the Door","Encore 1","Joe #1","Repeater","Glueman","Outro",NA,NA,NA,NA,NA,NA,NA,NA,NA,NA,NA,NA,NA,NA,NA,NA,NA,NA
"washington-dc-usa-120891","FLS0417","08/12/1991","dc space",NA,NA,"Joey Picuri","Warren Russell-Smith","Cassette","Good","Unrest","Unannounced gig.","1991 Fall/Winter Regional Dates","Washington","DC","USA","Intro","Great Cop Instrumental","Exit Only","And The Same","Interlude 1","Dear Justice Letter","Reclamation","Interlude 2","Cassavetes Instrumental","Last Chance for a Slow Dance","Styrofoam","Interlude 3","Turnover","Interlude 4","Long Division","Runaway Return","Interlude 5","Stacks","Latin Roots","Interlude 6","Two Beats Off","Interlude 7","Brendan #1","Shut the Door","Encore","Rend It","Interlude 8","Nice New Outfit","Merchandise","Outro",NA,NA,NA,NA,NA,NA,NA,NA,NA,NA
"los-angeles-ca-usa-12492","FLS0418","24/01/1992","Hollywood Palladium","8",4000,"Joey Picuri","Jerry Busher","DAT","Good","L7, Pearl Jam, Lunachicks, Torture Chorus","Benefit for Rock for Choice featuring introduction 
 by Kim Gordon and Alex Winter!","1992 Winter/Spring Regional Dates","Los Angeles","CA","USA","Opening Remarks","Intro","Turnover","Greed","Interlude 1","Runaway Return","Reclamation","Interlude 2","Dear Justice Letter","And The Same","Interlude 3","Margin Walker","Bad Mouth","Burning","Interlude 4","Suggestion","Give Me The Cure","Interlude 5","Long Division","Exit Only","Blueprint","Interlude 6","KYEO","Encore 1","Glueman","Outro",NA,NA,NA,NA,NA,NA,NA,NA,NA,NA,NA,NA,NA,NA
"los-angeles-ca-usa-12592","FLS0419","25/01/1992","Hollywood Palladium","5",4000,"Joey Picuri","Jerry Busher","Cassette","Good","Wool, Lunachicks",NA,"1992 Winter/Spring Regional Dates","Los Angeles","CA","USA","Intro","Cassavetes","Great Cop","Styrofoam","Interlude 1","Sieve-Fisted Find","Facet Squared","Interlude 2","Last Chance for a Slow Dance","Promises","Interlude 3","Lockdown","Waiting Room","Bulldog Front","Song #1","Interlude 4","Instrument","Two Beats Off","Interlude 5","Shut the Door","Encore 1","Brendan #1","Repeater","Reprovisional","Outro",NA,NA,NA,NA,NA,NA,NA,NA,NA,NA,NA,NA,NA,NA,NA
"washington-dc-usa-30692","FLS0420","06/03/1992","St. Stephen's Church Hall","5",NA,"Joey Picuri","Jerry Busher","DAT","Very Good","Haymaker, Mr. Candyeater","Benefit for Washington Free Clinic","1992 Winter/Spring Regional Dates","Washington","DC","USA","Opening Remarks","Joe #1","Facet Squared","Sieve-Fisted Find","Reclamation","Interlude 1","Rend It","Greed","Two Beats Off","Interlude 2","Great Cop","Dear Justice Letter","Long Division","Runaway Return","Interlude 3","Instrument","Last Chance for a Slow Dance","Shut the Door","Encore 1","Stacks","Interlude 4","Cassavetes","Reprovisional","Outro",NA,NA,NA,NA,NA,NA,NA,NA,NA,NA,NA,NA,NA,NA,NA,NA
"washington-dc-usa-40392","FLS0421","03/04/1992","Sanctuary Theater","5",NA,"Joey Picuri","Warren Russell-Smith","Cassette","Very Good","L7, Scrawl","Rock for Choice","1992 Winter/Spring Regional Dates","Washington","DC","USA","Opening Remarks","Reclamation","Merchandise","Nice New Outfit","Interlude 1","And The Same","Two Beats Off","Facet Squared","Last Chance For A Slow Dance","Break-In","Suggestion","Blueprint","Instrument","Dear Justice Letter","Repeater","Encore 1","Brendan #1","Waiting Room","Glueman","Outro",NA,NA,NA,NA,NA,NA,NA,NA,NA,NA,NA,NA,NA,NA,NA,NA,NA,NA,NA,NA
"washington-dc-usa-40492","FLS0422","04/04/1992","Sanctuary Theater","5",NA,"Joey Picuri","Warren Russell-Smith","Cassette","Good","L7, Bikini Kill","Rock for Choice Benefit Concert","1992 Winter/Spring Regional Dates","Washington","DC","USA","Styrofoam","Exit Only","KYEO","Latin Roots","Reclamation","Runaway Return","Great Cop","Margin Walker","Bad Mouth","Give Me The Cure","Song #1","Interlude 4","Rend It","Instrument","Turnover","Long Division","Reprovisional","Encore 1","Suggestion","Outro",NA,NA,NA,NA,NA,NA,NA,NA,NA,NA,NA,NA,NA,NA,NA,NA,NA,NA,NA,NA
"philadelphia-pa-usa-40692","FLS0423","06/04/1992","Trocadero","5",1200,"Joey Picuri","Warren Russell-Smith","Cassette","Very Good","Scrawl, High Karate",NA,"1992 Spring East Coast Tour","Philadelphia","PA","USA","Intro","Joe #1","Sieve-Fisted Find","Reclamation","Dear Justice Letter","Merchandise","Cassavetes","Greed","Two Beats Off","Promises","Margin Walker","Waiting Room","Lockdown","Burning Too","Interlude 1","Blueprint","Instrument","Turnover","Shut the Door","Encore 1","Runaway Return","Stacks","Long Division","Reprovisional","Outro",NA,NA,NA,NA,NA,NA,NA,NA,NA,NA,NA,NA,NA,NA,NA
"hoboken-nj-usa-40792","FLS0424","07/04/1992","Maxwell's","5",200,"Sal Cannestra","Warren Russell-Smith","Cassette","Good","Haymaker",NA,"1992 Spring East Coast Tour","Hoboken","NJ","USA","Cassavetes","Styrofoam","Sieve-Fisted Find","And The Same","Dear Justice Letter","Reclamation","Interlude 1","Two Beats Off","Interlude 2","Great Cop","Interlude 3","Latin Roots","Long Division","Runaway Return","Bad Mouth","Margin Walker","Song #1","Give Me The Cure","Interlude 4","Instrument","Rend It","Exit Only","Repeater","Encore","Brendan #1","Last Chance for a Slow Dance","Promises",NA,NA,NA,NA,NA,NA,NA,NA,NA,NA,NA,NA,NA
"new-york-ny-usa-40892","FLS0425","08/04/1992","Ritz","5",3000,NA,NA,NA,NA,"Shudder to Think, Come",NA,"1992 Spring East Coast Tour","New York","NY","USA",NA,NA,NA,NA,NA,NA,NA,NA,NA,NA,NA,NA,NA,NA,NA,NA,NA,NA,NA,NA,NA,NA,NA,NA,NA,NA,NA,NA,NA,NA,NA,NA,NA,NA,NA,NA,NA,NA,NA,NA
"latham-ny-usa-40992","FLS0426","09/04/1992","Saratoga Winners","5",NA,"Joey Picuri","Warren Russell-Smith","Cassette","Good",NA,NA,"1992 Spring East Coast Tour","Latham","NY","USA","Intro","KYEO","Latin Roots","Greed","Sieve-Fisted Find","Reclamation","Interlude 1","Rend It","Great Cop","Two Beats Off","Repeater","Interlude 2","Bulldog Front","Burning Too","Burning","Interlude 3","Waiting Room","Long Division","Runaway Return","Instrument","Dear Justice Letter","Interlude 4","Promises","Encore","Brendan #1","Suggestion","Give Me The Cure","Outro",NA,NA,NA,NA,NA,NA,NA,NA,NA,NA,NA,NA
"bennington-vt-usa-41092","FLS0427","10/04/1992","Bennington College","5",800,"Joey Picuri","Warren Russell-Smith","Cassette","Good","Lunachicks","Benefit for P.A.V.E.","1992 Spring East Coast Tour","Bennington","VT","USA","Intro","Joe #1","Exit Only","Merchandise","Latin Roots","Interlude 1","And The Same","Rend It","Facet Squared","Sieve-Fisted Find","Reclamation","Interlude 2","Break-In","Suggestion","Interlude 3","Blueprint","Interlude 4","Long Division","Runaway Return","Repeater","Encore","Waiting Room","Bulldog Front","Interlude 5","Instrument","Reprovisional","Outro",NA,NA,NA,NA,NA,NA,NA,NA,NA,NA,NA,NA,NA
"worcester-ma-usa-41192","FLS0428","11/04/1992","Heart of the Commonwealth Theater","5",800,"Joey Picuri","Warren Russell-Smith","Cassette","Good","Alloy, Grind",NA,"1992 Spring East Coast Tour","Worcester","MA","USA","Intro","And The Same","Latin Roots","Promises","Dear Justice Letter","Styrofoam","Interlude 1","Margin Walker","Song #1","Give Me The Cure","Waiting Room","Turnover","Great Cop","Sieve-Fisted Find","KYEO","Encore","Greed","Two Beats Off","Shut the Door","Outro",NA,NA,NA,NA,NA,NA,NA,NA,NA,NA,NA,NA,NA,NA,NA,NA,NA,NA,NA,NA
"portland-me-usa-41292","FLS0429","12/04/1992","Father Hayes Gym Bar","5",750,"Joey Picuri","Warren Russell-Smith","Cassette","Very Good","Vampire Lezbos",NA,"1992 Spring East Coast Tour","Portland","ME","USA","Joe #1","Merchandise","Turnover","Reclamation","Interlude 1","Dear Justice Letter","Facet Squared","Exit Only","Interlude 2","Bad Mouth","Lockdown","Waiting Room","Margin Walker","Long Division","Runaway Return","Instrument","Rend It","Shut the Door","Encore","Promises","Two Beats Off","Repeater","Outro",NA,NA,NA,NA,NA,NA,NA,NA,NA,NA,NA,NA,NA,NA,NA,NA,NA
"new-haven-ct-usa-41392","FLS0430","13/04/1992","Rockbar","5",600,"ANON","Warren Russell-Smith",NA,"Good","Shudder to Think, Livestock",NA,"1992 Spring East Coast Tour","New Haven","CT","USA","Intro","Joe #1","And The Same","Dear Justice Letter","Interlude 1","Styrofoam","Interlude 2","Rend It","Reclamation","Interlude 3","Sieve-Fisted Find","Merchandise","Last Chance for a Slow Dance","Instrument","Interlude 4","Suggestion","Give Me The Cure","Long Division","Blueprint","Promises","Reprovisional",NA,NA,NA,NA,NA,NA,NA,NA,NA,NA,NA,NA,NA,NA,NA,NA,NA,NA,NA
"trenton-nj-usa-41492","FLS0431","14/04/1992","City Gardens","5",950,NA,NA,NA,NA,"Shudder to Think",NA,"1992 Spring East Coast Tour","Trenton","NJ","USA",NA,NA,NA,NA,NA,NA,NA,NA,NA,NA,NA,NA,NA,NA,NA,NA,NA,NA,NA,NA,NA,NA,NA,NA,NA,NA,NA,NA,NA,NA,NA,NA,NA,NA,NA,NA,NA,NA,NA,NA
"amsterdam-netherlands-50192","FLS0432","01/05/1992","Paradiso",NA,1200,"Joey Picuri","Warren Russell-Smith","Cassette","Good","Shudder To Think, De Kift, Tom Cora, JamJar","Suggestion and Shut the Door are both incomplete. The cassette tape ran out!","1992 Spring European Tour","Amsterdam","","Netherlands","Intro","Joe #1","And The Same","Two Beats Off","Merchandise","Dear Justice Letter","Reclamation","Latin Roots","Instrument","Give Me The Cure","Song #1","Margin Walker","Interlude 1","Suggestion","Interlude 2","Rend It","Great Cop","Last Chance For A Slow Dance","Promises","Encore 1","Long Division","Runaway Return","KYEO","Glueman","Encore 2","Blueprint","Shut the Door",NA,NA,NA,NA,NA,NA,NA,NA,NA,NA,NA,NA,NA
"whitstable-england-50492","FLS0433","04/05/1992","Assembly Rooms","3-5Pounds",350,"Joey Picuri","Warren Russell-Smith","Cassette","Very Good","Playground",NA,"1992 Spring European Tour","Whitstable",NA,"England","Intro","Great Cop","Brendan #1","Sieve-Fisted Find","Reclamation","Nice New Outfit","Greed","Rend It","Instrument","Bulldog Front","Burning Too","Burning","Waiting Room","Long Division","Blueprint","Interlude 1","Facet Squared","Dear Justice Letter","Promises","Encore 1","Stacks","Two Beats Off","Repeater","Outro",NA,NA,NA,NA,NA,NA,NA,NA,NA,NA,NA,NA,NA,NA,NA,NA
"portsmouth-england-50592","FLS0434","05/05/1992","Gayety Lounge","3-5Pounds",300,"Joey Picuri","Warren Russell-Smith","Cassette","Good","Scizzormen, Leatherface",NA,"1992 Spring European Tour","Portsmouth",NA,"England","Intro","Styrofoam","Turnover","Merchandise","Latin Roots","Interlude 1","And The Same","Exit Only","Instrument","Rend It","Margin Walker","Bad Mouth","Give Me The Cure","Song #1","Great Cop","Last Chance For A Slow Dance","Shut the Door","Runaway Return","KYEO","Reprovisional","Encore 1","Suggestion","Outro",NA,NA,NA,NA,NA,NA,NA,NA,NA,NA,NA,NA,NA,NA,NA,NA,NA
"cambridge-england-50692","FLS0435","06/05/1992","Junction","3-5Pounds",380,"Joey Picuri",NA,"Cassette","Very Good","Smile, Creed",NA,"1992 Spring European Tour","Cambridge",NA,"England","Joe #1","Interlude 1","Greed","Dear Justice Letter","And The Same","Sieve-Fisted Find","Reclamation","Rend It","Facet Squared","Waiting Room","Margin Walker","Song #1","Lockdown","Long Division","Runaway Return","Instrument","Two Beats Off","Merchandise","Encore 1","Last Chance For A Slow Dance","Repeater","Encore 2","Glueman","Outro",NA,NA,NA,NA,NA,NA,NA,NA,NA,NA,NA,NA,NA,NA,NA,NA
"norwich-england-50792","FLS0436","07/05/1992","Waterfront","3-5Pounds",500,"Joey Picuri","Warren Russell Smith","Cassette","Excellent","Leatherface, Goober Patrol, Pitchshifter",NA,"1992 Spring European Tour","Norwich",NA,"England","Intro","Brendan #1","Turnover","Styrofoam","Interlude 1","Nice New Outfit","Reclamation","Interlude 2","Rend It","Instrument","Interlude 3","Bulldog Front","Suggestion","Give Me The Cure","Bad Mouth","Great Cop","Blueprint","Long Division","Runaway Return","Promises","Encore","Song #1","Margin Walker","Waiting Room","Outro","Long Division","Runaway Return","Promises","Encore","Song #1","Margin Walker","Waiting Room","Outro",NA,NA,NA,NA,NA,NA,NA
"nottingham-england-50892","FLS0437","08/05/1992","Nottingham Polytechnic","3-5Pounds",950,"Joey Picuri","Warren Russell-Smith","Cassette","Very Good","Pitchshifter, Bivouac",NA,"1992 Spring European Tour","Nottingham","","England","Reclamation","Sieve-Fisted Find","And The Same","Two Beats Off","Interlude 1","Facet Squared","Rend It","Promises","Margin Walker","Waiting Room","Burning","Burning Too","Interlude 2","Exit Only","KYEO","Blueprint","Shut the Door","Encore 1","Dear Justice Letter","Repeater","Outro",NA,NA,NA,NA,NA,NA,NA,NA,NA,NA,NA,NA,NA,NA,NA,NA,NA,NA,NA
"london-england-50992","FLS0438","09/05/1992","Brixton Academy","3-5Pounds",4000,"John Loder","Warren Russell-Smith","Cassette","Excellent","Jesus Lizard, Shudder to Think, Leatherface",NA,"1992 Spring European Tour","London",NA,"England","Intro","Joe #1","Styrofoam","Turnover","Reclamation","Latin Roots","Instrument","Interlude 1","Rend It","Great Cop","Interlude 2","Waiting Room","Margin Walker","Suggestion","Break-In","Interlude 3","Last Chance for a Slow Dance","Long Division","Runaway Return","Repeater","Encore 1","Blueprint","Stacks","Glueman","Encore 2","Promises","Outro",NA,NA,NA,NA,NA,NA,NA,NA,NA,NA,NA,NA,NA
"dublin-ireland-51192","FLS0439","11/05/1992","SFX",NA,1300,"Joey Picuri","Warren Russell-Smith","Cassette","Very Good","Chumbawamba, In Motion","Benefit for ACT-UP Ireland","1992 Spring European Tour","Dublin","","Ireland","And The Same","Latin Roots","Reclamation","Dear Justice Letter","Merchandise","Rend It","Great Cop","Give Me The Cure","Suggestion","Long Division","Runaway Return","Interlude 1","Instrument","Two Beats Off","Repeater","Encore 1","Last Chance For A Slow Dance","Blueprint","Encore 2","Promises","Outro",NA,NA,NA,NA,NA,NA,NA,NA,NA,NA,NA,NA,NA,NA,NA,NA,NA,NA,NA
"belfast-northern-ireland-51292","FLS0440","12/05/1992","Queen's University Mandela Hall",NA,700,"Joey Picuri","Warren Russell-Smith","Cassette","Very Good","Tension",NA,"1992 Spring European Tour","Belfast","","Northern Ireland","Intro","Brendan #1","Styrofoam","Sieve-Fisted Find","Greed","Dear Justice Letter","Great Cop","Rend It","Stacks","Interlude 2","Waiting Room","Margin Walker","Bad Mouth","Give Me The Cure","Reclamation","Blueprint","KYEO","Exit Only","Shut the Door","Encore 1","Instrument","Latin Roots","Long Division","Outro",NA,NA,NA,NA,NA,NA,NA,NA,NA,NA,NA,NA,NA,NA,NA,NA
"manchester-england-51492","FLS0441","14/05/1992","Irish Centre Ardri Hall","3-5Pounds",800,"Joey Picuri","Jerry Busher","Cassette","Very Good","Crane, Mexican Pet",NA,"1992 Spring European Tour","Manchester",NA,"England","Intro","Steady Diet","Styrofoam","Nice New Outfit","Greed","Interlude 1","Turnover","Interlude 2","Facet Squared","Rend It","Reclamation","Sieve-Fisted Find","Interlude 3","Song #1","Lockdown","Burning Too","Margin Walker","Interlude 4","Instrument","Blueprint","Interlude 5","Promises","Encore 1","Joe #1","Repeater","Reprovisional","Outro",NA,NA,NA,NA,NA,NA,NA,NA,NA,NA,NA,NA,NA
"newcastle-england-51592","FLS0442","15/05/1992","Riverside","3-5Pounds",720,"Joey Picuri","Warren Russell-Smith","Cassette","Very Good","Puppy Fat",NA,"1992 Spring European Tour","Newcastle",NA,"England","Intro","Sweet And Low","Instrument","Sieve-Fisted Find","Merchandise","Dear Justice Letter","Interlude 1","And The Same","Exit Only","Reclamation","Rend It","Interlude 2","Waiting Room","Bulldog Front","Bad Mouth","Blueprint","Facet Squared","Two Beats Off","Interlude 3","Shut the Door","Encore 1","Great Cop","Stacks","Margin Walker","Outro",NA,NA,NA,NA,NA,NA,NA,NA,NA,NA,NA,NA,NA,NA,NA
"glasgow-scotland-51692","FLS0443","16/05/1992","Barrowland Ballroom","3-5Pounds",2000,"Joey Picuri","Warren Russell-Smith","Cassette","Very Good","Silverfish, Chumbawamba, Dawson",NA,"1992 Spring European Tour","Glasgow","","Scotland","Joe #1","Facet Squared","Sieve-Fisted Find","Styrofoam","Nice New Outfit","Reclamation","Turnover","Interlude 1","Rend It","Instrument","Margin Walker","Suggestion","Give Me The Cure","Waiting Room","Two Beats Off","Long Division","Runaway Return","KYEO","Encore 1","Sweet And Low","Repeater","Reprovisional","Outro",NA,NA,NA,NA,NA,NA,NA,NA,NA,NA,NA,NA,NA,NA,NA,NA,NA
"bradford-england-51792","FLS0444","17/05/1992","Queen's Hall","3-5Pounds",1000,"Joey Picuri","Warren Russell-Smith","Cassette","Good","Crane, Fudge Tunnel",NA,"1992 Spring European Tour","Bradford","","England","Reclamation","Interlude","Sieve-Fisted Find","And The Same","Latin Roots","Great Cop","Last Chance For A Slow Dance","Promises","Turnover","Interlude 2","Song #1","Break-In","Interlude 3","Long Division","Runaway Return","Instrument","Blueprint","Encore","Glueman","Outro",NA,NA,NA,NA,NA,NA,NA,NA,NA,NA,NA,NA,NA,NA,NA,NA,NA,NA,NA,NA
"groningen-netherlands-52092","FLS0445","20/05/1992","Vera",NA,400,"Joey Picuri","Warren Russell-Smith","Cassette","Very Good","Girls Vs. Boys",NA,"1992 Spring European Tour","Groningen","","Netherlands","Intro","Facet Squared","Sieve-Fisted Find","Greed","Nice New Outfit","And The Same","Dear Justice Letter","Reclamation","Rend It","Interlude 1","Burning Too","Lockdown","Song #1","Margin Walker","Interlude 2","Instrument","Turnover","Stacks","Blueprint","Interlude 3","KYEO","Encore 1","Two Beats Off","Shut the Door","Encore 2","Great Cop","Long Division","Runaway Return",NA,NA,NA,NA,NA,NA,NA,NA,NA,NA,NA,NA
"den-bosch-netherlands-52192","FLS0446","21/05/1992","William II",NA,350,"Joey Picuri","Warren Russell-Smith","Cassette","Very Good","Girls Vs. Boys",NA,"1992 Spring European Tour","Den Bosch",NA,"Netherlands","Nedcars","Styrofoam","Latin Roots","Interlude 1","Merchandise","Turnover","Interlude 2","Instrument","Rend It","Repeater","Interlude 3","Give Me The Cure","Waiting Room","Bulldog Front","Bad Mouth","Interlude 4","Last Chance For A Slow Dance","Promises","Interlude 5","Blueprint","Interlude 6","Great Cop","Encore 1","Joe #1","Dear Justice Letter","Interlude 7","Suggestion","Outro",NA,NA,NA,NA,NA,NA,NA,NA,NA,NA,NA,NA
"tongeren-belgium-52292","FLS0447","22/05/1992","Concordia",NA,650,"Joey Picuri","Warren Russell-Smith","Cassette","Good","Girls Vs. Boys, Grooveline Vendetta",NA,"1992 Spring European Tour","Tongeren",NA,"Belgium","Brendan #1","Great Cop","Latin Roots","Merchandise","Interlude 1","Exit Only","Promises","Rend It","Interlude 2","Stacks","Sieve-Fisted Find","Waiting Room","Margin Walker","Song #1","Burning","Interlude 3","Sweet and Low","Long Division","Runaway Return","Shut the Door","Encore 1","Repeater","Interlude 4","Reprovisional","Encore 2","Reclamation","Give Me The Cure","Outro",NA,NA,NA,NA,NA,NA,NA,NA,NA,NA,NA,NA
"venlo-netherlands-52392","FLS0448","23/05/1992","Perron 55",NA,400,"Joey Picuri","Warren Russell-Smith","Cassette","Poor","Girls Vs. Boys",NA,"1992 Spring European Tour","Venlo",NA,"Netherlands","Intro","Reclamation","Turnover","Styrofoam","Nice New Outfit","Interlude 1","Instrument","Rend It","Interlude 2","Facet Squared","Two Beats Off","Interlude 3","Bad Mouth","Lockdown","Waiting Room","Give Me The Cure","Blueprint","Promises","Encore 1","Great Cop","Sieve-Fisted Find","KYEO","Encore 2","Glueman",NA,NA,NA,NA,NA,NA,NA,NA,NA,NA,NA,NA,NA,NA,NA,NA
"den-haag-netherlands-52492","FLS0449","24/05/1992","Paard",NA,350,"Joey Picuri","Warren Russell-Smith","Cassette","Good","Girls Vs. Boys",NA,"1992 Spring European Tour","Den Haag",NA,"Netherlands","Intro","Brendan #1","Greed","Latin Roots","Interlude 1","Repeater","Exit Only","Interlude 2","Great Cop","Sieve-Fisted Find","Reclamation","Last Chance For a Slow Dance","Instrument","Interlude 3","Margin Walker","Suggestion","Break-In","Burning Too","Interlude 4","Two Beats Off","Long Division","Runaway Return","Interlude 5","Shut the Door","Encore 1","Joe #1","Styrofoam","Reprovisional","Encore 2","Sweet and Low","Promises",NA,NA,NA,NA,NA,NA,NA,NA,NA
"diksmuide-belgium-52692","FLS0450","26/05/1992","Boterhalle",NA,445,"Joey Picuri","Warren Russell-Smith","Cassette","Good","Girls Vs. Boys",NA,"1992 Spring European Tour","Diksmuide","","Belgium","Intro","Exit Only","And The Same","Sieve-Fisted Find","Reclamation","Rend It","Facet Squared","Interlude 1","Dear Justice Letter","Interlude 2","Waiting Room","Margin Walker","Song #1","Give Me The Cure","Interlude 3","Merchandise","Two Beats Off","Interlude 4","Instrument","Turnover","Interlude 5","Shut the Door","Encore 1","Great Cop","Latin Roots","Repeater","Encore 2","Steady Diet","Reprovisional","Outro",NA,NA,NA,NA,NA,NA,NA,NA,NA,NA
"paris-france-52792","FLS0451","27/05/1992","Elysee Montmartre",NA,1300,"Joey Picuri","Warren Russell-Smith","Cassette","Very Good","Girls Vs. Boys, M.A.T.",NA,"1992 Spring European Tour","Paris","","France","Intro","Reclamation","Sieve-Fisted Find","Greed","Interlude 1","Latin Roots","Stacks","Turnover","Great Cop","Interlude 2","Rend It","Interlude 3","Suggestion","Give Me The Cure","Waiting Room","Long Division","Runaway Return","Merchandise","Blueprint","Encore 1","Repeater","Two Beats Off","Encore 2","Promises","Encore 3","Glueman","Outro",NA,NA,NA,NA,NA,NA,NA,NA,NA,NA,NA,NA,NA
"poitiers-france-52892","FLS0452","28/05/1992","La Blaiserie",NA,700,"Joey Picuri","Jerry Busher","DAT","Very Good","Dirty District",NA,"1992 Spring European Tour","Poitiers","","France","Intro","Steady Diet","Styrofoam","Latin Roots","And The Same","Interlude 1","Dear Justice Letter","Facet Squared","Rend It","Promises","Margin Walker","Song #1","Bulldog Front","Waiting Room","Interlude 2","Nice New Outfit","Instrument","Turnover","Interlude 3","KYEO","Encore 1","Sieve-Fisted Find","Interlude 4","Shut the Door","Encore 2","Reclamation","Reprovisional","Outro",NA,NA,NA,NA,NA,NA,NA,NA,NA,NA,NA,NA
"bordeaux-france-52992","FLS0453","29/05/1992","Theatre Barbey",NA,860,"Joey Picuri","Fugazi","DAT","Very Good","Dirty Hands, Blind Folded","Previously released on CD (FLS23).","1992 Spring European Tour","Bordeaux","","France","Intro","Brendan #1","Merchandise","Turnover","Greed","Nice New Outfit","Reclamation","Last Chance For A Slow Dance","Great Cop","Exit Only","Song #1","Lockdown","Burning Too","Burning","Long Division","Blueprint","Instrument","Two Beats Off","Repeater","Interlude","Suggestion","Give Me The Cure","Margin Walker","Waiting Room","Sweet And Low","Promises",NA,NA,NA,NA,NA,NA,NA,NA,NA,NA,NA,NA,NA,NA
"toulouse-france-53092","FLS0454","30/05/1992","Le Bikini",NA,270,"Joey Picuri","Warren Russell-Smith","Cassette","Good",NA,NA,"1992 Spring European Tour","Toulouse","","France","Facet Squared","Rend It","Promises","Blueprint","Waiting Room","Break-In","Bad Mouth","Margin Walker","Long Division","Runaway Return","Merchandise","Last Chance for a Slow Dance","Great Cop","Encore 1","Repeater","Reprovisional","Encore 2","Sweet and Low","Shut the Door","Outro",NA,NA,NA,NA,NA,NA,NA,NA,NA,NA,NA,NA,NA,NA,NA,NA,NA,NA,NA,NA
"barcelona-spain-53192","FLS0455","31/05/1992","Zeleste 2",NA,950,"Joey Picuri","Jerry Busher","Cassette","Very Good","Subterranean Kids",NA,"1992 Spring European Tour","Barcelona","","Spain","Intro","And The Same","Interlude 1","Greed","Latin Roots","Promises","Rend It","Great Cop","Turnover","Waiting Room","Margin Walker","Suggestion","Give Me The Cure","Interlude 2","Instrument","Blueprint","Long Division","Runaway Return","KYEO","Encore 1","Joe #1","Reclamation","Reprovisional","Outro",NA,NA,NA,NA,NA,NA,NA,NA,NA,NA,NA,NA,NA,NA,NA,NA
"madrid-spain-60292","FLS0456","02/06/1992","Revolver",NA,350,"Joey Picuri","Warren Russell-Smith","Cassette","Very Good","Ink",NA,"1992 Spring European Tour","Madrid",NA,"Spain","Intro","Brendan #1","Merchandise","Interlude 1","Dear Justice Letter","Styrofoam","Nice New Outfit","Interlude 2","Stacks","Rend It","Instrument","Turnover","Interlude 3","Waiting Room","Lockdown","Song #1","Give Me The Cure","Interlude 4","Reclamation","Exit Only","Long Division","Blueprint","Repeater","Encore 1","Sieve-Fisted Find","Shut the Door","Encore 2","Sweet and Low","Two Beats Off","Promises","Outro",NA,NA,NA,NA,NA,NA,NA,NA,NA
"zaragoza-spain-60392","FLS0457","03/06/1992","En Bruto",NA,300,"Joey Picuri","Warren Russell-Smith","Cassette","Very Good","Ink",NA,"1992 Spring European Tour","Zaragoza","","Spain","Intro","Steady Diet","And The Same","Latin Roots","Reclamation","Interlude 1","Turnover","Interlude 2","Great Cop","Sieve-Fisted Find","Interlude 3","Promises","Margin Walker","Burning Too","Bulldog Front","Waiting Room","Cassavetes","Long Division","Blueprint","Encore 1","Song #1","Reprovisional","Encore 2","Joe #1","KYEO","Encore 3","Glueman",NA,NA,NA,NA,NA,NA,NA,NA,NA,NA,NA,NA,NA
"torino-italy-60592","FLS0458","05/06/1992","Murazzi",NA,1000,"Joey Picuri","Warren Russell-Smith","Cassette","Very Good","Free The Nation","Who would throw a bottle at the band during Waiting Room? Better get a translator to help try to solve the mystery.","1992 Spring European Tour","Torino","","Italy","Intro","Reclamation","Latin Roots","Styrofoam","Interlude 1","Turnover","Promises","Rend It","Facet Squared","Interlude 2","Margin Walker","Waiting Room","Interlude 3","Bulldog Front","Song #1","Interlude 4","Long Division","Runaway Return","Shut the Door","Encore","Two Beats Off","Great Cop","Outro",NA,NA,NA,NA,NA,NA,NA,NA,NA,NA,NA,NA,NA,NA,NA,NA,NA
"pisa-italy-60692","FLS0459","06/06/1992","Macchia Nera",NA,850,"Joey Picuri","Warren Russell-Smith","Cassette","Good","Glommin Geek",NA,"1992 Spring European Tour","Pisa","","Italy","Joe #1","And The Same","Nice New Outfit","Greed","Interlude 1","Turnover","Interlude 2","Great Cop","Last Chance for a Slow Dance","Interlude 3","Bad Mouth","Lockdown","Waiting Room","Break-In","Interlude 4","Blueprint","Instrument","Interlude 5","Sieve-Fisted Find","Reclamation","Encore","Long Division","Runaway Return","KYEO","Outro",NA,NA,NA,NA,NA,NA,NA,NA,NA,NA,NA,NA,NA,NA,NA
"rome-italy-60792","FLS0460","07/06/1992","Forte Prenestino",NA,3500,"Joey Picuri","Warren Russell-Smith","Cassette","Very Good",NA,"Outdoor show in the pouring rain. Cut short by circumstances!","1992 Spring European Tour","Rome","","Italy","Brendan #1","Merchandise","Interlude 1","Latin Roots","Reclamation","Interlude 2","Turnover","Promises","Rend It","Waiting Room",NA,NA,NA,NA,NA,NA,NA,NA,NA,NA,NA,NA,NA,NA,NA,NA,NA,NA,NA,NA,NA,NA,NA,NA,NA,NA,NA,NA,NA,NA
"modena-italy-60892","FLS0461","08/06/1992","Dancing Condor",NA,600,"Joey Picuri","Warren Russell-Smith","Cassette","Very Good",NA,NA,"1992 Spring European Tour","Modena",NA,"Italy","Intro","Steady Diet","Brendan #1","Greed","Latin Roots","Interlude 1","And The Same","Sieve-Fisted Find","Interlude 2","Styrofoam","Rend It","Reclamation","Interlude 3","Margin Walker","Suggestion","Give Me The Cure","Waiting Room","Interlude 4","Turnover","Instrument","Exit Only","Interlude 5","Shut the Door","Encore","Merchandise","Two Beats Off","Long Division","Repeater","Outro",NA,NA,NA,NA,NA,NA,NA,NA,NA,NA,NA
"padova-italy-60992","FLS0462","09/06/1992","C.S.O Pedro",NA,2000,"Joey Picuri","Warren Russell-Smith","Cassette","Good","Frutteti Riarsi",NA,"1992 Spring European Tour","Padova","","Italy","Joe #1","Reclamation","Interlude 1","Sieve-Fisted Find","Interlude 2","Merchandise","Blueprint","Great Cop","Rend It","Repeater","Give Me The Cure","Burning Too","Lockdown","Waiting Room","Long Division","Runaway Return","Promises","Encore","Sweet and Low","Stacks","Reprovisional","Outro",NA,NA,NA,NA,NA,NA,NA,NA,NA,NA,NA,NA,NA,NA,NA,NA,NA,NA
"ljubljana-slovenia-61092","FLS0463","10/06/1992","University Student Bar",NA,1300,"Joey Picuri","Warren Russell-Smith","Cassette","Good","Junkfish",NA,"1992 Spring European Tour","Ljubljana","","Slovenia","Intro","Steady Diet","And The Same","Nice New Outfit","Interlude 1","Reclamation","Exit Only","Greed","Rend It","Interlude 2","Promises","Latin Roots","Interlude 3","Waiting Room","Margin Walker","Suggestion","Give Me The Cure","Interlude 4","KYEO","Long Division","Blueprint","Encore","Two Beats Off","Great Cop","Reprovisional","Outro",NA,NA,NA,NA,NA,NA,NA,NA,NA,NA,NA,NA,NA,NA
"budapest-hungary-61192","FLS0464","11/06/1992","Black Hole/Fekete Lyuk",NA,750,"Joey Picuri","Jerry Busher","Cassette","Good","ADM",NA,"1992 Spring European Tour","Budapest","","Hungary","Intro","Joe #1","Reclamation","Sieve-Fisted Find","Merchandise","Interlude 1","Rend It","Interlude 2","Instrument","Dear Justice Letter","Styrofoam","Turnover","Interlude 3","Waiting Room","Margin Walker","Bad Mouth","Bulldog Front","Long Division","Runaway Return","Interlude 4","Stacks","Two Beats Off","Repeater","Encore 1","Blueprint","Promises","Encore 2","Sweet and Low","Great Cop","Reprovisional",NA,NA,NA,NA,NA,NA,NA,NA,NA,NA
"prague-czechoslovakia-61392","FLS0465","13/06/1992","Roxy",NA,1000,"Joey Picuri","Warren Russell-Smith","Cassette","Very Good","Mr. T Experience, Tech Ahead",NA,"1992 Spring European Tour","Prague",NA,"Czechoslovakia","Brendan #1","Merchandise","Interlude 1","Nice New Outfit","Reclamation","Interlude 2","Turnover","Greed","Rend It","Great Cop","Exit Only","Interlude 3","Suggestion","Give Me The Cure","Waiting Room","Margin Walker","Interlude 4","Long Division","Blueprint","KYEO","Interlude 5","Runaway Return","Encore 1","Styrofoam","Latin Roots","Shut the Door","Encore 2","Repeater","Glueman",NA,NA,NA,NA,NA,NA,NA,NA,NA,NA,NA
"vienna-austria-61492","FLS0466","14/06/1992","Arena",NA,1000,"Joey Picuri","Jerry Busher","Cassette","Very Good","Alloy, Tech Ahead",NA,"1992 Spring European Tour","Vienna","","Austria","Intro","Steady Diet","Greed","Latin Roots","Reclamation","Nice New Outfit","And The Same","Interlude 1","Rend It","Facet Squared","Turnover","Interlude 2","Stacks","Sieve-Fisted Find","Interlude 3","Song #1","Break-In","Waiting Room","Lockdown","Interlude 4","Long Division","Runaway Return","Promises","Encore 1","Blueprint","Great Cop","Reprovisional","Encore 2","Sweet and Low","Exit Only","Interlude 5","KYEO","Encore 3","Suggestion","Outro",NA,NA,NA,NA,NA
"wels-austria-61592","FLS0467","15/06/1992","Schlachthof",NA,600,"Joey Picuri","Warren Russell-Smith","Cassette","Very Good","Tech Ahead, Sexual Spastics",NA,"1992 Spring European Tour","Wels","","Austria","Joe #1","Merchandise","Interlude 1","Dear Justice Letter","Interlude 2","Reclamation","Sieve-Fisted Find","Styrofoam","Last Chance for a Slow Dance","Promises","Exit Only","Interlude 3","Burning Too","Margin Walker","Waiting Room","Give Me The Cure","Interlude 4","Instrument","Rend It","Repeater","Encore","Two Beats Off","Shut the Door","Outro",NA,NA,NA,NA,NA,NA,NA,NA,NA,NA,NA,NA,NA,NA,NA,NA
"munich-germany-61692","FLS0468","16/06/1992","Theaterfabrik",NA,1600,"Joey Picuri","Jerry Busher","Cassette","Very Good","Tech Ahead, Blume",NA,"1992 Spring European Tour","Munich","","Germany","Merchandise","Nice New Outfit","Greed","Latin Roots","Intro","Reclamation","Sieve-Fisted Find","Facet Squared","Rend It","Interlude 1","Stacks","Turnover","Interlude 2","Song #1","Give Me The Cure","Waiting Room","Burning","Interlude 3","Long Division","Runaway Return","Great Cop","Two Beats Off","Promises","Encore 1","Sweet and Low","Repeater","Interlude 4","Reprovisional","Outro",NA,NA,NA,NA,NA,NA,NA,NA,NA,NA,NA
"hohenems-austria-61792","FLS0469","17/06/1992","Transmitter Festival",NA,750,"Joey Picuri","Warren Russell-Smith","Cassette","Good","Alloy, Tech Ahead",NA,"1992 Spring European Tour","Hohenems","","Austria","Intro","Joe #1","Styrofoam","Interlude 1","Blueprint","Merchandise","Nice New Outfit","Greed","Rend It","Interlude 2","Instrument","Turnover","Interlude 3","Bad Mouth","Bulldog Front","Waiting Room","Margin Walker","Promises","Interlude 4","Two Beats Off","Repeater","Encore","Sieve-Fisted Find","Reclamation","Reprovisional","Outro",NA,NA,NA,NA,NA,NA,NA,NA,NA,NA,NA,NA,NA,NA
"zurich-switzerland-61892","FLS0470","18/06/1992","Rote Fabrik",NA,1326,"Joey Picuri","Warren Russell-Smith","Cassette","Very Good","Tech Ahead",NA,"1992 Spring European Tour","Zurich","","Switzerland","Intro","Brendan #1","Merchandise","Dear Justice Letter","Styrofoam","Rend It","Reclamation","Two Beats Off","Great Cop","Exit Only","Interlude 1","Burning Too","Margin Walker","Waiting Room","Give Me The Cure","Interlude 2","Long Division","Runaway Return","Interlude 3","Stacks","Blueprint","Encore 1","Repeater","Reprovisional","Encore 2","Turnover","Promises","Outro",NA,NA,NA,NA,NA,NA,NA,NA,NA,NA,NA,NA
"frankfurt-germany-61992","FLS0471","19/06/1992","Hugenotten Halle",NA,1500,"Joey Picuri","Warren Russell-Smith","Cassette","Good","Tech Ahead, No Twist","""Treat this like your grandmother's house.""","1992 Spring European Tour","Frankfurt","","Germany","Intro","Joe #1","And The Same","Interlude 1","Latin Roots","Interlude 2","Merchandise","Turnover","Greed","Nice New Outfit","Interlude 3","Instrument","Rend It","Promises","Interlude 4","Margin Walker","Waiting Room","Bulldog Front","Song #1","Long Division","Blueprint","Encore 1","Great Cop","Dear Justice Letter","Shut the Door","Encore 2","Suggestion","Outro",NA,NA,NA,NA,NA,NA,NA,NA,NA,NA,NA,NA
"ulm-germany-62092","FLS0472","20/06/1992","Stadthalle Langenau",NA,1500,"Joey Picuri","Warren Russell-Smith","Cassette","Good","Tech Ahead, No Twist",NA,"1992 Spring European Tour","Ulm","","Germany","Steady Diet","And The Same","Sieve-Fisted Find","Reclamation","Exit Only","Facet Squared","Rend It","Long Division","Runaway Return","Interlude 1","Burning Too","Burning","Interlude 2","Waiting Room","Break-In","Interlude 3","Great Cop","Last Chance for a Slow Dance","Promises","Encore","Two Beats Off","Merchandise","Blueprint","Glueman",NA,NA,NA,NA,NA,NA,NA,NA,NA,NA,NA,NA,NA,NA,NA,NA
"nuremberg-germany-62292","FLS0473","22/06/1992","Komm",NA,700,"Joey Picuri","Warren Russell-Smith","Cassette","Good","Tech Ahead, Franz Flak",NA,"1992 Spring European Tour","Nuremberg","","Germany","Intro","Joe #1","Greed","Nice New Outfit","And The Same","Interlude 1","Reclamation","Turnover","Interlude 2","Instrument","Rend It","Styrofoam","Give Me The Cure","Song #1","Margin Walker","Waiting Room","Interlude 3","Great Cop","Blueprint","Encore","Sweet and Low","Repeater","Reprovisional","Outro",NA,NA,NA,NA,NA,NA,NA,NA,NA,NA,NA,NA,NA,NA,NA,NA
"neuhausen-auf-den-fildern-germany-62392","FLS0474","23/06/1992","Egelseehalle",NA,1000,"Joey Picuri","Warren Russell-Smith","Cassette","Good","Tech Ahead, Coltello",NA,"1992 Spring European Tour","Neuhausen auf den Fildern","","Germany","Styrofoam","Latin Roots","And The Same","Exit Only","Interlude 1","Stacks","Sieve-Fisted Find","Reclamation","Interlude 2","Rend It","Facet Squared","Interlude 3","Lockdown","Waiting Room","Break-In","Song #1","Long Division","Blueprint","Great Cop","Encore 1","Repeater","Dear Justice Letter","Shut the Door","Encore 2","Turnover","Promises","Outro",NA,NA,NA,NA,NA,NA,NA,NA,NA,NA,NA,NA,NA
"v-schwenningen-germany-62492","FLS0475","24/06/1992","Canape",NA,600,"Joey Picuri","Warren Russell-Smith","Cassette","Good","Tech Ahead",NA,"1992 Spring European Tour","V-Schwinnigen",NA,"Germany","Intro","Sieve-Fisted Find","Merchandise","Nice New Outfit","Greed","Interlude 1","Rend It","Instrument","Turnover","Interlude 2","Burning Too","Margin Walker","Waiting Room","Give Me The Cure","Promises","Exit Only","KYEO","Encore 1","Sweet and Low","Blueprint","Repeater","Encore 2","Last Chance for a Slow Dance","Great Cop","Reprovisional","Outro",NA,NA,NA,NA,NA,NA,NA,NA,NA,NA,NA,NA,NA,NA
"hannover-germany-62592","FLS0476","25/06/1992","Glocksee",NA,700,"Joey Picuri","Warren Russell-Smith","Cassette","Good","Tech Ahead, No Twist","""I am an elephant and I sell waffles.""","1992 Spring European Tour","Hannover","","Germany","Intro","Runaway Return","Steady Diet","And The Same","Sieve-Fisted Find","Interlude 1","Merchandise","Interlude 2","Rend It","Instrument","Blueprint","Interlude 3","Suggestion","Interlude 4","Give Me The Cure","Waiting Room","Interlude 5","Promises","Two Beats Off","Great Cop","Encore","Last Chance for a Slow Dance","Long Division","Repeater","Outro",NA,NA,NA,NA,NA,NA,NA,NA,NA,NA,NA,NA,NA,NA,NA
"poznan-poland-62692","FLS0477","26/06/1992","Eskulap",NA,600,"Joey Picuri","Jerry Busher","Cassette","Good","?",NA,"1992 Spring European Tour","Poznan",NA,"Poland","Joe #1","Merchandise","Intro","Latin Roots","Reclamation","Turnover","Interlude 1","Stacks","Sieve-Fisted Find","Interlude 2","Instrument","Rend It","Promises","Interlude 3","Margin Walker","Song #1","Break-In","Waiting Room","Interlude 4","Blueprint","Interlude 5","KYEO","Interlude 6","Dear Justice Letter","Long Division","Encore 1","Brendan #1","Repeater","Reprovisional","Outro",NA,NA,NA,NA,NA,NA,NA,NA,NA,NA
"berlin-germany-62892","FLS0478","28/06/1992","Tempodrom",NA,2800,"Joey Picuri","Fugazi","Cassette","Very Good","Tech Ahead, The Notwist","Previously released on CD (FLS06)","1992 Spring European Tour","Berlin","","Germany","Intro","Cassavetes","And The Same","Exit Only","Merchandise","Turnover","Reclamation","Rend It","Facet Squared","Latin Roots","Suggestion","Burning","Waiting Room","Margin Walker","Long Division","Blueprint","Promises","Sweet and Low","Last Chance for a Slow Dance","Repeater","Song #1","Glueman",NA,NA,NA,NA,NA,NA,NA,NA,NA,NA,NA,NA,NA,NA,NA,NA,NA,NA
"osnabruck-germany-62992","FLS0479","29/06/1992","Hyde Park",NA,1300,"Joey Picuri","Warren Russell-Smith","Cassette","Good","The Pygmies, Tech Ahead",NA,"1992 Spring European Tour","Osnabruck",NA,"Germany","Brendan #1","Greed","Interlude 1","Nice New Outfit","Styrofoam","Interlude 2","Rend It","Reclamation","Turnover","Interlude 3","Instrument","Exit Only","Interlude 4","Bad Mouth","Lockdown","Waiting Room","Interlude 5","Give Me The Cure","Promises","Two Beats Off","Repeater","Encore 1","Shut The Door","Reprovisional","Encore 2","Sweet and Low","Long Division","Runaway Return","Outro",NA,NA,NA,NA,NA,NA,NA,NA,NA,NA,NA
"dortmund-germany-63092","FLS0480","30/06/1992","Music Circus",NA,1300,"Joey Picuri","Warren Russell-Smith","Cassette","Very Good","Tech Ahead, No Twist",NA,"1992 Spring European Tour","Dortmund","","Germany","Intro","Merchandise","Sieve-Fisted Find","And The Same","Exit Only","Reclamation","Interlude","Rend It","Promises","Margin Walker","Burning Too","Give Me The Cure","Waiting Room","Long Division","Blueprint","Repeater","Encore","Turnover","Greed","Two Beats Off","Great Cop","Outro",NA,NA,NA,NA,NA,NA,NA,NA,NA,NA,NA,NA,NA,NA,NA,NA,NA,NA
"koln-germany-70192","FLS0481","01/07/1992","Rhenania",NA,800,"Joey Picuri","Warren Russell-Smith","Cassette","Good","Tech Ahead, House of Suffering","""Money never sleeps.""","1992 Spring European Tour","Koln","","Germany","Steady Diet","And The Same","Sieve-Fisted Find","Styrofoam","Interlude 1","Rend It","Facet Squared","Turnover","Interlude 2","Waiting Room","Margin Walker","Song #1","Bulldog Front","Interlude 3","Instrument","Latin Roots","Interlude 4","Promises","Encore 1","Long Division","Blueprint","Encore 2","Sweet and Low","Shut the Door","Outro",NA,NA,NA,NA,NA,NA,NA,NA,NA,NA,NA,NA,NA,NA,NA
"hamburg-germany-70292","FLS0482","02/07/1992","Fabrik",NA,1461,"Joey Picuri","Jerry Busher","Cassette","Good","Tech Ahead",NA,"1992 Spring European Tour","Hamburg",NA,"Germany","Merchandise","Interlude 1","Nice New Outfit","Interlude 2","Stacks","Turnover","Interlude 3","Reclamation","Rend It","Instrument","Sieve-Fisted Find","Interlude 4","Song #1","Lockdown","Interlude 5","Waiting Room","Margin Walker","Interlude 6","Promises","Two Beats Off","Long Division","Runaway Return","Interlude 7","KYEO","Encore 1","Blueprint","Great Cop","Reprovisional","Interlude 8","Styrofoam","Latin Roots","Sweet and Low","Outro",NA,NA,NA,NA,NA,NA,NA
"bremen-germany-70392","FLS0483","03/07/1992","Schlachthof",NA,1000,"Joey Picuri","Warren Russell-Smith","Cassette","Very Good","Alloy, Tech Ahead",NA,"1992 Spring European Tour","Bremen","","Germany","Intro","Joe #1","And The Same","Dear Justice Letter","Reclamation","Nice New Outfit","Facet Squared","Interlude 1","Last Chance for a Slow Dance","Promises","Turnover","Interlude 2","Suggestion","Margin Walker","Waiting Room","Give Me The Cure","Interlude 3","Long Division","Blueprint","Encore 1","Great Cop","Rend It","Repeater","Encore 2","Two Beats Off","Shut the Door","Outro",NA,NA,NA,NA,NA,NA,NA,NA,NA,NA,NA,NA,NA
"copenhagen-denmark-70492","FLS0484","04/07/1992","Ungdomshuset",NA,500,"Joey Picuri","Jerry Busher","Cassette","Good","Chippendales","Including our one and only live attempt at surf tunes and, on vocals, a 7' tall drunk Dane with a giant mohawk!","1992 Spring European Tour","Copenhagen","","Denmark","Intro","Steady Diet","Merchandise","Interlude 1","Exit Only","And The Same","Turnover","Interlude 2","Reclamation","Rend It","Facet Squared","Sieve-Fisted Find","Interlude 3","Waiting Room","Margin Walker","Bad Mouth","Break-In","Interlude 4","Great Cop","Blueprint","Interlude 5","Long Division","Runaway Return","Interlude 6","Promises","Encore 1","Surf Tune 1","Surf Tune 2","Repeater","Nice New Outfit","Interlude 7","Stacks","Encore 2","Reprovisional",NA,NA,NA,NA,NA,NA
"oslo-norway-70692","FLS0485","06/07/1992","Rockefeller Music Hall",NA,1200,"Joey Picuri","Jerry Busher","Cassette","Good","So Much Hate",NA,"1992 Spring European Tour","Oslo","","Norway","Brendan #1","Greed","Interlude 1","Turnover","Interlude 2","Reclamation","Exit Only","Facet Squared","Rend It","Merchandise","Interlude 3","Latin Roots","Interlude 4","Suggestion","Give Me The Cure","Waiting Room","Margin Walker","Long Division","Blueprint","Promises","Encore 1","Runaway Return","Great Cop","Sieve-Fisted Find","Interlude 5","Shut the Door","Outro",NA,NA,NA,NA,NA,NA,NA,NA,NA,NA,NA,NA,NA
"gavle-sweden-70892","FLS0486","08/07/1992","Cafe Q",NA,150,"Joey Picuri","Warren Russell-Smith","Cassette","Good","Ashram",NA,"1992 Spring European Tour","Gavle","","Sweden","Intro","Steady Diet","Merchandise","Interlude 1","Nice New Outfit","Greed","Sieve-Fisted Find","Interlude 2","Reclamation","Rend It","Instrument","Margin Walker","Waiting Room","Bulldog Front","Song #1","Blueprint","Long Division","Runaway Return","Promises","Encore","Sweet and Low","Repeater","Reprovisional","Outro",NA,NA,NA,NA,NA,NA,NA,NA,NA,NA,NA,NA,NA,NA,NA,NA
"nijmegen-netherlands-71192","FLS0487","11/07/1992","Doornroosje",NA,500,"Joey Picuri","Jerry Busher","Cassette","Good","Bambix",NA,"1992 Spring European Tour","Nijmegen","","Netherlands","Facet Squared","Exit Only","And The Same","Rend It","Merchandise","Interlude 1","Runaway Return","Interlude 2","Instrument","Turnover","Interlude 3","Song #1","Break-In","Waiting Room","Give Me The Cure","Long Division","Blueprint","Reclamation","Last Chance for a Slow Dance","Promises","Encore 1","Sweet and Low","Great Cop","Reprovisional","Encore 2","Suggestion","Glueman",NA,NA,NA,NA,NA,NA,NA,NA,NA,NA,NA,NA,NA
"washington-dc-usa-72592","FLS0488","25/07/1992","US Capitol Plaza Supreme Court","Free",2000,"Joey Picuri","Jerry Busher","Cassette","Good","Bikini Kill, Egg&Dudley","Supreme Court Protest","1992 Summer/Fall Regional Dates","Washington","DC","USA","Intro","Sweet and Low","Blueprint","Reclamation","Interlude 1","Rend It","Facet Squared","Exit Only","Promises","Dear Justice Letter","Instrument","Two Beats Off","Interlude 2","Great Cop","Last Chance for a Slow Dance","Long Division","Runaway Return","Interlude 3","KYEO","Outro",NA,NA,NA,NA,NA,NA,NA,NA,NA,NA,NA,NA,NA,NA,NA,NA,NA,NA,NA,NA
"washington-dc-usa-083192","FLS1055","31/08/1992","Fort Reno","Free",NA,"ANON","Warren Russell Smith","VHS audio","Good","Slant 6",NA,"1992 Summer/Fall Regional Dates","Washington","DC","USA","Intro","Reclamation","Latin Roots","And The Same","Rend It","Facet Squared","Interlude 1","Blueprint","Interlude 2","Great Cop","Cassavetes","Long Division","Runaway Return","Interlude 3","Instrument","Last Chance for a Slow Dance","Promises","Reprovisional","Encore","Suggestion","Break-In","Shut the Door","Outro",NA,NA,NA,NA,NA,NA,NA,NA,NA,NA,NA,NA,NA,NA,NA,NA,NA
"washington-dc-usa-102392","FLS0489","23/10/1992","Sanctuary Theater","5",NA,"Joey Picuri","Warren Russell-Smith",NA,"Good","Chumbawamba, Negu Gorriak","Benefit for Washington Inner City Self-Help & After School Kids","1992 Summer/Fall Regional Dates","Washington","DC","USA","Intro","Last Chance for a Slow Dance","Interlude 1","Instrument","Interlude 2","Walken's Syndrome","Interlude 3","23 Beats Off","Rend It","Facet Squared","Interlude 4","Cassavetes","Interlude 5","Repeater","Margin Walker","Waiting Room","Interlude 6","Returning The Screw","Smallpox Champion","Interlude 7","Brendan #1","Interlude 8","Stacks","Interlude 9","Turnover",NA,NA,NA,NA,NA,NA,NA,NA,NA,NA,NA,NA,NA,NA,NA
"baltimore-md-usa-102592","FLS0490","25/10/1992","Steelworkers Hall","5",NA,"ANON","Warren Russell-Smith","Cassette","Good","Lungfish, Womyn of Destruction","Benefit for Maryland for Choice","1992 Summer/Fall Regional Dates","Baltimore","MD","USA","Returning The Screw","Smallpox Champion","Styrofoam","Dear Justice Letter","And The Same","Interlude 1","Walken's Syndrome","Interlude 2","Shut the Door","Interlude 3","Break-In","Suggestion","Blueprint","Interlude 4","Great Cop","Last Chance for a Slow Dance","Reclamation","Outro",NA,NA,NA,NA,NA,NA,NA,NA,NA,NA,NA,NA,NA,NA,NA,NA,NA,NA,NA,NA,NA,NA
"virginia-beach-va-usa-20493","FLS0491","04/02/1993","Peppermint Beach Club","5",1200,"Joey Picuri","Jerry Busher","DAT","Very Good","Shudder to Think, Slant 6",NA,"1993 Winter Southern USA Tour","Virginia Beach","VA","USA","Facet Squared","Brendan #1","Interlude 1","Rend It","Styrofoam","Interlude 2","Runaway Return","And The Same","Smallpox Champion","Returning the Screw","Interlude 3","Margin Walker","Suggestion","Interlude 4","Two Beats Off","Great Cop","Interlude 5","Blueprint","Repeater","Encore 1","Last Chance for a Slow Dance","Reclamation","Sweet and Low","Outro",NA,NA,NA,NA,NA,NA,NA,NA,NA,NA,NA,NA,NA,NA,NA,NA
"chapel-hill-nc-usa-20593","FLS0492","05/02/1993","Cat's Cradle","5",760,"Joey Picuri","Jerry Busher","DAT","Very Good","Shudder to Think, Slant 6",NA,"1993 Winter Southern USA Tour","Chapel Hill","NC","USA","Intro","Rend It","Great Cop","Interlude 1","Exit Only","Merchandise","Interlude 2","Public Witness Program","Interlude 3","Stacks","Turnover","Interlude 4","Walken's Syndrome","Instrument","Give Me The Cure","Bad Mouth","Long Division","Runaway Return","Interlude 5","Promises","Interlude 6","Nice New Outfit","Greed","Interlude 7","Smallpox Champion","Encore 1","Joe #1","Cassavetes","Interlude 8","KYEO","Interlude 9","Last Chance for a Slow Dance","Repeater","Outro",NA,NA,NA,NA,NA,NA
"wilmington-nc-usa-20693","FLS0493","06/02/1993","Jacob's Run","5",850,"Joey Picuri","Jerry Busher","DAT","Very Good","Shudder to Think, Slant 6, Wretched Son",NA,"1993 Winter Southern USA Tour","Wilmington","NC","USA","Intro","Reprovisional","Great Cop","Interlude 1","Sieve-Fisted Find","Styrofoam","Interlude 2","Rend It","Interlude 3","Long Division","Blueprint","Interlude 4","Instrument","Interlude 5","Bulldog Front","Waiting Room","Interlude 6","Walken's Syndrome","Merchandise","Two Beats Off","Interlude 7","Shut the Door","Interlude 8","Facet Squared","Dear Justice Letter","Reclamation","Outro",NA,NA,NA,NA,NA,NA,NA,NA,NA,NA,NA,NA,NA
"columbia-sc-usa-20793","FLS0494","07/02/1993","National Guard Armory","5",700,"Joey Picuri","Jerry Busher","DAT","Good","Slant 6, Lay Quiet Awhile, 134",NA,"1993 Winter Southern USA Tour","Columbia","SC","USA","Intro","Joe #1","Exit Only","Greed","Interlude 1","Blueprint","Interlude 2","Stacks","Public Witness Program","Interlude 3","Instrument","Sieve-Fisted Find","Reclamation","Interlude 4","Smallpox Champion","Returning the Screw","Burning","Interlude 5","Waiting Room","Margin Walker","Bad Mouth","Interlude 6","Turnover","Long Division","Rend It","Outro",NA,NA,NA,NA,NA,NA,NA,NA,NA,NA,NA,NA,NA,NA
"charlotte-nc-usa-20893","FLS0495","08/02/1993","Thirteen Thirteen","5",650,"Joey Picuri","Warren Russell-Smith","DAT","Poor","Shudder to Think, Slant 6",NA,"1993 Winter Southern USA Tour","Charlotte","NC","USA","Smallpox Champion","Styrofoam","Latin Roots","Interlude 1","And The Same","Blueprint","23 Beats Off","Rend It","Repeater","Give Me The Cure","Burning Too","Public Witness Program","Great Cop","Interlude 2","Last Chance for a Slow Dance","Reclamation","Two Beats Off","Encore","Interlude 3","Waiting Room","Glueman",NA,NA,NA,NA,NA,NA,NA,NA,NA,NA,NA,NA,NA,NA,NA,NA,NA,NA,NA
"atlanta-ga-usa-20993","FLS0496","09/02/1993","Masquerade","5",1350,"Joey Picuri","Jerry Busher","DAT","Good","Shudder to Think, Whoremonger",NA,"1993 Winter Southern USA Tour","Atlanta","GA","USA","Intro","Sweet and Low","Promises","Walken's Syndrome","Interlude 1","Stacks","Public Witness Program","Greed","Turnover","Interlude 2","Great Cop","Rend It","Merchandise","Burning","Interlude 3","Suggestion","Give Me The Cure","Interlude 4","Last Chance for a Slow Dance","Instrument","Reprovisional","Encore 1","Long Division","Blueprint","Interlude 5","Shut the Door","Outro",NA,NA,NA,NA,NA,NA,NA,NA,NA,NA,NA,NA,NA
"atlanta-ga-usa-21093","FLS0497","10/02/1993","Masquerade","5",1450,"Joey Picuri","Jerry Busher","DAT","Good","Shudder to Think, Tweezer",NA,"1993 Winter Southern USA Tour","Atlanta","GA","USA","Intro","Facet Squared","Brendan #1","Interlude 1","Nice New Outfit","Reclamation","Interlude 2","Rend It","Styrofoam","Interlude 3","Smallpox Champion","Interlude 4","Returning the Screw","Lockdown","Waiting Room","Margin Walker","Song #1","Interlude 5","Last Chance for a Slow Dance","Long Division","Runaway Return","Interlude 6","Instrument","Exit Only","Encore 1","KYEO","Two Beats Off","Repeater","Outro",NA,NA,NA,NA,NA,NA,NA,NA,NA,NA,NA
"savannah-ga-usa-21193","FLS0498","11/02/1993","Knights of Columbus Hall","5",600,"Joey Picuri","Jerry Busher","DAT","Good","Shudder to Think, 8 Ball",NA,"1993 Winter Southern USA Tour","Savannah","GA","USA","Intro","Steady Diet","Great Cop","Interlude 1","Blueprint","Reclamation","Interlude 2","Public Witness Program","Styrofoam","Sieve-Fisted Find","Promises","Cassavetes","Interlude 3","Waiting Room","Bulldog Front","Interlude 4","Song #1",NA,NA,NA,NA,NA,NA,NA,NA,NA,NA,NA,NA,NA,NA,NA,NA,NA,NA,NA,NA,NA,NA,NA
"jacksonville-fl-usa-21293","FLS0499","12/02/1993","Club 5","5",1200,"Joey Picuri","Jerry Busher","DAT","Very Good","Shudder to Think",NA,"1993 Winter Southern USA Tour","Jacksonville","FL","USA","Smallpox Champion","Interlude 1","Shut the Door","Interlude 2","Instrument","Interlude 3","Two Beats Off","Interlude 4","Promises","Sweet and Low","Outro",NA,NA,NA,NA,NA,NA,NA,NA,NA,NA,NA,NA,NA,NA,NA,NA,NA,NA,NA,NA,NA,NA,NA,NA,NA,NA,NA,NA,NA
"orlando-fl-usa-21393","FLS0500","13/02/1993","Edge","5",1600,"Joey Picuri","Jerry Busher","DAT","Very Good","Shudder to Think, Adventures In Immortality",NA,"1993 Winter Southern USA Tour","Orlando","FL","USA","Intro","Long Division","Blueprint","Interlude 1","Facet Squared","Public Witness Program","Styrofoam","Last Chance for a Slow Dance","Reclamation","Exit Only","Interlude 2","Waiting Room","Bulldog Front","Interlude 3","Returning the Screw","Smallpox Champion","Interlude 4","And The Same","Turnover","Encore 1","Two Beats Off","Interlude 5","Repeater","Rend It","Outro",NA,NA,NA,NA,NA,NA,NA,NA,NA,NA,NA,NA,NA,NA,NA
"fort-lauderdale-fl-usa-21493","FLS0501","14/02/1993","Edge","5",1650,"Joey Picuri","Fugazi","DAT","Very Good","Shudder to Think, Pontius Pilate","Benefit for Shake-A-Leg. Previously released on CD (FLS07).","1993 Winter Southern USA Tour","Fort Lauderdale","FL","USA","Intro","Joe #1","Facet Squared","Walken's Syndrome","Reclamation","Turnover","Promises","Rend It","Merchandise","Give Me The Cure","Suggestion","Exit Only","Greed","Public Witness Program","Great Cop","Blueprint","Shut The Door","Waiting Room","Glueman",NA,NA,NA,NA,NA,NA,NA,NA,NA,NA,NA,NA,NA,NA,NA,NA,NA,NA,NA,NA,NA
"tampa-fl-usa-21693","FLS0502","16/02/1993","Ritz","5",1500,"Joey Picuri","Jerry Busher","DAT","Good","Shudder to Think",NA,"1993 Winter Southern USA Tour","Tampa","FL","USA","Intro","Reclamation","Brendan #1","Dear Justice Letter","Interlude 1","Facet Squared","Rend It","Shut the Door","Smallpox Champion","Interlude 2","Returning the Screw","Interlude 3","Lockdown","Waiting Room","Margin Walker","Song #1","Interlude 4","Two Beats Off","Long Division","Runaway Return","Interlude 5","Instrument","Last Chance for a Slow Dance","Repeater","Encore 1","Merchandise","Exit Only","Interlude 6","Promises","Joe #1",NA,NA,NA,NA,NA,NA,NA,NA,NA,NA
"gainesville-fl-usa-21793","FLS0503","17/02/1993","Florida Theater","5",1450,"Joey Picuri","Jerry Busher","DAT","Very Good","Shudder to Think, Bombshell",NA,"1993 Winter Southern USA Tour","Gainesville","FL","USA","Intro","Turnover","Styrofoam","Public Witness Program","Great Cop","Nice New Outfit","Interlude 1","KYEO","Rend It","Facet Squared","Give Me The Cure","Interlude 2","Waiting Room","Bulldog Front","Bad Mouth","Interlude 3","Smallpox Champion","Returning the Screw","Blueprint","Promises","Sweet and Low","Encore 1","Sieve-Fisted Find","Merchandise","Interlude 4","Cassavetes","Interlude 5","Suggestion","Outro",NA,NA,NA,NA,NA,NA,NA,NA,NA,NA,NA
"athens-ga-usa-21893","FLS0504","18/02/1993","40 Watt","5",500,"Joey Picuri","Jerry Busher","DAT","Very Good","Shudder to Think",NA,"1993 Winter Southern USA Tour","Athens","GA","USA","Intro","Smallpox Champion","Facet Squared","Blueprint","Greed","Sieve-Fisted Find","Reclamation","Interlude 1","Rend It","Instrument","Exit Only","Interlude 2","Promises","Break-In","Burning Too","Burning","Waiting Room","Interlude 3","Last Chance for a Slow Dance","Long Division","Runaway Return","Interlude 4","KYEO","Encore 1","Joe #1","Repeater","Dear Justice Letter","Styrofoam","Outro",NA,NA,NA,NA,NA,NA,NA,NA,NA,NA,NA
"athens-ga-usa-21993","FLS0505","19/02/1993","40 Watt","5",1000,"Joey Picuri","Jerry Busher","DAT","Very Good","Superchunk, Unrest",NA,"1993 Winter Southern USA Tour","Athens","GA","USA","Intro","Reprovisional","Brendan #1","Interlude 1","Great Cop","Walken's Syndrome","And The Same","Turnover","Interlude 2","Instrument","Rend It","Interlude 3","Margin Walker","Suggestion","Give Me The Cure","Waiting Room","Interlude 4","Public Witness Program","Interlude 5","23 Beats Off","Two Beats Off","Interlude 6","Shut the Door","Encore 1","Sweet and Low","Song #1","Glueman",NA,NA,NA,NA,NA,NA,NA,NA,NA,NA,NA,NA,NA
"greensboro-nc-usa-22093","FLS0506","20/02/1993","Trim Shop","5",750,"Joey Picuri","Jerry Busher","DAT","Very Good","Shudder to Think, Bad Dreamhouse",NA,"1993 Winter Southern USA Tour","Greensboro","NC","USA","Reclamation","Walken's Syndrome","Merchandise","Public Witness Program","Interlude 1","Instrument","Exit Only","And The Same","Interlude 2","Nice New Outfit","Greed","Interlude 3","Bulldog Front","Waiting Room","Lockdown","Interlude 4","Bad Mouth","Interlude 5","Rend It","Facet Squared","Sieve-Fisted Find","Promises","Encore 1","Returning the Screw","Interlude 6","Smallpox Champion","Interlude 7","Suggestion","Outro",NA,NA,NA,NA,NA,NA,NA,NA,NA,NA,NA
"richmond-va-usa-22193","FLS0507","21/02/1993","Floodzone","5",900,"Joey Picuri","Jerry Busher","DAT","Very Good","Coral, Slant 6",NA,"1993 Winter Southern USA Tour","Richmond","VA","USA","Intro","Smallpox Champion","Reclamation","Interlude 1","Latin Roots","Interlude 2","Styrofoam","Public Witness Program","Facet Squared","Turnover","Long Division","Rend It","Great Cop","Burning","Burning Too","Interlude 3","Margin Walker","Waiting Room","Interlude 4","Blueprint","Interlude 5","23 Beats Off","Two Beats Off","Interlude 6","Shut the Door","Encore 1","Walken's Syndrome","Merchandise","Interlude 7","Reprovisional","Outro",NA,NA,NA,NA,NA,NA,NA,NA,NA
"washington-dc-usa-32193","FLS0508","08/03/1993","Freedom Plaza","Free",NA,"Joey Picuri","Jerry Busher","DAT","Poor",NA,"Rally for the Homeless","1993 Winter/Spring Regional Dates","Washington","DC","USA","Opening Remarks","Blueprint","Interlude 1","Reclamation","Walken's Syndrome","Interlude 2","Facet Squared","Dear Justice Letter","Interlude 3","Repeater","Smallpox Champion","Interlude 4","Turnover","Styrofoam","Rend It","Instrument","Interlude 5","Runaway Return","Interlude 6","And The Same","Public Witness Program","Outro",NA,NA,NA,NA,NA,NA,NA,NA,NA,NA,NA,NA,NA,NA,NA,NA,NA,NA
"college-park-md-usa-40293","FLS0509","02/04/1993","University of Maryland Ritchie Coliseum","5",2000,"Joey Picuri","Jerry Busher","DAT","Very Good","Slant 6, Hoover","Benefit for Washington Free Clinic","1993 Spring USA Tour","College Park","MD","USA","Opening Remarks","Intro","Reprovisional","Facet Squared","Nice New Outfit","Stacks","Interlude 1","Rend It","Interlude 2","23 Beats Off","Exit Only","Interlude 3","Reclamation","Public Witness Program","Interlude 4","KYEO","Interlude 5","Turnover","Returning the Screw","Smallpox Champion","Interlude 6","Styrofoam","Walken's Syndrome","Interlude 7","Shut the Door","Interlude 8","Last Chance for a Slow Dance","Outro",NA,NA,NA,NA,NA,NA,NA,NA,NA,NA,NA,NA
"charlottesville-va-usa-40493","FLS0510","04/04/1993","Trax","5",950,"Joey Picuri","Jerry Busher","DAT","Good","Jawbox",NA,"1993 Spring USA Tour","Charlottesville","VA","USA","Intro","Joe #1","Stacks","Sieve-Fisted Find","Greed","Interlude 1","Rend It","Facet Squared","Exit Only","Reclamation","Walken's Syndrome","Interlude 2","Great Cop","Turnover","Promises","Blueprint","Interlude 3","Give Me The Cure","Song #1","Margin Walker","Waiting Room","Interlude 4","Smallpox Champion","Interlude 5","Instrument","Encore 1","Long Division","Runaway Return","Repeater","Outro",NA,NA,NA,NA,NA,NA,NA,NA,NA,NA
"knoxville-tn-usa-40593","FLS0511","05/04/1993","Electric Ballroom","5",1010,"Joey Picuri","Jerry Busher","DAT","Good","Hypertribe, Lawn Darts",NA,"1993 Spring USA Tour","Knoxville","TN","USA","Intro","Blueprint","Merchandise","Interlude 1","Public Witness Program","Interlude 2","Facet Squared","Nice New Outfit","Interlude 3","KYEO","Cassavetes","And The Same","Turnover","Interlude 4","Waiting Room","Lockdown","Bad Mouth","Burning","Interlude 5","Long Division","Two Beats Off","Shut the Door","Encore 1","Brendan #1","Rend It","Great Cop","Sweet and Low","Repeater","Outro",NA,NA,NA,NA,NA,NA,NA,NA,NA,NA,NA
"nashville-tn-usa-40693","FLS0512","06/04/1993","328 Performance","5",1500,"Joey Picuri","Jerry Busher","DAT","Very Good","Buzzkill",NA,"1993 Spring USA Tour","Nashville","TN","USA","Intro","Joe #1","Reclamation","Walken's Syndrome","Facet Squared","Turnover","Interlude 1","Styrofoam","Exit Only","Interlude 2","Instrument","Smallpox Champion","Returning the Screw","Interlude 3","Margin Walker","Suggestion","Burning","Interlude 4","Waiting Room","Interlude 5","Rend It","Great Cop","Blueprint","Encore 1","Stacks","Two Beats Off","Interlude 6","Promises","Sweet and Low","Outro",NA,NA,NA,NA,NA,NA,NA,NA,NA,NA
"memphis-tn-usa-40793","FLS0513","07/04/1993","Omni New Daisy","5",850,"Joey Picuri","Jerry Busher","DAT","Very Good","Substance",NA,"1993 Spring USA Tour","Memphis","TN","USA","Intro","Steady Diet","Merchandise","Public Witness Program","And The Same","Dear Justice Letter","Interlude 1","Great Cop","Walken's Syndrome","Shut the Door","Smallpox Champion","Interlude 2","Returning the Screw","Margin Walker","Waiting Room","Give Me The Cure","Burning Too","Interlude 3","Rend It","Long Division","Blueprint","KYEO","Encore 1","Turnover","Reclamation","Cassavetes","Repeater","Outro",NA,NA,NA,NA,NA,NA,NA,NA,NA,NA,NA,NA
"jackson-ms-usa-40893","FLS0514","08/04/1993","Midnight Sun","5",750,"Joey Picuri","Jerry Busher","DAT","Good","Tarentella, Stretch Armstrong",NA,"1993 Spring USA Tour","Jackson","MS","USA","Intro","Blueprint","Merchandise","Walken's Syndrome","Facet Squared","Latin Roots","Interlude 1","And The Same","Rend It","Promises","Interlude 2","Lockdown","Suggestion","Give Me The Cure","Waiting Room","Interlude 3","Nice New Outfit","Interlude 4","Instrument","Turnover","Encore 1","Smallpox Champion","Long Division","Runaway Return","Repeater","Outro",NA,NA,NA,NA,NA,NA,NA,NA,NA,NA,NA,NA,NA,NA
"new-orleans-la-usa-40993","FLS0515","09/04/1993","New Orleans Music Hall","5",1400,"Joey Picuri","Jerry Busher","DAT","Very Good","Cows, Janitor Joe",NA,"1993 Spring USA Tour","New Orleans","LA","USA","Intro","Reprovisional","Facet Squared","Walken's Syndrome","Reclamation","Exit Only","Styrofoam","Interlude 1","Rend It","Great Cop","Turnover","Interlude 2","Shut the Door","Break-In","Waiting Room","Margin Walker","Suggestion","Last Chance for a Slow Dance","Repeater","Encore 1","Smallpox Champion","Returning the Screw","Glueman",NA,NA,NA,NA,NA,NA,NA,NA,NA,NA,NA,NA,NA,NA,NA,NA,NA
"houston-tx-usa-41093","FLS0516","10/04/1993","Phoenix Ballroom","5",2400,"Joey Picuri","Jerry Busher","DAT","Good","Manhole, Dive",NA,"1993 Spring USA Tour","Houston","TX","USA","Intro","Joe #1","Reclamation","Public Witness Program","Facet Squared","Exit Only","Interlude 1","Stacks","Rend It","Instrument","Interlude 2","Two Beats Off","Promises","Interlude 3","Give Me The Cure","Waiting Room","Bulldog Front","Returning the Screw","Smallpox Champion","Interlude 4","KYEO","Encore 1","Dear Justice Letter","Long Division","Walken's Syndrome","Merchandise","Outro",NA,NA,NA,NA,NA,NA,NA,NA,NA,NA,NA,NA,NA
"bryan-tx-usa-41193","FLS0517","11/04/1993","Stafford Opera House","5",500,"Joey Picuri","Jerry Busher","DAT","Very Good","El Santos, Yuck",NA,"1993 Spring USA Tour","Bryan","TX","USA","Intro","Brendan #1","Styrofoam","Latin Roots","And The Same","Public Witness Program","Great Cop","Sieve-Fisted Find","Greed","Turnover","Interlude 1","23 Beats Off","Exit Only","Interlude 2","Song #1","Lockdown","Bad Mouth","Interlude 3","Smallpox Champion","Returning the Screw","Interlude 4","Blueprint","Interlude 5","Shut the Door","Rend It","Reclamation","Sweet and Low","Outro",NA,NA,NA,NA,NA,NA,NA,NA,NA,NA,NA,NA
"austin-tx-usa-41293","FLS0518","12/04/1993","Liberty Lunch","5",1000,"Joey Picuri","Jerry Busher","DAT","Good","Faucet",NA,"1993 Spring USA Tour","Austin","TX","USA","Intro","Facet Squared","Interlude 1","Walken's Syndrome","Merchandise","Nice New Outfit","Interlude 2","Greed","Interlude 3","Public Witness Program","Instrument","Two Beats Off","Promises","Interlude 4","Smallpox Champion","Returning the Screw","Interlude 5","Bulldog Front","Burning Too","Burning","Interlude 6","Waiting Room","Interlude 7","Blueprint","Long Division","Rend It","KYEO","Encore 1","Runaway Return","Great Cop","Interlude 8","Latin Roots","Brendan #1","Outro",NA,NA,NA,NA,NA,NA
"austin-tx-usa-41393","FLS0519","13/04/1993","Liberty Lunch","5",1000,"Joey Picuri","Jerry Busher","DAT","Good","Come",NA,"1993 Spring USA Tour","Austin","TX","USA","Exit Only","Intro","Reclamation","Walken's Syndrome","Instrument","Turnover","Styrofoam","Interlude 1","Last Chance for a Slow Dance","Shut the Door","Interlude 2","Give Me The Cure","Suggestion","Interlude 3","Dear Justice Letter","Interlude 4","Stacks","Rend It","Repeater","Encore 1","Sweet and Low","Long Division","Blueprint","Interlude 5","Waiting Room","Outro",NA,NA,NA,NA,NA,NA,NA,NA,NA,NA,NA,NA,NA,NA
"san-antonio-tx-usa-41493","FLS0520","14/04/1993","Showcase Special Events","5",1300,"Joey Picuri","Warren Russell-Smith","DAT","Very Good","El Santos, Glorium",NA,"1993 Spring USA Tour","San Antonio","TX","USA","Intro","Reclamation","Walken's Syndrome","Interlude 1","Merchandise","Latin Roots","Interlude 2","Great Cop","Public Witness Program","Interlude 3","And The Same","Reprovisional","Facet Squared","Interlude 4","Cassavetes","Interlude 5","Suggestion","Give Me The Cure","Waiting Room","Interlude 6","Smallpox Champion","Returning The Screw","Interlude 7","Sieve-Fisted Find","Promises","Encore","Joe #1","Two Beats Off","Repeater","Interlude 8","Glueman",NA,NA,NA,NA,NA,NA,NA,NA,NA
"dallas-tx-usa-41693","FLS0521","16/04/1993","Bomb Factory","5",2000,"Joey Picuri","Jerry Busher","DAT","Good","Bedhead, Wayward Girl",NA,"1993 Spring USA Tour","Dallas","TX","USA","Intro","Joe #1","Styrofoam","Public Witness Program","Interlude 1","Shut the Door","Rend It","Interlude 2","Merchandise","Interlude 3","Latin Roots","Instrument","Exit Only","Reclamation","Interlude 4","Margin Walker","Waiting Room","Give Me The Cure","Interlude 5","Returning the Screw","Smallpox Champion","Long Division","Runaway Return","Interlude 6","Promises","Encore 1","Interlude 7","Repeater","Two Beats Off","Interlude 8","Stacks",NA,NA,NA,NA,NA,NA,NA,NA,NA
"norman-ok-usa-41793","FLS0522","17/04/1993","Hollywood Theater","5",1000,"Joey Picuri","Jerry Busher","DAT","Very Good","Clovis, Season To Risk",NA,"1993 Spring USA Tour","Norman","OK","USA","Intro","Brendan #1","Turnover","And The Same","Walken's Syndrome","Facet Squared","Latin Roots","Reclamation","Cassavetes","Interlude 1","23 Beats Off","Exit Only","Interlude 2","Waiting Room","Lockdown","Bad Mouth","Reprovisional","Long Division","Blueprint","Interlude 3","Greed","Public Witness Program","Shut the Door","Encore 1","Styrofoam","Nice New Outfit","Interlude 4","Suggestion","Outro",NA,NA,NA,NA,NA,NA,NA,NA,NA,NA,NA
"lubbock-tx-usa-41893","FLS0523","18/04/1993","19th st. Depot Warehouse","5",400,"Joey Picuri","Jerry Busher","DAT","Very Good","Degenerates",NA,"1993 Spring USA Tour","Lubbock","TX","USA","Intro","Blueprint","Merchandise","Interlude 1","Dear Justice Letter","Interlude 2","Facet Squared","Public Witness Program","Interlude 3","Stacks","Turnover","Interlude 4","Promises","Interlude 5","Margin Walker","Song #1","Give Me The Cure","Waiting Room","Interlude 6","Walken's Syndrome","Instrument","Sieve-Fisted Find","Reclamation","Interlude 7","Latin Roots","KYEO","Encore 1","Joe #1","Exit Only","Interlude 8","Repeater","Sweet and Low","Outro",NA,NA,NA,NA,NA,NA,NA
"el-paso-tx-usa-41993","FLS0524","19/04/1993","Club 101","5",700,"Joey Picuri","Jerry Busher","DAT","Good","Spoke Poker, Spin Drifters",NA,"1993 Spring USA Tour","El Paso","TX","USA","Intro","Reclamation","Walken's Syndrome","Interlude 1","Styrofoam","Nice New Outfit","Facet Squared","Rend It","Interlude 2","KYEO","Turnover","Instrument","Cassavetes","Interlude 3","Waiting Room","Margin Walker","Burning Too","Interlude 4","Smallpox Champion","Returning the Screw","Interlude 5","Sieve-Fisted Find","Promises","Encore 1","Exit Only","Interlude 6","Long Division","Blueprint","Repeater","Outro",NA,NA,NA,NA,NA,NA,NA,NA,NA,NA
"tucson-az-usa-42093","FLS0525","20/04/1993","Coyote's","5",1200,"Joey Picuri","Warren Russell-Smith","DAT","Very Good","Fuzz","The Longest Division!","1993 Spring USA Tour","Tucson","AZ","USA","Intro","Joe #1","Greed","Exit Only","Merchandise","Interlude 1","Latin Roots","Facet Squared","Rend It","And The Same","Turnover","Interlude 2","Suggestion","Give Me The Cure","Waiting Room","Burning","Interlude 3","Returning The Screw","Smallpox Champion","Long Division","Runaway Return","Interlude 4","Shut The Door","Encore","Cassavetes","Great Cop","Blueprint","KYEO","Sweet and Low",NA,NA,NA,NA,NA,NA,NA,NA,NA,NA,NA
"las-vegas-nv-usa-42293","FLS0526","22/04/1993","Huntridge Theater","5",850,"Joey Picuri","Jerry Busher","DAT","Good","Dead Marilyn, Scrubs",NA,"1993 Spring USA Tour","Las Vegas","NV","USA","Intro","Steady Diet","Reclamation","Sieve-Fisted Find","Styrofoam","Interlude 1","Walken's Syndrome","Facet Squared","Interlude 2","Blueprint","Interlude 3","Long Division","Runaway Return","Instrument","Exit Only","Interlude 4","Waiting Room","Interlude 5","Bulldog Front","Interlude 6","Suggestion","Give Me The Cure","Interlude 7","Great Cop","Public Witness Program","Promises","Encore 1","Rend It","Interlude 8","Stacks","Reprovisional","Repeater","Outro",NA,NA,NA,NA,NA,NA,NA
"los-angeles-ca-usa-42393","FLS0527","23/04/1993","Hollywood Palladium","6",3300,"Joey Picuri","Warren Russell-Smith","DAT","Good","Fluf, Truman's Water","Instrument interrupted by a shoe to Ian's face!","1993 Spring USA Tour","Los Angeles","CA","USA","Intro","Joe #1","Styrofoam","Walken's Syndrome","Facet Squared","Turnover","Interlude 1","And The Same","Latin Roots","Interlude 2","Instrument","Rend It","Interlude 3","Song #1","Burning","Interlude 4","Burning Too","Smallpox Champion","Returning The Screw","Blueprint","Long Division","Encore","Two Beats Off","Shut The Door",NA,NA,NA,NA,NA,NA,NA,NA,NA,NA,NA,NA,NA,NA,NA,NA
"los-angeles-ca-usa-42493","FLS0528","24/04/1993","Hollywood Palladium","6",3700,"Joey Picuri","Warren Russell-Smith","DAT","Very Good","Wool, Slug, Dead Fucking Last",NA,"1993 Spring USA Tour","Los Angeles","CA","USA","Intro","Reclamation","Public Witness Program","Merchandise","Interlude 1","Runaway Return","Greed","Interlude 2","Rend It","23 Beats Off","Exit Only","Interlude 3","Promises","Margin Walker","Suggestion","Give Me The Cure","Great Cop","Cassavetes","Stacks","Reprovisional","Repeater","Encore","Last Chance for a Slow Dance","By You","Sieve-Fisted Find","KYEO","Sweet and Low","Outro",NA,NA,NA,NA,NA,NA,NA,NA,NA,NA,NA,NA
"los-angeles-ca-usa-42593","FLS0529","25/04/1993","Hollywood Palladium","6",3900,"Joey Picuri","Warren Russell-Smith","DAT","Very Good","Sandy Duncan's Eye, Trashcan School",NA,"1993 Spring USA Tour","Los Angeles","CA","USA","Intro","Brendan #1","Merchandise","Dear Justice Letter","And The Same","Walken's Syndrome","Great Cop","Nice New Outfit","Reclamation","Interlude 1","Smallpox Champion","Returning The Screw","Lockdown","Interlude 2","Waiting Room","Break-In","Long Division","Blueprint","Interlude 3","Instrument","Cassavetes","Shut The Door","Encore","Interlude 4","Steady Diet","Repeater","Glueman",NA,NA,NA,NA,NA,NA,NA,NA,NA,NA,NA,NA,NA
"san-diego-ca-usa-42693","FLS0530","26/04/1993","Soma","5",1200,"Joey Picuri","Warren Russell-Smith","DAT","Very Good","3 Mile Pilot",NA,"1993 Spring USA Tour","San Diego","CA","USA","Intro","Facet Squared","Public Witness Program","Interlude 1","Reclamation","Runaway Return","Interlude 2","Merchandise","Interlude 3","Cassavetes","Instrument","Interlude 4","Two Beats Off","Promises","Exit Only","Interlude 5","Suggestion","Give Me The Cure","Waiting Room","Interlude 6","Rend It","Great Cop","Interlude 7","Blueprint","Encore","Long Division","Walken's Syndrome","KYEO","Sweet and Low","Outro",NA,NA,NA,NA,NA,NA,NA,NA,NA,NA
"santa-barbara-ca-usa-42793","FLS0531","27/04/1993","Anaconda","5",950,"Joey Picuri","Warren Russell-Smith","DAT","Good","Bikini Kill",NA,"1993 Spring USA Tour","Santa Barbara","CA","USA","Opening remarks","Joe #1","And the Same","Public Witness Program","Styrofoam","Interlude 1","Cassavetes","Facet Squared","Two Beats Off","Interlude 2","Shut the Door","Exit Only","Interlude 3","Returning The Screw","Smallpox Champion","Reclamation","Rend It","Interlude 4","Long Division","Blueprint","Repeater","Encore 1","Interlude 5","Great Cop","Walken's Syndrome","Merchandise","Interlude 6","Reprovisional",NA,NA,NA,NA,NA,NA,NA,NA,NA,NA,NA,NA
"watsonville-ca-usa-42893","FLS0532","28/04/1993","Veteran's Memorial Hall","5",1300,"Joey Picuri","Warren Russell-Smith","DAT","Good","Hedgehog",NA,"1993 Spring USA Tour","Watsonville","CA","USA","Opening Remarks","By You Instrumental","Exit Only","Facet Squared","Turnover","Merchandise","Walken's Syndrome","Reclamation","Two Beats Off","Promises","Interlude 1","Give Me the Cure","Song #1","Burning","Interlude 2","Waiting Room","Interlude 3","Rend It","Instrument","Interlude 4","Runaway Return","Long Division","Blueprint","KYEO","Outro",NA,NA,NA,NA,NA,NA,NA,NA,NA,NA,NA,NA,NA,NA,NA
"berkeley-ca-usa-43093","FLS0533","30/04/1993","UC Berkeley Sproul Plaza",NA,5000,"Joey Picuri","Jerry Busher","DAT","Good",NA,"Free Show","1993 Spring USA Tour","Berkeley","CA","USA","Intro","Joe #1","Reclamation","Walken's Syndrome","Facet Squared","Interlude 1","Dear Justice Letter","Interlude 2","Shut the Door","Interlude 3","Blueprint","Interlude 4","Long Division","Runaway Return","Interlude 5","Great Cop","Rend It","Interlude 6","Suggestion","Give Me The Cure","Outro",NA,NA,NA,NA,NA,NA,NA,NA,NA,NA,NA,NA,NA,NA,NA,NA,NA,NA,NA
"san-franscisco-ca-usa-50193","FLS0534","01/05/1993","Fort Mason Pier C","5",4000,"Joey Picuri","Warren Russell-Smith","DAT","Very Good","L Cid, Gr'ups, Raooul","Proceeds to CESTA Youth Center in Czech Republic","1993 Spring USA Tour","San Francisco","CA","USA","Intro","Turnover","Merchandise","Public Witness Program","Facet Squared","Latin Roots","Interlude 1","Stacks","Rend It","23 Beats Off","Two Beats Off","Interlude 2","Promises","Interlude 3","Margin Walker","Waiting Room","Interlude 4","Give Me The Cure","Interlude 5","Returning The Screw","Smallpox Champion","Interlude 6","And The Same","Exit Only","Reclamation","Encore","Cassavetes","Instrument","Runaway Return","Repeater","Sweet and Low","Outro",NA,NA,NA,NA,NA,NA,NA,NA
"sacramento-ca-usa-50293","FLS0535","02/05/1993","Crest Theater","5",1000,"Joey Picuri","Warren Russell-Smith","DAT","Good","Tigertrap",NA,"1993 Spring USA Tour","Sacramento","CA","USA","Opening Remarks","Smallpox Champion","Styrofoam","Blueprint","Reclamation","Rend It","Great Cop","Latin Roots","Interlude 1","Greed","Two Beats Off","Suggestion","Burning","Burning Too","Sieve-Fisted Find","Promises","Cassavetes","Instrument","Exit Only","KYEO","Encore","Sweet and Low","Repeater","Glueman",NA,NA,NA,NA,NA,NA,NA,NA,NA,NA,NA,NA,NA,NA,NA,NA
"eugene-or-usa-50493","FLS0536","04/05/1993","W.O.W. Hall","5",400,"Joey Picuri","Warren Russell-Smith","DAT","Poor","Oswald 5-0",NA,"1993 Spring USA Tour","Eugene","OR","USA","Intro","Reclamation","Walken's Syndrome","Facet Squared","Interlude 1","Latin Roots","And The Same","Public Witness Program","Interlude 2","Instrument","Two Beats Off","Promises","Rend It","Interlude 3","Waiting Room","Margin Walker","Bad Mouth","Interlude 4","Blueprint","Merchandise","Interlude 5","Dear Justice Letter","Long Division","Runaway Return","Encore","Great Cop","Nice New Outfit","Shut the Door","Sweet and Low","Outro",NA,NA,NA,NA,NA,NA,NA,NA,NA,NA
"portland-or-usa-50593","FLS0537","05/05/1993","Melody Ballroom","5",800,"Joey Picuri",NA,NA,"Very Good","New Bad Things, Adickdid","Warning: The machine used to record this show had some issues and there are numerous digital drop-outs towards the end of the recording. If anyone else has a recording of this show, we would love to get it into the archive. Thanks!","1993 Spring USA Tour","Portland","OR","USA","23 Beats Off","Exit Only","Interlude 1","Merchandise","Latin Roots","Interlude 2","Song #1","Break-In","Suggestion","Burning","Interlude 3","Returning The Screw","Smallpox Champion","Interlude 4","Promises","Encore","Two Beats Off","Long Division","Nice New Outfit","KYEO","Outro",NA,NA,NA,NA,NA,NA,NA,NA,NA,NA,NA,NA,NA,NA,NA,NA,NA,NA,NA
"seattle-wa-usa-50693","FLS0538","06/05/1993","Oz","5",1200,"Joey Picuri",NA,NA,"Good","Mecca Normal",NA,"1993 Spring USA Tour","Seattle","WA","USA","Intro","Reclamation","Interlude 1","Great Cop","Exit Only","Stacks","Turnover","Facet Squared","Walken's Syndrome","Interlude 2","Burning Too","Give Me The Cure","Waiting Room","Interlude 3","Rend It","Instrument","Two Beats Off","Interlude 4","Shut the Door","Encore","Long Division","Cassavetes","Repeater","Sweet and Low","Outro",NA,NA,NA,NA,NA,NA,NA,NA,NA,NA,NA,NA,NA,NA,NA
"vancouver-bc-canada-50793","FLS0539","07/05/1993","Plaza of Nations","6 (canadian)",3200,"Joey Picuri","Warren Russell-Smith","DAT","Very Good","Mecca Normal, Sparkmarker","First two songs have digital distortion, but things clear up after that.","1993 Spring USA Tour","Vancouver","BC","Canada","Intro","Joe #1","Exit Only","Merchandise","Rend It","Interlude 1","Facet Squared","Blueprint","Reclamation","Interlude 2","Walken's Syndrome","Promises","Interlude 3","Margin Walker","Suggestion","Give Me The Cure","Waiting Room","Interlude 4","Smallpox Champion","Returning The Screw","Interlude 5","Runaway Return","Interlude 6","KYEO","Interlude 7","Reprovisional","Outro",NA,NA,NA,NA,NA,NA,NA,NA,NA,NA,NA,NA,NA
"olympia-wa-usa-50893","FLS0540","08/05/1993","Capitol Theater","5",1200,"Joey Picuri","Warren Russell-Smith","DAT","Very Good","Kicking Giant, Lync","Listen as the poor company is shown the door!","1993 Spring USA Tour","Olympia","WA","USA","Intro","Turnover","Greed","Public Witness Program","Interlude 1","Two Beats Off","Interlude 2","Long Division","Interlude 3","Blueprint","Facet Squared","Rend It","Reclamation","Latin Roots","23 Beats Off","Exit Only","Waiting Room","Bulldog Front","Song #1","Smallpox Champion","Returning The Screw","Runaway Return","Encore 1","Repeater","Last Chance for a Slow Dance","Promises",NA,NA,NA,NA,NA,NA,NA,NA,NA,NA,NA,NA,NA,NA
"bellevue-wa-usa-50993","FLS0541","09/05/1993","YMCA","5",1000,"Joey Picuri","Warren Russell-Smith","DAT","Very Good","Spinnanes",NA,"1993 Spring USA Tour","Bellevue","WA","USA","Intro","Brendan #1","Merchandise","Interlude 1","Public Witness Program","Interlude 2","Instrument","Runaway Return","Interlude 3","Promises","Cassavetes","Interlude 4","Great Cop","Interlude 5","Margin Walker","Suggestion","Give Me The Cure","Interlude 6","Returning The Screw","Smallpox Champion","Interlude 7","Long Division","Blueprint","Encore","KYEO","Walken's Syndrome","Waiting Room","Glueman","Outro",NA,NA,NA,NA,NA,NA,NA,NA,NA,NA,NA
"kennewick-wa-usa-51493","FLS0542","14/05/1993","Fairgrounds","5",1500,"Joey Picuri","Warren Russell-Smith","DAT","Good","Heatmiser, Maybe Days",NA,"1993 Spring USA Tour","Kennewick","WA","USA","Intro","Joe #1","Exit Only","Reclamation","Sieve-Fisted Find","Facet Squared","Interlude 1","Rend It","Interlude 2","Merchandise","Latin Roots","Interlude 3","Promises","Walken's Syndrome","Interlude 4","Song #1","Give Me The Cure","Interlude 5","Waiting Room","Interlude 6","Smallpox Champion","Returning The Screw","Interlude 7","Blueprint","Repeater","Encore","Brendan #1","Turnover","Interlude 8","KYEO","Sweet and Low","Outro",NA,NA,NA,NA,NA,NA,NA,NA
"boise-id-usa-51593","FLS0543","15/05/1993","Boise State University Jordan Ballroom","5",950,"Joey Picuri","Warren Russell-Smith","DAT","Good","Dirt Fisherman",NA,"1993 Spring USA Tour","Boise","ID","USA","Intro","Steady Diet","Interlude 1","Greed","Public Witness Program","And The Same","Nice New Outfit","Interlude 2","Instrument","Interlude 3","Cassavetes","Reclamation","Dear Justice Letter","Interlude 4","Suggestion","Margin Walker","Waiting Room","Interlude 5","Long Division","Runaway Return","Interlude 6","Shut the Door","Encore","Great Cop","Blueprint","Interlude 7","Repeater","Outro",NA,NA,NA,NA,NA,NA,NA,NA,NA,NA,NA,NA
"salt-lake-city-ut-usa-51693","FLS0544","16/05/1993","Utah State Fairpark Coliseum","5",2000,"Joey Picuri","Warren Russell-Smith","DAT","Very Good","Rocket From The Crypt, Clawhammer",NA,"1993 Spring USA Tour","Salt Lake City","UT","USA","Intro","Reprovisional","Facet Squared","Walken's Syndrome","And The Same","Interlude 1","Turnover","Interlude 2","Promises","Rend It","Instrument","Interlude 3","Give Me The Cure","Waiting Room","Interlude 4","Burning","Interlude 4","Returning the Screw","Smallpox Champion","Long Division","Two Beats Off","Encore","Great Cop","Blueprint","Reclamation","Sweet and Low","Outro",NA,NA,NA,NA,NA,NA,NA,NA,NA,NA,NA,NA,NA
"denver-co-usa-51893","FLS0545","18/05/1993","Mammoth Events Center","5",2400,"Joey Picuri","Warren Russell-Smith","DAT","Very Good","Belljar",NA,"1993 Spring USA Tour","Denver","CO","USA","Intro","Reclamation","Nice New Outfit","Greed","Walken's Syndrome","Facet Squared","Interlude 1","Turnover","Shut the Door","Interlude 2","Rend It","Interlude 3","23 Beats Off","Exit Only","Interlude 4","Waiting Room","Bulldog Front","Song #1","Interlude 5","Blueprint","Great Cop","Two Beats Off","Repeater","Encore","Brendan #1","Latin Roots","Promises","Sweet and Low","Outro",NA,NA,NA,NA,NA,NA,NA,NA,NA,NA,NA
"laramie-wy-usa-51993","FLS0546","19/05/1993","University of Wyoming Ballroom","5",240,"Joey Picuri","Warren Russell-Smith","DAT","Poor","Social Joke",NA,"1993 Spring USA Tour","Laramie","WY","USA","Intro","Joe #1","Merchandise","Interlude 1","Public Witness Program","Interlude 2","Facet Squared","Sieve-Fisted Find","Reclamation","Exit Only","Interlude 3","Instrument","Walken's Syndrome","Promises","Interlude 4","Give Me The Cure","Waiting Room","Margin Walker","Interlude 5","Returning The Screw","Smallpox Champion","Interlude 6","Long Division","Blueprint","Outro",NA,NA,NA,NA,NA,NA,NA,NA,NA,NA,NA,NA,NA,NA,NA
"omaha-ne-usa-52193","FLS0547","21/05/1993","Peony Park Royal Grove","5",2800,"Joey Picuri","Warren Russell-Smith","DAT","Very Good","Unrest, Ritual Device, Sideshow",NA,"1993 Spring USA Tour","Omaha","NE","USA","Intro","Joe #1","Facet Squared","Walken's Syndrome","Reclamation","Dear Justice Letter","Interlude 1","And The Same","Turnover","Interlude 2","Great Cop","Rend It","Interlude 3","Promises","Exit Only","Interlude 4","Waiting Room","Lockdown","Interlude 5","Suggestion","Interlude 6","Blueprint","Instrument","Public Witness Program","Repeater","Encore","Long Division","Two Beats Off","Interlude 7","KYEO","Sweet and Low","Outro",NA,NA,NA,NA,NA,NA,NA,NA
"des-moines-ia-usa-52293","FLS0548","22/05/1993","Hairy Mary's","5",700,"Joey Picuri","Jerry Busher","DAT","Good","Unrest",NA,"1993 Spring USA Tour","Des Moines","IA","USA","Intro","Styrofoam","Nice New Outfit","Greed","Interlude 1","Cassavetes","Facet Squared","Interlude 2","Runaway Return","And The Same","Last Chance for a Slow Dance","Instrument","Two Beats Off","Repeater","Interlude 3","Give Me The Cure","Waiting Room","Break-In","Interlude 4","Returning the Screw","Smallpox Champion","Long Division","Blueprint","Encore 1","Shut the Door","Rend It","Sweet and Low","Outro",NA,NA,NA,NA,NA,NA,NA,NA,NA,NA,NA,NA
"minneapolis-mn-usa-52393","FLS0549","23/05/1993","First Avenue","5",1600,"Joey Picuri","Warren Russell-Smith","DAT","Very Good","Unrest, Andromeda Strain",NA,"1993 Spring USA Tour","Minneapolis","MN","USA","Intro","Brendan #1","Reclamation","Latin Roots","Interlude 1","Great Cop","Public Witness Program","Promises","Interlude 2","Rend It","Repeater","Exit Only","Interlude 3","23 Beats Off","Burning","Suggestion","Margin Walker","Waiting Room","Interlude 4","Walken's Syndrome","Instrument","Turnover","Long Division","Encore","Cassavetes","Facet Squared","Blueprint","Sweet and Low","Outro",NA,NA,NA,NA,NA,NA,NA,NA,NA,NA,NA
"minneapolis-mn-usa-52493","FLS0550","24/05/1993","First Avenue","5",1600,"Joey Picuri","Warren Russell-Smith","DAT","Very Good","Unrest, Bricklayer Cake",NA,"1993 Spring USA Tour","Minneapolis","MN","USA","Intro","Reprovisional","Merchandise","Walken's Syndrome","And The Same","Two Beats Off","Facet Squared","Interlude 1","Last Chance for a Slow Dance","Stacks","Interlude 2","Sieve-Fisted Find","Reclamation","Interlude 3","Give Me The Cure","Interlude 4","Waiting Room","Lockdown","Burning Too","Interlude 5","Smallpox Champion","Interlude 6","Returning The Screw","Interlude 7","Runaway Return","KYEO","Encore","Joe #1","Rend It","Shut the Door","Sweet and Low","Outro",NA,NA,NA,NA,NA,NA,NA,NA
"minneapolis-mn-usa-52593","FLS0551","25/05/1993","First Avenue","5",1200,"Joey Picuri","Warren Russell-Smith","DAT","Very Good","Unrest, Vertigo",NA,"1993 Spring USA Tour","Minneapolis","MN","USA","Intro","Steady Diet","Styrofoam","Nice New Outfit","Interlude 1","Repeater","Interlude 2","Public Witness Program","Great Cop","Blueprint","Reclamation","Cassavetes","Interlude 3","Instrument","Dear Justice Letter","Interlude 4","Song #1","Bulldog Front","Bad Mouth","Interlude 5","Smallpox Champion","Interlude 6","Returning The Screw","Interlude 7","Exit Only","Promises","Encore 1","Long Division","Two Beats Off","Waiting Room","Glueman","Encore 2","Sweet and Low","Outro",NA,NA,NA,NA,NA,NA
"green-bay-wi-usa-52693","FLS0552","26/05/1993","Orpheum Theater","5",1000,"Joey Picuri","Warren Russell-Smith","DAT","Very Good","Unrest, Covent Garden",NA,"1993 Spring USA Tour","Green Bay","WI","USA","Intro","Merchandise","Latin Roots","Facet Squared","Walken's Syndrome","Interlude 1","Reclamation","Runaway Return","Promises","Rend It","Instrument","Interlude 2","Margin Walker","Waiting Room","Give Me The Cure","Interlude 3","Reprovisional","Long Division","Cassavetes","Great Cop","Blueprint","Encore","Repeater","Two Beats Off","Interlude 4","Styrofoam","Sweet and Low","Outro",NA,NA,NA,NA,NA,NA,NA,NA,NA,NA,NA,NA
"chicago-il-usa-52893","FLS0553","28/05/1993","Oak Theatre","5",1300,"Joey Picuri","Warren Russell-Smith","DAT","Very Good","Arc Welder",NA,"1993 Spring USA Tour","Chicago","IL","USA","Intro","Joe #1","Greed","Public Witness Program","Facet Squared","Turnover","Interlude 1","Reclamation","Rend It","Great Cop","Exit Only","Interlude 2","Promises","Margin Walker","Waiting Room","Instrumental Interlude","Returning The Screw","Smallpox Champion","Interlude 3","Repeater","Blueprint","Interlude 4","Long Division","Interlude 5","Two Beats Off","Merchandise","Sweet and Low",NA,NA,NA,NA,NA,NA,NA,NA,NA,NA,NA,NA,NA
"chicago-il-usa-52993","FLS0554","29/05/1993","Oak Theatre","5",1300,"Joey Picuri","Warren Russell-Smith","DAT","Very Good","Grifters",NA,"1993 Spring USA Tour","Chicago","IL","USA","Intro","Brendan #1","Styrofoam","Interlude 1","Walken's Syndrome","Facet Squared","Interlude 2","Latin Roots","Interlude 3","Stacks","Cassavetes","23 Beats Off","Two Beats Off","Interlude 4","Suggestion","Give Me The Cure","Waiting Room","Interlude 5","Sieve-Fisted Find","Interlude 6","Instrument","Rend It","Interlude 7","Long Division","Runaway Return","Encore","Great Cop","Reprovisional","Shut the Door","Sweet and Low","Outro",NA,NA,NA,NA,NA,NA,NA,NA,NA
"indianapolis-in-usa-53093","FLS0555","30/05/1993","City Lights","5",1600,"ANON",NA,"VHS audio","Poor","Grifters, Oxymorons",NA,"1993 Spring USA Tour","Indianapolis","IN","USA","Intro","Joe #1","Reclamation","Interlude 1","Turnover","Facet Squared","Walken's Syndrome","Interlude 2","Promises","Exit Only","Interlude 3","Great Cop","Cassavetes","Song #1","Margin Walker","Interlude 4","Waiting Room","Interlude 5","Smallpox Champion","Returning The Screw","Blueprint",NA,NA,NA,NA,NA,NA,NA,NA,NA,NA,NA,NA,NA,NA,NA,NA,NA,NA,NA
"columbus-oh-usa-53193","FLS0556","31/05/1993","Newport","5",1400,"Joey Picuri","Warren Russell-Smith","DAT","Very Good","Skinwhig",NA,"1993 Spring USA Tour","Columbus","OH","USA","Intro","Reprovisional","Merchandise","Blueprint","Great Cop","Public Witness Program","And The Same","Nice New Outfit","Greed","Smallpox Champion","Returning The Screw","Interlude 1","Latin Roots","Repeater","Interlude 2","Break-In","Suggestion","Give Me The Cure","Waiting Room","Interlude 3","Rend It","Interlude 4","Instrument","Two Beats Off","Encore","Long Division","Runaway Return","Promises","Sweet and Low","Outro",NA,NA,NA,NA,NA,NA,NA,NA,NA,NA
"washington-dc-usa-80793","FLS0558","07/08/1993","Sylvan Theater","Free",5000,"Joey Picuri","Fugazi","DAT","Very Good","Pleasure, Izalco","On the grounds of the Washington Monument for the 30th Anniversary of MLK's March on Washington. Previously released on CD (FLS08).","1993 Fall/Winter Regional Dates","Washington","DC","USA","Intro","Brendan #1","Facet Squared","Interlude 1","Cassavetes","Reclamation","Interlude 2","Dear Justice Letter","Interlude 3","Instrument","Interlude 4","Smallpox Champion","Returning the Screw","Interlude 5","Turnover","And The Same","Public Witness Program","Interlude 6","Great Cop","Rend It","Interlude 7","Promises","Two Beats Off","Interlude 8","23 Beats Off","Walken's Syndrome","Sweet and Low","Encore 1","Waiting Room","Glueman","Outro",NA,NA,NA,NA,NA,NA,NA,NA,NA
"washington-dc-usa-80993","FLS0559","09/08/1993","Fort Reno","Free",NA,"Mike Riggs/Chris Murphy","Fugazi","?","Very Good",NA,"Previously released on CD (FLS24).","1993 Fall/Winter Regional Dates","Washington","DC","USA","Intro","By You","Long Division","Runaway Return","Ice Cream Eating MotherFucker","Styrofoam","Public Witness Program","Instrument","Rend It","Facet Squared","Smallpox Champion","Returning the Screw","Reprovisional","Suggestion","Give Me The Cure","Interlude","Blueprint","Last Chance for a Slow Dance","Sweet and Low",NA,NA,NA,NA,NA,NA,NA,NA,NA,NA,NA,NA,NA,NA,NA,NA,NA,NA,NA,NA,NA
"hoboken-nj-usa-81693","FLS0560","16/08/1993","Maxwell's","5",200,"Joey Picuri","Warren Russell-Smith","DAT","Very Good","Mosquito",NA,"1993 Fall USA/Canada Tour","Hoboken","NJ","USA","Intro","Fell, Destroyed Instrumental","Facet Squared","Public Witness Program","Interlude 1","Merchandise","Latin Roots","Repeater","Interlude 2","Cassavetes","Interlude 3","Instrument","Two Beats Off","Interlude 4","Promises","Walken's Syndrome","Great Cop","Rend It","Interlude 5","Returning The Screw","Smallpox Champion","Interlude 6","Reclamation","Turnover","Interlude 7","23 Beats Off","Exit Only","Sweet and Low","Encore","Joe #1","And The Same","Outro",NA,NA,NA,NA,NA,NA,NA,NA
"trenton-nj-usa-81793","FLS0561","17/08/1993","City Gardens","5",1000,"Joey Picuri","Jerry Busher","DAT","Very Good","Girls Vs. Boys",NA,"1993 Fall USA/Canada Tour","Trenton","NJ","USA","Intro","Smallpox Champion","Facet Squared","Sieve-Fisted Find","Interlude 1","Greed","Public Witness Program","Long Division","Runaway Return","Interlude 2","Instrument","Rend It","Interlude 3","Waiting Room","Bulldog Front","Interlude 4","Returning the Screw","Blueprint","Interlude 5","Stacks","Walken's Syndrome","Great Cop","Encore 1","Last Chance for a Slow Dance","Shut the Door","Sweet and Low",NA,NA,NA,NA,NA,NA,NA,NA,NA,NA,NA,NA,NA,NA
"trenton-nj-usa-81893","FLS0562","18/08/1993","City Gardens","5",1000,"Joey Picuri","Warren Russell-Smith","DAT","Very Good","Lunachicks",NA,"1993 Fall USA/Canada Tour","Trenton","NJ","USA","Intro","By You Instrumental","Reclamation","Cassavetes","Interlude 1","Great Cop","Dear Justice Letter","And The Same","Walken's Syndrome","Interlude 2","23 Beats Off","Two Beats Off","Interlude 3","Suggestion","Give Me The Cure","Song #1","Interlude 4","Smallpox Champion","Returning The Screw","Interlude 5","Reprovisional","Encore","Repeater","Rend It","Interlude 6","Instrument","Sweet and Low","Outro",NA,NA,NA,NA,NA,NA,NA,NA,NA,NA,NA,NA
"mechanicsburg-pa-usa-81993","FLS0563","19/08/1993","Decibels","5",1000,"Joey Picuri","Jerry Busher","DAT","Very Good","Junction, Pagan Virtue",NA,"1993 Fall USA/Canada Tour","Mechanicsburg","PA","USA","Intro","Joe #1","Facet Squared","Public Witness Program","Interlude 1","Styrofoam","Nice New Outfit","Reclamation","Interlude 2","Instrument","Cassavetes","Long Division","Blueprint","Interlude 3","Waiting Room","Margin Walker","Bad Mouth","Interlude 4","Smallpox Champion","Returning the Screw","Turnover","Repeater","Encore 1","Rend It","Interlude 5","Great Cop","Shut the Door","Sweet and Low","Outro",NA,NA,NA,NA,NA,NA,NA,NA,NA,NA,NA
"pittsburgh-pa-usa-82093","FLS0564","20/08/1993","Metropol","5",1300,"Joey Picuri","Warren Russell-Smith","DAT","Good","Scrawl",NA,"1993 Fall USA/Canada Tour","Pittsburgh","PA","USA","Intro","Smallpox Champion","Interlude 1","Facet Squared","Latin Roots","Interlude 2","Reclamation","Turnover","Instrument","Public Witness Program","And The Same","Exit Only","Interlude 3","Waiting Room","Burning","Interlude 4","Song #1","Interlude 5","Returning The Screw","Interlude 6","Cassavetes","Repeater","Blueprint","Encore","Great Cop","Walken's Syndrome","Promises","Sweet and Low","Outro",NA,NA,NA,NA,NA,NA,NA,NA,NA,NA,NA
"dayton-oh-usa-82193","FLS0565","21/08/1993","Dayton Fest / Brookwood Island","5",850,"Joey Picuri","Jerry Busher","DAT","Very Good","Fifteen, Cage, and others","Benefit for New Space","1993 Fall USA/Canada Tour","Dayton","OH","USA","Opening Remarks","Intro","Reclamation","Dear Justice Letter","Interlude 1","Facet Squared","Public Witness Program","Greed","Interlude 2","Runaway Return","Returning the Screw","Smallpox Champion","Interlude 3","Burning Too","Break-In","Waiting Room","Interlude 4","Instrument","Cassavetes","Interlude 5","Promises","Interlude 6","Last Chance for a Slow Dance","Great Cop","Encore 1","Brendan #1","Walken's Syndrome","Repeater","Sweet and Low","Outro",NA,NA,NA,NA,NA,NA,NA,NA,NA,NA
"cincinnati-oh-usa-82293","FLS0566","22/08/1993","Bogart's","5",1300,"Joey Picuri","Jerry Busher","DAT","Very Good","Scrawl",NA,"1993 Fall USA/Canada Tour","Cincinnati","OH","USA","Intro","Walken's Syndrome","Merchandise","Latin Roots","Great Cop","Rend It","Interlude 1","23 Beats Off","Two Beats Off","Interlude 2","Facet Squared","Cassavetes","Interlude 3","Suggestion","Give Me The Cure","Interlude 4","Returning the Screw","Smallpox Champion","Long Division","Blueprint","Encore 1","Sweet and Low","Waiting Room","Glueman","Outro",NA,NA,NA,NA,NA,NA,NA,NA,NA,NA,NA,NA,NA,NA,NA
"carbondale-il-usa-82493","FLS0567","24/08/1993","Southern Illinois University","5",950,"Joey Picuri","Warren Russell-Smith","DAT","Very Good","Brainiac",NA,"1993 Fall USA/Canada Tour","Carbondale","IL","USA","Intro","Facet Squared","Sieve-Fisted Find","Reclamation","Rend It","Interlude 1","Instrument","Exit Only","Promises","Margin Walker","Waiting Room","Give Me The Cure","Suggestion","Interlude 2","Smallpox Champion","Returning The Screw","Interlude 3","Turnover","Repeater","Outro",NA,NA,NA,NA,NA,NA,NA,NA,NA,NA,NA,NA,NA,NA,NA,NA,NA,NA,NA,NA
"st-louis-mo-usa-82593","FLS0568","25/08/1993","Mississippi Nights","5",1200,"Joey Picuri",NA,"DAT","Very Good","Dazzling Killmen",NA,"1993 Fall USA/Canada Tour","St. Louis","MO","USA","Intro","Smallpox Champion","Facet Squared","Nice New Outfit","And The Same","Public Witness Program","Long Division","Two Beats Off","Interlude 1","Great Cop","Cassavetes","Interlude 2","Waiting Room","Lockdown","Song #1","Interlude 3","Walken's Syndrome","Instrument","Exit Only","Shut The Door","Encore","Joe #1","Rend It","Repeater","Sweet and Low","Outro",NA,NA,NA,NA,NA,NA,NA,NA,NA,NA,NA,NA,NA,NA
"st-louis-mo-usa-82693","FLS0569","26/08/1993","Mississippi Nights","5",1200,"Joey Picuri","Warren Russell-Smith","DAT","Very Good","Dazzling Killmen","""Please don't choke these kids.""","1993 Fall USA/Canada Tour","St. Louis","MO","USA","Intro","Reclamation","Latin Roots","Great Cop","Public Witness Program","Interlude 1","Styrofoam","Blueprint","Interlude 2","Instrument","Rend It","Interlude 3","Waiting Room","Interlude 4","Break-In","Suggestion","Interlude 5","Smallpox Champion","Returning The Screw","Interlude 6","Runaway Return","Merchandise","Encore","Reprovisional","Promises","Sweet and Low","Outro",NA,NA,NA,NA,NA,NA,NA,NA,NA,NA,NA,NA,NA
"columbia-mo-usa-82793","FLS0570","27/08/1993","Blue Note","5",1000,"Joey Picuri","Warren Russell-Smith","DAT","Very Good","Poster Children, Prozac Memory",NA,"1993 Fall USA/Canada Tour","Columbia","MO","USA","Intro","Reprovisional","Facet Squared","Interlude 1","Dear Justice Letter","Greed","Interlude 2","Walken's Syndrome","Interlude 3","Instrument","Sieve-Fisted Find","Reclamation","Rend It","Promises","Interlude 4","Give Me The Cure","Waiting Room","Interlude 5","Smallpox Champion","Returning The Screw","Blueprint","Interlude 6","Great Cop","Encore","Stacks","Cassavetes","Interlude 7","Repeater","Sweet and Low","Outro",NA,NA,NA,NA,NA,NA,NA,NA,NA,NA
"kansas-city-ks-usa-82893","FLS0571","28/08/1993","Memorial Hall","5",2700,"Joey Picuri","Fugazi","DAT","Very Good","Poster Children, Tenderloin","Listen as the crowd passes up a petition demanding that the lights be turned off!","1993 Fall USA/Canada Tour","Kansas City","KS","USA","Intro","Exit Only","Merchandise","Public Witness Program","And The Same","Rend It","Facet Squared","Turnover","Interlude","23 Beats Off","Two Beats Off","Waiting Room","Bulldog Front","Suggestion","Interlude-2","Blueprint","Instrument","Cassavetes","Reclamation","Interlude-3","Smallpox Champion","Shut The Door","Sweet And Low",NA,NA,NA,NA,NA,NA,NA,NA,NA,NA,NA,NA,NA,NA,NA,NA,NA
"iowa-city-ia-usa-82993","FLS0572","29/08/1993","I.M.U. Lounge / University of Iowa","5",1450,"Joey Picuri","Jerry Busher","DAT","Good","Gumball, Slant 6",NA,"1993 Fall USA/Canada Tour","Iowa City","IA","USA","Intro","Smallpox Champion","Facet Squared","Latin Roots","Styrofoam","Public Witness Program","Interlude 1","Instrument","Rend It","Reclamation","Interlude 2","Blueprint","Waiting Room","Margin Walker","Bad Mouth","Interlude 3","Last Chance for a Slow Dance","Promises","Interlude 4","Cassavetes","Interlude 5","Great Cop","Encore 1","Sweet and Low","Long Division","Glueman","Outro",NA,NA,NA,NA,NA,NA,NA,NA,NA,NA,NA,NA,NA
"normal-il-usa-90193","FLS0573","01/09/1993","Illinois State University Student Center Ballroom","5",1000,"Joey Picuri","Warren Russell-Smith","DAT","Very Good","Slant 6, Blue Meanies","Promises features an extended and lively debate about whether the band has the right to criticize crowd-surfing.","1993 Fall USA/Canada Tour","Normal","IL","USA","Intro","Steady Diet","Exit Only","Greed","Public Witness Program","Facet Squared","Turnover","Instrument","Interlude 1","Walken's Syndrome","Merchandise","Blueprint","Interlude 2","Waiting Room","Give Me The Cure","Song #1","Interlude 3","Reprovisional","Returning The Screw","Smallpox Champion","Promises","Encore","Great Cop","Runaway Return","Reclamation","Sweet and Low","Outro",NA,NA,NA,NA,NA,NA,NA,NA,NA,NA,NA,NA,NA
"milwaukee-wi-usa-90293","FLS0574","02/09/1993","Eagle's Ballroom","5",1300,"Joey Picuri","Jerry Busher","DAT","Very Good","Slant 6, Muckraker",NA,"1993 Fall USA/Canada Tour","Milwaukee","WI","USA","Intro","Reclamation","Interlude 1","Nice New Outfit","And The Same","Cassavetes","Facet Squared","Dear Justice Letter","Styrofoam","Rend It","Interlude 2","Returning the Screw","Smallpox Champion","Interlude 3","Suggestion","Margin Walker","Waiting Room","Interlude 4","Public Witness Program","23 Beats Off","Exit Only","Repeater","Encore 1","Great Cop","Sieve-Fisted Find","Shut the Door","Sweet and Low","Outro",NA,NA,NA,NA,NA,NA,NA,NA,NA,NA,NA,NA
"chicago-il-usa-90393","FLS0575","03/09/1993","Aragon Ballroom","5",3650,"Joey Picuri","Warren Russell-Smith","DAT","Good","Tar, Slant 6",NA,"1993 Fall USA/Canada Tour","Chicago","IL","USA","Intro","Smallpox Champion","Merchandise","Blueprint","Facet Squared","Walken's Syndrome","Interlude 1","Reclamation","Latin Roots","Interlude 2","Instrument","Rend It","Interlude 3","Waiting Room","Give Me The Cure","Suggestion","Interlude 4","Public Witness Program","Great Cop","Two Beats Off","Repeater","Encore","Cassavetes","Long Division","Runaway Return","Promises","Sweet and Low","Outro",NA,NA,NA,NA,NA,NA,NA,NA,NA,NA,NA,NA
"pontiac-mi-usa-90493","FLS0576","04/09/1993","Phoenix Plaza Ampitheater","5",5000,"Joey Picuri","Jerry Busher","DAT","Very Good","Laughing Hyenas, Slant 6","Previously released on CD (FLS09).","1993 Fall USA/Canada Tour","Pontiac","MI","USA","Intro","Blueprint","Merchandise","Public Witness Program","Great Cop","Exit Only","Reclamation","Rend It","Instrument","Turnover","Interlude 1","Song #1","Margin Walker","Waiting Room","Interlude 2","Smallpox Champion","Returning the Screw","Two Beats Off","Promises","Interlude 3","Facet Squared","Cassavetes","Repeater","Sweet and Low",NA,NA,NA,NA,NA,NA,NA,NA,NA,NA,NA,NA,NA,NA,NA,NA
"cleveland-oh-usa-90593","FLS0577","05/09/1993","Nautica Stage","5",3200,"Joey Picuri","Warren Russell-Smith","DAT","Good","Mule, Slant 6",NA,"1993 Fall USA/Canada Tour","Cleveland","OH","USA","Intro","By You Instrumental","Styrofoam","Public Witness Program","Interlude 1","Facet Squared","Sieve-Fisted Find","Reclamation","Rend It","Interlude 2","Instrument","Reprovisional","Interlude 3","Bad Mouth","Lockdown","Waiting Room","Interlude 4","Smallpox Champion","Interlude 5","Returning The Screw","Blueprint","Great Cop","Walken's Syndrome","Interlude 6","Merchandise","Encore","Long Division","Cassavetes","Shut The Door","Sweet and Low",NA,NA,NA,NA,NA,NA,NA,NA,NA,NA
"buffalo-ny-usa-90693","FLS0578","06/09/1993","Blind Mellons","5",1200,"Joey Picuri","Warren Russell-Smith","DAT","Very Good","Slant 6, Snapcase","Facet Squared interrupted for some impromptu club renovation!","1993 Fall USA/Canada Tour","Buffalo","NY","USA","Intro","Smallpox Champion","Interlude 1","Facet Squared","Latin Roots","Interlude 2","Stacks","Rend It","Interlude 3","Instrument","Turnover","Interlude 4","Repeater","Public Witness Program","Interlude 5","Waiting Room","Margin Walker","Interlude 6","Long Division","Two Beats Off","Fell, Destroyed Instrumental","Promises","Exit Only","Encore","Last Chance for a Slow Dance","Great Cop","Glueman",NA,NA,NA,NA,NA,NA,NA,NA,NA,NA,NA,NA,NA
"guelph-ont-canada-90893","FLS0579","08/09/1993","Peter Clark Hall University of Guelph","6 (canadian)",775,"Joey Picuri","Warren Russell-Smith","DAT","Good","Shudder To Think, Burn 51",NA,"1993 Fall USA/Canada Tour","Guelph","ON","Canada","Intro","Reclamation","Exit Only","Facet Squared","Public Witness Program","Interlude 1","And The Same","Nice New Outfit","Greed","Interlude 2","Smallpox Champion","Interlude 3","Instrument","Turnover","Interlude 4","Promises","Give Me The Cure","Waiting Room","Interlude 5","Blueprint","Great Cop","Rend It","Repeater","Encore","Long Division","Cassavetes","Interlude 6","Shut The Door","Sweet and Low","Outro",NA,NA,NA,NA,NA,NA,NA,NA,NA,NA
"toronto-ont-canada-90993","FLS0580","09/09/1993","RPM Warehouse","6 (canadian)",1400,"Joey Picuri","Warren Russell-Smith","DAT","Good","Shudder to Think, Mudfish",NA,"1993 Fall USA/Canada Tour","Toronto","ON","Canada","Intro","Smallpox Champion","Interlude 1","Facet Squared","Latin Roots","Styrofoam","Cassavetes","Interlude 2","Instrument","Blueprint","Interlude 3","Merchandise","Walken's Syndrome","Long Division","Runaway Return","Interlude 4","Waiting Room","Break-In","Song #1","Interlude 5","Last Chance for a Slow Dance","Promises","Encore","Returning The Screw","Interlude 6","Exit Only","Reclamation","Sweet and Low","Outro",NA,NA,NA,NA,NA,NA,NA,NA,NA,NA,NA
"toronto-ont-canada-91093","FLS0581","10/09/1993","RPM Warehouse","6 (canadian)",650,"Joey Picuri","Warren Russell-Smith","DAT","Very Good","Shudder To Think, Morganfields",NA,"1993 Fall USA/Canada Tour","Toronto","ON","Canada","Intro","Facet Squared","Sieve-Fisted Find","Reclamation","Rend It","Repeater","Two Beats Off","Interlude 1","Suggestion","Margin Walker","Waiting Room","Interlude 2","Smallpox Champion","Returning The Screw","Interlude 3","Dear Justice Letter","Interlude 4","23 Beats Off","Cassavetes","Interlude 5","KYEO","Encore","Great Cop","Public Witness Program","Shut the Door","Outro",NA,NA,NA,NA,NA,NA,NA,NA,NA,NA,NA,NA,NA,NA
"ottawa-ont-canada-91193","FLS0582","11/09/1993","Carleton University Porter Hall","6 (canadian)",1100,"Joey Picuri","Warren Russell-Smith","DAT","Very Good","Shudder To Think, Lockjaw",NA,"1993 Fall USA/Canada Tour","Ottawa","ON","Canada","Intro","Styrofoam","Latin Roots","Great Cop","Walken's Syndrome","Merchandise","Interlude 1","Runaway Return","Instrument","Cassavetes","Long Division","Blueprint","Interlude 2","Waiting Room","Bulldog Front","Bad Mouth","Interlude 3","Smallpox Champion","Returning The Screw","Reprovisional","Reclamation","Encore","Facet Squared","Rend It","Repeater","Sweet and Low","Outro",NA,NA,NA,NA,NA,NA,NA,NA,NA,NA,NA,NA,NA
"montreal-qc-canada-91293","FLS0583","12/09/1993","Metropolis","6 (canadian)",2100,"Joey Picuri","Warren Russell-Smith","DAT","Very Good","Shudder To Think, Goldfish",NA,"1993 Fall USA/Canada Tour","Montreal","QC","Canada","Intro","Joe #1","Reclamation","Public Witness Program","Facet Squared","Turnover","Styrofoam","Rend It","Instrument","Exit Only","Promises","Give Me The Cure","Suggestion","Margin Walker","Waiting Room","Smallpox Champion","Returning The Screw","Blueprint","Encore","Great Cop","Cassavetes","KYEO","Sweet and Low","Outro",NA,NA,NA,NA,NA,NA,NA,NA,NA,NA,NA,NA,NA,NA,NA,NA
"burlington-vt-usa-91393","FLS0584","13/09/1993","Cook Commons","5",400,"Joey Picuri","Jerry Busher","DAT","Good","Shudder To Think",NA,"1993 Fall USA/Canada Tour","Burlington","VT","USA","Intro","Reclamation","Exit Only","Facet Squared","Walken's Syndrome","And The Same","Two Beats Off","Instrument","Last Chance for a Slow Dance","Merchandise","Blueprint","Long Division","Cassavetes","Great Cop","Interlude 1","Latin Roots","Interlude 2","Promises","Encore 1","Fell, Destroyed","Smallpox Champion","Interlude 3","Returning the Screw","Interlude 4","Turnover","Repeater","Sweet and Low","Outro",NA,NA,NA,NA,NA,NA,NA,NA,NA,NA,NA,NA
"portland-me-usa-91493","FLS0585","14/09/1993","58 Fore St.","5",1100,"Joey Picuri","Warren Russell-Smith","DAT","Good","Shudder To Think, Vampire Lesbos",NA,"1993 Fall USA/Canada Tour","Portland","ME","USA","Intro","Facet Squared","Brendan #1","Interlude 1","Cassavetes","And The Same","Sieve-Fisted Find","Interlude 2","Instrument","Rend It","Shut The Door","Give Me The Cure","Suggestion","Interlude 3","Smallpox Champion","Returning The Screw","Interlude 4","Blueprint","Reclamation","Encore","Great Cop","Public Witness Program","Long Division","Two Beats Off","Sweet and Low","Outro",NA,NA,NA,NA,NA,NA,NA,NA,NA,NA,NA,NA,NA,NA
"bennington-vt-usa-91693","FLS0586","16/09/1993","Bennington College","5",400,"Joey Picuri","Warren Russell-Smith","DAT","Very Good","Shudder To Think",NA,"1993 Fall USA/Canada Tour","Bennington","VT","USA","Intro","Facet Squared","Latin Roots","Greed","Rend It","Reclamation","Interlude 1","Cassavetes","Great Cop","Exit Only","Interlude 2","Promises","Interlude 3","Bulldog Front","Song #1","Smallpox Champion","Returning The Screw","Interlude 4","Blueprint","Encore","Long Division","Runaway Return","Interlude 5","KYEO","Fell, Destroyed Instrumental","Outro",NA,NA,NA,NA,NA,NA,NA,NA,NA,NA,NA,NA,NA,NA
"fitchburg-ma-usa-91793","FLS0587","17/09/1993","Wallace Civic Center","5",3200,"Joey Picuri","Warren Russell-Smith","DAT","Good","Shudder To Think, Sam Black Church",NA,"1993 Fall USA/Canada Tour","Fitchburg","MA","USA","Opening Remarks","Reclamation","Interlude 1","Nice New Outfit","Interlude 2","Facet Squared","Public Witness Program","And the Same","Turnover","Interlude 3","Instrument","Rend It","Suggestion","Give Me the Cure","Waiting Room","Interlude 4","Smallpox Champion","Returning The Screw","Interlude 5","Two Beats Off","Great Cop","Encore","Cassavetes","Merchandise","Fell, Destroyed Instrumental","Glueman",NA,NA,NA,NA,NA,NA,NA,NA,NA,NA,NA,NA,NA,NA
"storrs-ct-usa-91893","FLS0588","18/09/1993","University of Connecticut Fieldhouse","5",2150,"Joey Picuri","Warren Russell-Smith","DAT","Very Good","Shudder To Think, MI6",NA,"1993 Fall USA/Canada Tour","Storrs","CT","USA","Intro","Joe #1","Styrofoam","Exit Only","Interlude 1","Facet Squared","Walken's Syndrome","Reclamation","Turnover","Interlude 2","Returning The Screw","Smallpox Champion","Waiting Room","Interlude 3","Bulldog Front","Long Division","Cassavetes","Great Cop","Encore","Two Beats Off","Promises","Sweet and Low","Outro",NA,NA,NA,NA,NA,NA,NA,NA,NA,NA,NA,NA,NA,NA,NA,NA,NA
"providence-ri-usa-91993","FLS0589","19/09/1993","Lupo's Heartbreak Hotel","5",700,"Joey Picuri","Warren Russell-Smith","DAT","Excellent","Shudder To Think, Scarce",NA,"1993 Fall USA/Canada Tour","Providence","RI","USA","Intro","Smallpox Champion","Interlude 1","Merchandise","Runaway Return","Great Cop","Interlude 2","Rend It","Instrument","Interlude 3","Blueprint","Interlude 4","Stacks","Cassavetes","Interlude 5","Suggestion","Break-In","Waiting Room","Interlude 6","Last Chance For A Slow Dance","Shut The Door","Two Beats Off","Encore","Fell, Destroyed Instrumental","Facet Squared","Exit Only","Repeater","Sweet and Low","Outro",NA,NA,NA,NA,NA,NA,NA,NA,NA,NA,NA
"albany-ny-usa-92093","FLS0590","20/09/1993","S.U.N.Y. Albany","5",1000,"Joey Picuri","Warren Russell-Smith","DAT","Very Good","Spinanes, Very Pleasant Neighbor",NA,"1993 Fall USA/Canada Tour","Albany","NY","USA","Intro","Reclamation","Interlude 1","Nice New Outfit","Interlude 2","Facet Squared","Public Witness Program","And The Same","Turnover","Interlude 3","Returning The Screw","Smallpox Champion","Interlude 4","Waiting Room","Margin Walker","Promises","Rend It","Interlude 5","Instrument","Blueprint","Great Cop","Encore","Steady Diet","Long Division","Interlude 6","Walken's Syndrome","Interlude 7","KYEO","Sweet and Low","Outro",NA,NA,NA,NA,NA,NA,NA,NA,NA,NA
"syracuse-ny-usa-92193","FLS0591","21/09/1993","Lost Horizon","5",1000,"Joey Picuri","Warren Russell-Smith","DAT","Very Good","Spinanes, Foundation",NA,"1993 Fall USA/Canada Tour","Syracuse","NY","USA","Intro","Merchandise","Latin Roots","Interlude 1","Great Cop","Cassavetes","Styrofoam","Exit Only","And The Same","Rend It","Interlude 2","Instrument","Interlude 3","Bulldog Front","Interlude 4","Waiting Room","Blueprint","Facet Squared","Public Witness Program","Promises","Encore","Smallpox Champion","Returning The Screw","Interlude 5","Turnover","Sweet and Low","Outro",NA,NA,NA,NA,NA,NA,NA,NA,NA,NA,NA,NA,NA
"binghamton-ny-usa-92293","FLS0592","22/09/1993","S.U.N.Y. Binghamton","5",700,"Joey Picuri","Warren Russell-Smith","DAT","Very Good","Spinanes, Dripping Goss","""Go with it!""","1993 Fall USA/Canada Tour","Binghamton","NY","USA","Intro","Facet Squared","Public Witness Program","Greed","Sieve-Fisted Find","Reclamation","Interlude 1","Runaway Return","Instrument","Cassavetes","Long Division","Blueprint","Interlude 2","Song #1","Give Me The Cure","Interlude 3","Waiting Room","Interlude 4","Smallpox Champion","Returning The Screw","Interlude 5","Two Beats Off","Merchandise","Encore","Repeater","Rend It","Interlude 6","Shut The Door","Sweet and Low","Outro",NA,NA,NA,NA,NA,NA,NA,NA,NA,NA
"new-york-city-ny-usa-92493","FLS0593","24/09/1993","Roseland Ballroom","5",3500,"Joey Picuri","Warren Russell-Smith","DAT","Very Good","Jawbox, Mecca Normal",NA,"1993 Fall USA/Canada Tour","New York","NY","USA","Intro","Smallpox Champion","Facet Squared","Latin Roots","Reclamation","Interlude 1","Rend It","Interlude 2","Instrument","Turnover","Interlude 3","Waiting Room","Break-In","Bad Mouth","Interlude 4","Blueprint","Interlude 5","Great Cop","Cassavetes","Shut The Door","Encore","Repeater","Public Witness Program","Interlude 6","KYEO","Sweet and Low","Outro",NA,NA,NA,NA,NA,NA,NA,NA,NA,NA,NA,NA,NA
"new-york-city-ny-usa-92593","FLS0594","25/09/1993","Roseland Ballroom","5",3500,"Joey Picuri","Jerry Busher","DAT","Very Good","Unrest, Spinanes",NA,"1993 Fall USA/Canada Tour","New York","NY","USA","Intro","Joe #1","Exit Only","Interlude 1","And The Same","Rend It","Great Cop","Walken's Syndrome","Styrofoam","Interlude 2","Two Beats Off","Interlude 3","Suggestion","Give Me The Cure","Interlude 4","Waiting Room","Interlude 5","Smallpox Champion","Returning the Screw","Blueprint","Instrument","Last Chance for a Slow Dance","Reclamation","Encore 1","Cassavetes","Promises","Glueman","Outro",NA,NA,NA,NA,NA,NA,NA,NA,NA,NA,NA,NA
"state-college-pa-usa-92693","FLS0595","26/09/1993","Penn State Hub","5",1000,"Joey Picuri",NA,"DAT","Very Good","Spinanes, Junction",NA,"1993 Fall USA/Canada Tour","State College","PA","USA","Opening Remarks","Intro","Reclamation","Dear Justice Letter","Facet Squared","Interlude 1","Public Witness Program","Long Division","Runaway Return","Interlude 2","Merchandise","Smallpox Champion","Returning The Screw","Interlude 3","Margin Walker","Waiting Room","Give Me The Cure","Interlude 4","Instrument","Cassavetes","Interlude 5","Promises","Interlude 6","Blueprint","Encore","Two Beats Off","Interlude 7","Great Cop","Walken's Syndrome","Sweet and Low","Outro",NA,NA,NA,NA,NA,NA,NA,NA,NA
"philadelphia-pa-usa-92793","FLS0596","27/09/1993","Trocadero","5",1200,"Joey Picuri","Warren Russell-Smith","DAT","Very Good","Spinanes, Rancid",NA,"1993 Fall USA/Canada Tour","Philadelphia","PA","USA","Intro","Reprovisional","Interlude 1","Styrofoam","Public Witness Program","Interlude 2","Facet Squared","Turnover","Interlude 3","Promises","Rend It","Interlude 4","Burning Too","Burning","Waiting Room","Interlude 5","Smallpox Champion","Returning The Screw","Interlude 6","Runaway Return","Interlude 7","Long Division","Blueprint","Great Cop","Interlude 8","Cassavetes","Encore","Reclamation","Exit Only","Fell, Destroyed Instrumental","Instrument","Outro",NA,NA,NA,NA,NA,NA,NA,NA
"philadelphia-pa-usa-92893","FLS0597","28/09/1993","Trocadero","5",1200,"Joey Picuri","Warren Russell-Smith","DAT","Very Good","Spinanes, Cupid Car Club",NA,"1993 Fall USA/Canada Tour","Philadelphia","PA","USA","Intro","Exit Only","Merchandise","Public Witness Program","Interlude 1","Great Cop","Nice New Outfit","And The Same","Smallpox Champion","Interlude 2","Returning The Screw","Margin Walker","Waiting Room","Interlude 3","Blueprint","Instrument","Interlude 4","Rend It","Repeater","Two Beats Off","Encore","Facet Squared","Interlude 5","Cassavetes","Shut the Door","Sweet and Low",NA,NA,NA,NA,NA,NA,NA,NA,NA,NA,NA,NA,NA,NA
"rehoboth-beach-de-usa-92993","FLS0598","29/09/1993","Strand","5",500,"Joey Picuri","Warren Russell-Smith","DAT","Very Good","Cupid Car Club, Shovelhead",NA,"1993 Fall USA/Canada Tour","Rehoboth Beach","DE","USA","Intro","Facet Squared","Walken's Syndrome","Styrofoam","Turnover","Instrument","Rend It","Interlude 1","Reclamation","Exit Only","Merchandise","Interlude 2","Give Me The Cure","Interlude 3","Waiting Room","Interlude 4","Blueprint","Interlude 5","Great Cop","Public Witness Program","Promises","Encore","Fell, Destroyed Instrumental","Surf Tune 3","Two Beats Off","Long Division","Sweet and Low","Outro",NA,NA,NA,NA,NA,NA,NA,NA,NA,NA,NA,NA
"osaka-japan-103193","FLS0599","31/10/1993","AM Hall","3500 yen",190,"Joey Picuri","Warren Russell-Smith","DAT","Good","Yu",NA,"1993 Japan/Australia/New Zealand Tour","Osaka",NA,"Japan","Intro","Facet Squared","Public Witness Program","And The Same","Turnover","Interlude 1","Instrument","Cassavetes","Reclamation","Exit Only","Interlude 2","Waiting Room","Margin Walker","Song #1","Interlude 3","Smallpox Champion","Returning The Screw","Interlude 4","Nice New Outfit","Long Division","Runaway Return","Interlude 5","Great Cop","Interlude 6","Walken's Syndrome","Promises","Encore","Sieve-Fisted Find","Repeater","Interlude 7","Blueprint","Sweet and Low","Outro",NA,NA,NA,NA,NA,NA,NA
"kyoto-japan-110193","FLS0600","01/11/1993","Muse Hall","3500 yen",100,"Joey Picuri","Jerry Busher","DAT","Very Good","Blow Ones Cool, Satorie School",NA,"1993 Japan/Australia/New Zealand Tour","Kyoto","","Japan","Joe #1","Merchandise","Public Witness Program","Intro","Greed","Latin Roots","Interlude 1","Great Cop","Rend It","Reclamation","Interlude 2","Reprovisional","Instrument","Interlude 3","Smallpox Champion","Returning the Screw","Interlude 4","Give Me The Cure","Waiting Room","Interlude 5","Blueprint","Facet Squared","Encore 1","Stacks","Interlude 6","Cassavetes","Shut the Door","Sweet and Low","Outro",NA,NA,NA,NA,NA,NA,NA,NA,NA,NA,NA
"nagoya-japan-110393","FLS0601","03/11/1993","Club Quattro","3500yen",160,"Joey Picuri","Jerry Busher","DAT","Very Good","Genbaku Onanies",NA,"1993 Japan/Australia/New Zealand Tour","Nagoya",NA,"Japan","Intro","Brendan #1","Facet Squared","Interlude 1","Public Witness Program","Styrofoam","Interlude 2","Dear Justice Letter","Reclamation","Rend It","Interlude 3","Instrument","Sieve-Fisted Find","Merchandise","Interlude 4","Bulldog Front","Waiting Room","Interlude 5","Walken's Syndrome","Great Cop","Blueprint","Repeater","Encore 1","Smallpox Champion","Returning the Screw","Interlude 6","Two Beats Off","Sweet and Low","Outro",NA,NA,NA,NA,NA,NA,NA,NA,NA,NA,NA
"tokyo-japan-110593","FLS0602","05/11/1993","Club Quattro","4000 yen",350,"Joey Picuri","Jerry Busher","DAT","Very Good","Bloodthirsty Butchers, Jackie and the Cedrics",NA,"1993 Japan/Australia/New Zealand Tour","Tokyo","","Japan","Intro","Smallpox Champion","Reclamation","Latin Roots","Interlude 1","Facet Squared","Public Witness Program","Interlude 2","Long Division","Blueprint","Interlude 3","Instrument","Rend It","Repeater","Interlude 4","Runaway Return","Interlude 5","Suggestion","Interlude 6","Give Me The Cure","Interlude 7","Great Cop","Walken's Syndrome","Encore 1","23 Beats Off","Exit Only","Interlude 8","KYEO","Sweet and Low","Outro",NA,NA,NA,NA,NA,NA,NA,NA,NA,NA
"tokyo-japan-110693","FLS0603","06/11/1993","Club Quattro","4000 yen",550,"Joey Picuri","Warren Russell-Smith","DAT","Very Good","Nukey Pikes, Sadato",NA,"1993 Japan/Australia/New Zealand Tour","Tokyo",NA,"Japan","Intro","Joe #1","And The Same","Nice New Outfit","Interlude 1","Great Cop","Cassavetes","Interlude 2","Merchandise","Two Beats Off","Interlude 3","Instrument","Public Witness Program","Interlude 4","Waiting Room","Margin Walker","Song #1","Interlude 5","Smallpox Champion","Interlude 6","Returning The Screw","Interlude 7","Reprovisional","Promises","Encore","Facet Squared","Rend It","Sweet and Low","Last Chance for a Slow Dance","Outro",NA,NA,NA,NA,NA,NA,NA,NA,NA,NA
"singapore-singapore-110893","FLS0604","08/11/1993","Bukit Batok Community Center",NA,550,"Joey Picuri","Warren Russell-Smith","DAT","Good",NA,"Recording has some digital glitches.","1993 Japan/Australia/New Zealand Tour","Singapore","","Singapore","Opening remarks","Joe #1","Reclamation","Public Witness Program","Facet Squared","Interlude 1","Merchandise","Rend It","Instrument","Interlude 2","Blueprint","Promises","Interlude 3","Margin Walker","Sieve-Fisted Find","Suggestion","Give Me the Cure","Waiting Room","Interlude 4","Smallpox Champion","Returning The Screw","Interlude 5","Nice New Outfit","Styrofoam","Walken's Syndrome","Great Cop","Exit Only","Repeater","Sweet And Low",NA,NA,NA,NA,NA,NA,NA,NA,NA,NA,NA
"perth-australia-111093","FLS0605","10/11/1993","Club O",NA,800,NA,NA,NA,NA,"Veronas, Bucket","DAT Player stolen!! No tape.","1993 Japan/Australia/New Zealand Tour","Perth",NA,"Australia",NA,NA,NA,NA,NA,NA,NA,NA,NA,NA,NA,NA,NA,NA,NA,NA,NA,NA,NA,NA,NA,NA,NA,NA,NA,NA,NA,NA,NA,NA,NA,NA,NA,NA,NA,NA,NA,NA,NA,NA
"adelaide-australia-111193","FLS0606","11/11/1993","Dom Polski Hall","15",550,"Joey Picuri","Warren Russell-Smith","Cassette","Good","Magic Dirt","Do we love the people in the audience or are we just fond of them?","1993 Japan/Australia/New Zealand Tour","Adelaide","","Australia","Turnover","Greed","Interlude 1","Bulldog Front","Waiting Room","Give Me The Cure","Interlude 2","Returning The Screw","Smallpox Champion","Interlude 3","Promises","Encore","Two Beats Off","Repeater","Interlude 4","Blueprint","Outro",NA,NA,NA,NA,NA,NA,NA,NA,NA,NA,NA,NA,NA,NA,NA,NA,NA,NA,NA,NA,NA,NA,NA
"croydon-vic-australia-111293","FLS0607","12/11/1993","EV's",NA,750,"Joey Picuri","Warren Russell-Smith","Cassette","Good","Spiderbait, Noise Addicts, Aquanuggets",NA,"1993 Japan/Australia/New Zealand Tour","Croydon","VIC","Australia","Intro","Facet Squared","Nice New Outfit","Styrofoam","Public Witness Program","Reclamation","Rend It","Instrument","Interlude 1","Margin Walker","Waiting Room","Break-In","Bad Mouth","Interlude 2","Smallpox Champion","Returning The Screw","Reprovisional","Encore","Great Cop","Blueprint","Promises","Sweet and Low","Outro",NA,NA,NA,NA,NA,NA,NA,NA,NA,NA,NA,NA,NA,NA,NA,NA,NA
"melbourne-vic-australia-111393","FLS0608","13/11/1993","Wall St.",NA,750,"Joey Picuri","Warren Russell-Smith","Cassette","Good","Noise Addicts, Magic Dirt, Root Beer",NA,"1993 Japan/Australia/New Zealand Tour","Melbourne","VIC","Australia","Intro","Joe #1","Merchandise","Dear Justice Letter","Interlude 1","Great Cop","Walken's Syndrome","Interlude 2","Stacks","Runaway Return","Interlude 3","Instrument","Cassavetes","Interlude 4","Suggestion","Give Me The Cure","Waiting Room","Interlude 5","Two Beats Off","Interlude 6","Long Division","Blueprint","Interlude 7","Repeater","Fell, Destroyed Instrumental","Facet Squared","Interlude 8","Public Witness Program","Outro",NA,NA,NA,NA,NA,NA,NA,NA,NA,NA,NA
"melbourne-vic-australia-111493","FLS0609","14/11/1993","Collingwood Town Hall",NA,1300,"Joey Picuri","Warren Russell-Smith","Cassette","Good","Shellac, Budd, Noise Addicts",NA,"1993 Japan/Australia/New Zealand Tour","Melbourne","VIC","Australia","Intro","Smallpox Champion","Reclamation","Interlude 1","Latin Roots","Facet Squared","Public Witness Program","Styrofoam","Interlude 2","Rend It","Interlude 3","23 Beats Off","Exit Only","Song #1","Burning","Waiting Room","Interlude 4","Two Beats Off","Interlude 5","Great Cop","Interlude 6","Cassavetes","Shut the Door","Encore","Brendan #1","Repeater","Sweet and Low","Glueman","Outro",NA,NA,NA,NA,NA,NA,NA,NA,NA,NA,NA
"canberra-australia-111793","FLS0610","17/11/1993","A.N.U. Bar",NA,600,"Joey Picuri","Fugazi","Cassette","Very Good","Shellac, Budd","Previously released on CD (FLS10).","1993 Japan/Australia/New Zealand Tour","Canberra",NA,"Australia","Intro","Joe #1","Facet Squared","Sieve-Fisted Find","Reclamation","Interlude","Reclamation","Public Witness Program","Merchandise","Nice New Outfit","Instrument","Last Chance for a Slow Dance","Great Cop","Walken's Syndrome","Interlude-2","Long Division","Blueprint","Repeater","Smallpox Champion","Returning The Screw","Reprovisional","Rend It","Promises","Sweet And Low",NA,NA,NA,NA,NA,NA,NA,NA,NA,NA,NA,NA,NA,NA,NA,NA
"wollongong-australia-111893","FLS0611","18/11/1993","Youth Centre",NA,250,"Joey Picuri","Warren Russell-Smith","Cassette","Good","Fur, Slob Plant",NA,"1993 Japan/Australia/New Zealand Tour","Wollongong",NA,"Australia","Intro","By You Instrumental","Exit Only","Interlude 1","And The Same","Public Witness Program","Great Cop","Latin Roots","Reclamation","Interlude 2","Rend It","Promises","Interlude 3","Margin Walker","Waiting Room","Smallpox Champion","Returning The Screw","Interlude 4","Blueprint","Facet Squared","Encore","Cassavetes","Instrument","Turnover","Sweet and Low","Outro",NA,NA,NA,NA,NA,NA,NA,NA,NA,NA,NA,NA,NA,NA
"manly-australia-111993","FLS0612","19/11/1993","Manly High School",NA,600,"Joey Picuri","Warren Russell-Smith","Cassette","Good","Fur, Gumption, Budd",NA,"1993 Japan/Australia/New Zealand Tour","Manly",NA,"Australia","Repeater","Interlude 1","Rend It","Interlude 2","Instrument","Two Beats Off","Interlude 3","Long Division","Runaway Return","Interlude 4","Song #1","Give Me The Cure","Waiting Room","Interlude 5","Smallpox Champion","Returning The Screw","Interlude 6","Blueprint","Interlude 7","Great Cop","Encore","Merchandise","Interlude 8","Cassavetes","Shut the Door","Outro",NA,NA,NA,NA,NA,NA,NA,NA,NA,NA,NA,NA,NA,NA
"sydney-australia-112093","FLS0613","20/11/1993","Sydney Town hall",NA,1300,"Joey Picuri","Warren Russell-Smith","Cassette","Good","Mark of Cain, Fur","""It's not America where people get shot every 5 minutes, buddy ! ""","1993 Japan/Australia/New Zealand Tour","Sydney","","Australia","Intro","Reclamation","Exit Only","Interlude 1","Facet Squared","Cassavetes","Styrofoam","Interlude 2","Blueprint","Instrument","Rend It","Interlude 3","Suggestion","Give Me The Cure","Waiting Room","Break-In","Returning The Screw","Interlude 4","Smallpox Champion","Interlude 5","Great Cop","Two Beats Off","Encore","Sweet and Low","Promises","Glueman","Outro",NA,NA,NA,NA,NA,NA,NA,NA,NA,NA,NA,NA,NA
"newcastle-australia-112493","FLS0614","24/11/1993","Morrow Park Bowls Club",NA,450,"Joey Picuri","Jerry Busher","Cassette","Very Good","Fur, BMF",NA,"1993 Japan/Australia/New Zealand Tour","Newcastle",NA,"Australia","Intro","Joe #1","Reclamation","Interlude 1","Nice New Outfit","Great Cop","Interlude 2","Rend It","Interlude 3","And The Same","Blueprint","Interlude 4","Facet Squared","Public Witness Program","Interlude 5","Waiting Room","Margin Walker","Interlude 6","Returning the Screw","Smallpox Champion","Promises","Cassavetes","Encore 1","KYEO","Two Beats Off","Repeater","Sweet and Low","Outro",NA,NA,NA,NA,NA,NA,NA,NA,NA,NA,NA,NA
"lismore-australia-112693","FLS0615","26/11/1993","Italo Club",NA,450,"Joey Picuri","Warren Russell-Smith","Cassette","Very Good","Spiderbait, Headlifter",NA,"1993 Japan/Australia/New Zealand Tour","Lismore",NA,"Australia","Intro","Facet Squared","Walken's Syndrome","Merchandise","Interlude 1","Latin Roots","Reclamation","Rend It","Instrument","Turnover","Long Division","Blueprint","Interlude 2","Waiting Room","Interlude 3","Give Me The Cure","Interlude 4","Returning The Screw","Smallpox Champion","Interlude 5","Repeater","Encore","Cassavetes","Great Cop","Interlude 6","Nice New Outfit","Shut the Door","Sweet and Low","Outro",NA,NA,NA,NA,NA,NA,NA,NA,NA,NA,NA
"brisbane-qld-australia-112793","FLS0616","27/11/1993","Boulder Gallery",NA,1000,"Joey Picuri","Warren Russell-Smith","DAT","Good","Spiderbait, Midget",NA,"1993 Japan/Australia/New Zealand Tour","Brisbane","QLD","Australia","Intro","Reclamation","Interlude 1","Exit Only","Facet Squared","Public Witness Program","Styrofoam","Cassavetes","Instrument","Two Beats Off","Interlude 2","Promises","Bulldog Front","Suggestion","Break-In","Waiting Room","Interlude 3","Smallpox Champion","Returning The Screw","Blueprint","Encore","Great Cop","Rend It","Interlude 4","KYEO","Sweet and Low","Outro",NA,NA,NA,NA,NA,NA,NA,NA,NA,NA,NA,NA,NA
"sydney-nsw-australia-120193","FLS0617","01/12/1993","Uni Manning Bar",NA,450,"Joey Picuri","Warren Russell-Smith","Cassette","Good","Headache",NA,"1993 Japan/Australia/New Zealand Tour","Sydney","NSW","Australia","Intro","Brendan #1","Greed","Interlude 1","Dear Justice Letter","Interlude 2","Smallpox Champion","Interlude 3","Facet Squared","Public Witness Program","Interlude 4","Merchandise","Rend It","Interlude 5","23 Beats Off","Two Beats Off","Interlude 6","Burning Too","Give Me The Cure","Song #1","Interlude 7","Nice New Outfit","Instrument","Interlude 8","Walken's Syndrome","Interlude 9","Shut the Door","Encore","Reprovisional","Reclamation","Interlude 10","Last Chance for a Slow Dance","Fell, Destroyed Instrumental","Outro",NA,NA,NA,NA,NA,NA
"hobart-tas-australia-120393","FLS0618","03/12/1993","Hellenic Hall",NA,400,"Joey Picuri","Warren Russell-Smith","Cassette","Very Good","Mouth, Lugs","First song is all bass, but the mix gets sorted out.","1993 Japan/Australia/New Zealand Tour","Hobart","TAS","Australia","Intro","Joe #1","Facet Squared","Interlude 1","Public Witness Program","Interlude 2","Styrofoam","Turnover","Reclamation","Interlude 3","Cassavetes","Interlude 4","Instrument","Interlude 5","Blueprint","Interlude 6","Suggestion","Give Me The Cure","Waiting Room","Interlude 7","Exit Only","Returning The Screw","Smallpox Champion","Interlude 8","Promises","Encore","Rend It","Interlude 9","Long Division","Runaway Return","Sweet and Low","Outro",NA,NA,NA,NA,NA,NA,NA,NA
"launceston-tas-australia-120493","FLS0619","04/12/1993","Windmill Hill War Memorial",NA,180,"Joey Picuri","Warren Russell-Smith","Cassette","Very Good","Mouth",NA,"1993 Japan/Australia/New Zealand Tour","Launceston","TAS","Australia","Intro","Merchandise","Latin Roots","And The Same","Sieve-Fisted Find","Interlude 1","Great Cop","Walken's Syndrome","Interlude 2","Stacks","Two Beats Off","Interlude 3","Brendan #1","Interlude 4","Instrument","Interlude 5","Cassavetes","Song #1","Margin Walker","Waiting Room","Interlude 6","Smallpox Champion","Returning The Screw","Interlude 7","Reprovisional","Encore","Repeater","Interlude 8","Rend It","Interlude 9","Shut the Door","Fell, Destroyed Instrumental",NA,NA,NA,NA,NA,NA,NA,NA
"christchurch-new-zealand-120893","FLS0620","08/12/1993","Caledonian Hall",NA,600,"Joey Picuri","Warren Russell-Smith","Cassette","Very Good","Pumpkinhead, Wadd","The patron didn't want his money back!","1993 Japan/Australia/New Zealand Tour","Christchurch","","New Zealand","Intro","Reclamation","Turnover","Interlude 1","Facet Squared","Public Witness Program","And The Same","Exit Only","Long Division","Cassavetes","Interlude 2","Instrument","Sieve-Fisted Find","Interlude 3","Suggestion","Give Me The Cure","Interlude 4","Waiting Room","Smallpox Champion","Interlude 5","Returning The Screw","Interlude 6","Blueprint","Repeater","Encore","Great Cop","Walken's Syndrome","Promises","Sweet and Low","Outro",NA,NA,NA,NA,NA,NA,NA,NA,NA,NA
"dunedin-new-zealand-120993","FLS0621","09/12/1993","Sammy's",NA,550,"Joey Picuri","Warren Russell-Smith","Cassette","Very Good","Swarm, Kid Eternity","""Sorting the bunnies from one belt to the other.""","1993 Japan/Australia/New Zealand Tour","Dunedin","","New Zealand","Intro","Joe #1","Instrument","Smallpox Champion","Merchandise","Interlude 1","Latin Roots","Facet Squared","Rend It","Interlude 2","Reclamation","Reprovisional","Long Division","Blueprint","Interlude 3","Waiting Room","Margin Walker","Interlude 4","Returning The Screw","Interlude 5","Cassavetes","Interlude 6","Shut the Door","Encore 1","Two Beats Off","Interlude 8","Great Cop","Public Witness Program","Sweet and Low","Encore 2","Promises","Exit Only","Outro",NA,NA,NA,NA,NA,NA,NA
"wellington-new-zealand-121093","FLS0622","10/12/1993","Student Union",NA,1000,"Joey Picuri","Warren Russell-Smith","Cassette","Very Good","Skinshed","Listen as the band contends with a moving stage!","1993 Japan/Australia/New Zealand Tour","Wellington","","New Zealand","Exit Only","Interlude 1","Merchandise","Interlude 2","Cassavetes","Facet Squared","Interlude 3","Blueprint","Interlude 4","Reclamation","Rend It","Interlude 5","Instrument","Nice New Outfit","Interlude 6","Song #1","Break-In","Waiting Room","Margin Walker","Interlude 7","Returning The Screw","Interlude 8","Smallpox Champion","Interlude 9","Promises","Encore","Joe #1","Walken's Syndrome","Repeater","Sweet and Low","Outro",NA,NA,NA,NA,NA,NA,NA,NA,NA
"auckland-new-zealand-121193","FLS0623","11/12/1993","Powerstation",NA,800,"Joey Picuri","Warren Russell-Smith","Cassette","Excellent","Rainy Days, Semi Lemon Kola",NA,"1993 Japan/Australia/New Zealand Tour","Auckland","","New Zealand","Intro","Facet Squared","Public Witness Program","Merchandise","Interlude 1","Dear Justice Letter","Interlude 2","Reclamation","Rend It","Instrument","Blueprint","Long Division","Cassavetes","Interlude 3","Waiting Room","Margin Walker","Bad Mouth","Interlude 4","Smallpox Champion","Interlude 5","Returning The Screw","Interlude 6","Turnover","Interlude 7","Great Cop","Walken's Syndrome","Encore","Two Beats Off","Interlude 8","Promises","Sweet and Low","Repeater","Outro",NA,NA,NA,NA,NA,NA,NA
"auckland-new-zealand-121293","FLS0624","12/12/1993","Powerstation",NA,500,"Joey Picuri","Warren Russell-Smith","Cassette","Excellent","Rainy Days, Thorazine Shuffle",NA,"1993 Japan/Australia/New Zealand Tour","Auckland","","New Zealand","Intro","Reprovisional","Styrofoam","Nice New Outfit","And The Same","Public Witness Program","Interlude 1","Great Cop","Last Chance for a Slow Dance","Instrument","Exit Only","Interlude 2","Waiting Room","Interlude 3","Give Me The Cure","Interlude 4","Suggestion","Interlude 5","Cassavetes","Facet Squared","Interlude 6","Latin Roots","Interlude 7","Shut the Door","Encore 1","KYEO","Rend It","Encore 2","Reclamation","Fell, Destroyed Instrumental","Outro",NA,NA,NA,NA,NA,NA,NA,NA,NA
"honolulu-hi-usa-121493","FLS0625","14/12/1993","After Dark","5",1300,"Joey Picuri","Jerry Busher","Cassette","Good",NA,NA,"1993 Japan/Australia/New Zealand Tour","Honolulu","HI","USA","Intro","Facet Squared","Public Witness Program","And The Same","Turnover","Interlude 1","Instrument","Rend It","Styrofoam","Runaway Return","Interlude 2","Reclamation","Cassavetes","Waiting Room","Bulldog Front","Song #1","Smallpox Champion","Returning the Screw","Interlude 3","Blueprint","Great Cop","Encore 1","Repeater","Walken's Syndrome","Interlude 4","Promises","Sweet and Low","Outro",NA,NA,NA,NA,NA,NA,NA,NA,NA,NA,NA,NA
"washington-dc-usa-60394","FLS0626","03/06/1994","Pirate House / Brendan's Going Away Party","Free",50,NA,NA,NA,NA,"TAMI Show",NA,"1994 Summer Regional Dates","Washington","DC","USA",NA,NA,NA,NA,NA,NA,NA,NA,NA,NA,NA,NA,NA,NA,NA,NA,NA,NA,NA,NA,NA,NA,NA,NA,NA,NA,NA,NA,NA,NA,NA,NA,NA,NA,NA,NA,NA,NA,NA,NA
"washington-dc-usa-80494","FLS0627","04/08/1994","Fort Reno","Free",2000,"Joey Picuri","Jerry Busher","Cassette","Good","Metamatix, Clone of Society",NA,"1994 Summer Regional Dates","Washington","DC","USA","Promises","Interlude 1","Rend It","Interlude 2","Instrument","Blueprint","Interlude 3","Shut the Door","Interlude 4","Smallpox Champion","Fell, Destroyed Instrumental","Outro",NA,NA,NA,NA,NA,NA,NA,NA,NA,NA,NA,NA,NA,NA,NA,NA,NA,NA,NA,NA,NA,NA,NA,NA,NA,NA,NA,NA
"belo-horizonte-brazil-81594","FLS0628","15/08/1994","Belo Horizonte Independent Music Festival",NA,3000,"Joey Picuri",NA,"Cassette","Very Good","20 bands","Three Day Festival","1994 Fall Brazil Tour","Belo Horizonte",NA,"Brazil","Intro","Brendan #1","Facet Squared","Public Witness Program","Interlude 1","Reclamation","Interlude 2","Nice New Outfit","Interlude 3","Birthday Pony","Turnover","Interlude 4","Waiting Room","Margin Walker","Song #1","Interlude 5","Give Me The Cure","Interlude 6","By You","Instrument","Rend It","Interlude 7","Great Cop","Interlude 8","Target","Interlude 9","Promises","Outro",NA,NA,NA,NA,NA,NA,NA,NA,NA,NA,NA,NA
"rio-de-janeiro-brazil-81894","FLS0629","18/08/1994","Circo Voador",NA,200,"Joey Picuri","Warren Russell-Smith","Cassette","Good","Beach Lizards",NA,"1994 Fall Brazil Tour","Rio De Janeiro","","Brazil","Opening Remarks","Joe #1","Merchandise","Interlude 1","Walken's Syndrome","Interlude 2","Reclamation","Runaway Return","Interlude 3","Stacks","Smallpox Champion","Interlude 4","And The Same","Interlude 5","Bulldog Front","Waiting Room","Give Me The Cure","Long Division","Target","Birthday Pony","Interlude 6","Exit Only","Shut the Door","Outro",NA,NA,NA,NA,NA,NA,NA,NA,NA,NA,NA,NA,NA,NA,NA,NA
"itaborai-brazil-81994","FLS0630","19/08/1994","Col. Leao XIII Hall",NA,300,"Joey Picuri","Fugazi","Cassette","Very Good","Gangrena Gasosa, Tubaroes Voadores",NA,"1994 Fall Brazil Tour","Itaborai",NA,"Brazil","Intro","Steady Diet","Exit Only","Greed","Interlude 1","Turnover","Interlude 2","KYEO","Forensic Scene","By You","Interlude 3","Repeater","Two Beats Off","Interlude 4","Bad Mouth","Bulldog Front","Waiting Room","Interlude 5","Blueprint","Interlude 6","Instrument","Public Witness Program","Sweet and Low","Outro",NA,NA,NA,NA,NA,NA,NA,NA,NA,NA,NA,NA,NA,NA,NA,NA
"sao-paulo-brazil-82094","FLS0631","20/08/1994","Aeroanta",NA,1000,"Joey Picuri","Warren Russell-Smith","Cassette","Good","Psycho Drops",NA,"1994 Fall Brazil Tour","Sao Paulo",NA,"Brazil","Intro","Styrofoam","Latin Roots","Facet Squared","Sieve-Fisted Find","Reclamation","Interlude 1","Two Beats Off","Interlude 2","Birthday Pony","By You","Margin Walker","Bad Mouth","Break-In","Waiting Room","Interlude 3","Smallpox Champion","Interlude 4","Instrument","Blueprint","Interlude 5","Long Division","Target","Repeater","Encore","Fell, Destroyed Instrumental","Promises","Reprovisional",NA,NA,NA,NA,NA,NA,NA,NA,NA,NA,NA,NA
"sao-paulo-brazil-82194","FLS0632","21/08/1994","Aeroanta",NA,800,"Joey Picuri","Warren Russell-Smith","Cassette","Good","Psycho Drops",NA,"1994 Fall Brazil Tour","Sao Paulo",NA,"Brazil","Intro","Joe #1","Exit Only","Interlude 1","Merchandise","Interlude 2","Cassavetes","Repeater","Interlude 3","Rend It","Interlude 4","Long Division","Runaway Return","Interlude 5","Waiting Room","Give Me The Cure","Suggestion","Interlude 6","Forensic Scene","Returning The Screw","Smallpox Champion","Interlude 7","By You","Interlude 8","Great Cop","Encore","Shut the Door","Glueman",NA,NA,NA,NA,NA,NA,NA,NA,NA,NA,NA,NA
"curitiba-brazil-82594","FLS0633","25/08/1994","92 Graus",NA,200,"Joey Picuri","Warren Russell-Smith","Cassette","Very Good","Missonarios, Intruders, Andes De Jardem",NA,"1994 Fall Brazil Tour","Curitiba",NA,"Brazil","Intro","Joe #1","And The Same","Interlude 1","Cassavetes","Merchandise","Public Witness Program","Interlude 2","Instrument","Walken's Syndrome","Interlude 3","Birthday Pony","Dear Justice Letter","Interlude 4","Suggestion","Give Me The Cure","Waiting Room","Interlude 5","Forensic Scene","By You","Interlude 6","Stacks","Runaway Return","Shut the Door","Outro",NA,NA,NA,NA,NA,NA,NA,NA,NA,NA,NA,NA,NA,NA,NA
"curitiba-brazil-82694","FLS0635","26/08/1994","92 Graus",NA,300,"Joey Picuri","Fugazi","Cassette","Very Good","Missionarios, Intruders, Anões de Jardim","Previously released on CD (FLS11).","1994 Fall Brazil Tour","Curitiba","","Brazil","Intro","Brendan #1","Facet Squared","Rend It","Great Cop","Exit Only","Greed","Turnover","Reclamation","Two Beats Off","By You","Waiting Room","Margin Walker","Long Division","Blueprint","Birthday Pony","Reprovisional","Returning the Screw","Smallpox Champion","Promises",NA,NA,NA,NA,NA,NA,NA,NA,NA,NA,NA,NA,NA,NA,NA,NA,NA,NA,NA,NA
"curitiba-brazil-82794","FLS0636","27/08/1994","92 Graus",NA,75,"Joey Picuri","Warren Russell-Smith","Cassette","Good","Magog, Publico Opinion","Recording cuts in and out.","1994 Fall Brazil Tour","Curitiba","","Brazil","Intro","Version","Exit Only","Interlude 1","Merchandise","Interlude 2","Turnover","Reclamation","Interlude 3","Nice New Outfit","Styrofoam","Target","Interlude 4","Birthday Pony","Two Beats Off","Song #1","Interlude 5","Bulldog Front","Bad Mouth","Break-In","Long Division","Blueprint","Instrument","Last Chance for a Slow Dance","Sweet and Low","Encore","Repeater","Glueman",NA,NA,NA,NA,NA,NA,NA,NA,NA,NA,NA,NA
"silver-spring-md-usa-112094","FLS0637","20/11/1994","Long Branch Community Center","5",350,"Joey Picuri",NA,"Cassette","Very Good","Junkyard Band","Benefit for After School Kids","1994 Fall/Winter Regional Dates","Silver Spring","MD","USA","Opening Remarks","Intro","Downed City","Do You Like Me","Reclamation","Interlude 1","Rend It","Bed For The Scraping","Interlude 2","Latest Disgrace","Interlude 3","Birthday Pony","By You","Interlude 4","Forensic Scene","Instrument","Interlude 5","Cassavetes","Great Cop","Public Witness Program","Long Division","Target","Back to Base","Outro",NA,NA,NA,NA,NA,NA,NA,NA,NA,NA,NA,NA,NA,NA,NA,NA
"washington-dc-usa-112794","FLS0638","27/11/1994","9:30 Club","5",450,"Joey Picuri","Warren Russell-Smith","Cassette","Very Good","Stinkin Lizaveta","Benefit for Washington Free Clinic","1994 Fall/Winter Regional Dates","Washington","DC","USA","Intro","Bed For The Scraping","Walken's Syndrome","Facet Squared","Interlude 1","Latest Disgrace","Interlude 2","Styrofoam","Rend It","Repeater","Interlude 4","Do You Like Me","Interlude 5","Birthday Pony","Interlude 6","Smallpox Champion","Returning The Screw","Interlude 7","By You","Interlude 8","Forensic Scene","Merchandise","Public Witness Program","Promises","Interlude 9","Target","Encore","Combination Lock","Long Distance Runner","Two Beats Off","Reclamation","Outro",NA,NA,NA,NA,NA,NA,NA,NA
"washington-dc-usa-112994","FLS0639","29/11/1994","Black Cat","5",650,"Joey Picuri","Jerry Busher","Cassette","Very Good","The Warmers","Benefit for Washington Free Clinic","1994 Fall/Winter Regional Dates","Washington","DC","USA","Interlude 1","Turnover","Brendan #1","Intro","Back to Base","Do You Like Me","Interlude 2","Reclamation","Interlude 3","Runaway Return","Interlude 4","Bed For The Scraping","Interlude 5","Forensic Scene","Long Division","Cassavetes","Interlude 6","Birthday Pony","Interlude 7","Latest Disgrace","By You","Interlude 8","Blueprint","Interlude 9","Great Cop","Public Witness Program","Interlude 10","Downed City","Reprovisional","Encore 1","Target","Instrument","Exit Only","Interlude 11","KYEO","Glueman",NA,NA,NA,NA
"baltimore-md-usa-30295","FLS0640","02/03/1995","University of Maryland Baltimore","5",1000,"Joey Picuri","Warren Russell-Smith","Cassette","Very Good","Slant 6, Onespot Fringehead","Benefit for UMBC Radio Station","1995 Spring Regional Dates","Baltimore","MD","USA","Intro","Birthday Pony","Downed City","Interlude 1","Instrument","Interlude 2","Cassavetes","Interlude 3","Stacks","Latest Disgrace","Great Cop","Public Witness Program","Interlude 4","Bed For The Scraping","Forensic Scene","Promises","Combination Lock","Do You Like Me","By You","Repeater","Blueprint","Encore","Fell, Destroyed","Long Distance Runner","Glueman","Outro",NA,NA,NA,NA,NA,NA,NA,NA,NA,NA,NA,NA,NA,NA
"philadelphia-pa-usa-40195","FLS0641","01/04/1995","Trocadero","5",1200,"Joey Picuri","Warren Russell-Smith","Cassette","Excellent","Make Up, Metamatics",NA,"1995 USA East Coast Tour","Philadelphia","PA","USA","Intro","Bed For The Scraping","Do You Like Me","Reclamation","Interlude 1","Blueprint","Interlude 2","Facet Squared","Public Witness Program","Interlude 3","Birthday Pony","Latest Disgrace","Interlude 4","By You","Interlude 5","Song #1","Margin Walker","Waiting Room","Interlude 6","Forensic Scene","Long Distance Runner","Two Beats Off","Great Cop","Interlude 7","Downed City","Encore","Combination Lock","Rend It","Interlude 8","Promises","Sweet and Low","Outro",NA,NA,NA,NA,NA,NA,NA,NA
"philadelphia-pa-usa-40295","FLS0642","02/04/1995","Trocadero","5",1200,"Joey Picuri","Warren Russell-Smith","Cassette","Very Good","Make Up, Metamatics",NA,"1995 USA East Coast Tour","Philadelphia","PA","USA","Intro","Brendan #1","Turnover","Back To Base","Interlude 1","Target","Instrument","Runaway Return","Interlude 2","By You","Latest Disgrace","Interlude 3","Suggestion","Give Me The Cure","Bad Mouth","Fell, Destroyed","Bed For The Scraping","Blueprint","Repeater","Encore","Do You Like Me","Birthday Pony","Smallpox Champion","Interlude 4","Shut the Door","Outro",NA,NA,NA,NA,NA,NA,NA,NA,NA,NA,NA,NA,NA,NA
"new-york-city-ny-usa-40395","FLS0643","03/04/1995","Irving Plaza","6",1100,"Joey Picuri","Jerry Busher","Cassette","Very Good","Slant 6, Make Up",NA,"1995 USA East Coast Tour","New York","NY","USA","Intro","Merchandise","Sieve-Fisted Find","Bed For The Scraping","Do You Like Me","Reclamation","Rend It","Combination Lock","Back to Base","Downed City","Returning the Screw","Smallpox Champion","Waiting Room","Break-In","Long Distance Runner","Cassavetes","Great Cop","Blueprint","Encore 1","By You","Forensic Scene","Promises","Outro",NA,NA,NA,NA,NA,NA,NA,NA,NA,NA,NA,NA,NA,NA,NA,NA,NA
"new-york-city-ny-usa-40495","FLS0644","04/04/1995","Irving Plaza","6",1100,"Joey Picuri","Warren Russell-Smith","Cassette","Good","Slant 6, Cakelike","""Mercury is in retrograde!""","1995 USA East Coast Tour","New York","NY","USA","Intro","Turnover","Styrofoam","Public Witness Program","Birthday Pony","Exit Only","And The Same","Latest Disgrace","Interlude 1","By You","Long Division","Fell, Destroyed","Interlude 2","Suggestion","Burning","Interlude 3","Back To Base","Do You Like Me","Interlude 4","Instrument","Two Beats Off","Repeater","Encore","Joe #1","Bed For The Scraping","Forensic Scene","Sweet and Low","Shut the Door","Outro",NA,NA,NA,NA,NA,NA,NA,NA,NA,NA,NA
"new-york-city-ny-usa-40595","FLS0645","05/04/1995","Irving Plaza","6",1100,"Joey Picuri","Warren Russell-Smith","DAT","Very Good","Lois, Unwound",NA,"1995 USA East Coast Tour","New York","NY","USA","Intro","Blueprint","Interlude 1","Brendan #1","Birthday Pony","Cassavetes","Facet Squared","Dear Justice Letter","Interlude 2","Bed For The Scraping","Target","Promises","Margin Walker","Bad Mouth","Give Me The Cure","Interlude 3","Returning The Screw","Smallpox Champion","Interlude 4","Back To Base","By You","Latest Disgrace","Interlude 5","Reclamation","Encore","Forensic Scene","Long Distance Runner","Glueman","Outro",NA,NA,NA,NA,NA,NA,NA,NA,NA,NA,NA
"poughkeepsie-ny-usa-40695","FLS0646","06/04/1995","Vassar College Walker Fieldhouse","5",1200,"Joey Picuri","Warren Russell-Smith","Cassette","Very Good","Lois, Unwound",NA,"1995 USA East Coast Tour","Poughkeepsie","NY","USA","Intro","Joe #1","Exit Only","And The Same","Do You Like Me","Interlude 1","Bed For The Scraping","Sieve-Fisted Find","Interlude 2","Reclamation","Interlude 3","Fell, Destroyed","Long Division","Blueprint","Birthday Pony","Interlude 4","By You","Latin Roots","Instrument","Rend It","Repeater","Encore","Forensic Scene","Promises","Give Me The Cure","Outro",NA,NA,NA,NA,NA,NA,NA,NA,NA,NA,NA,NA,NA,NA
"hartford-ct-usa-40795","FLS0647","07/04/1995","West Indian Social Club","5",921,"Joey Picuri","Warren Russell-Smith","Cassette","Very Good","Lois, Unwound",NA,"1995 USA East Coast Tour","Hartford","CT","USA","Intro","Merchandise","Public Witness Program","And The Same","Target","Interlude 1","KYEO","Turnover","Interlude 2","Bed For The Scraping","Do You Like Me","Instrument","Interlude 3","Margin Walker","Suggestion","By You","Interlude 4","Forensic Scene","Facet Squared","Dear Justice Letter","Reclamation","Encore","Long Distance Runner","Two Beats Off","Returning The Screw","Smallpox Champion","Outro",NA,NA,NA,NA,NA,NA,NA,NA,NA,NA,NA,NA,NA
"portland-me-usa-40895","FLS0648","08/04/1995","Sullivan Gym, U. of S. Maine","5",1500,"Joey Picuri","Warren Russell-Smith","Cassette","Very Good","Unwound, Karate",NA,"1995 USA East Coast Tour","Portland","ME","USA","Intro","Blueprint","Reclamation","Interlude 1","Runaway Return","Interlude 2","Birthday Pony","Latest Disgrace","Interlude 3","Stacks","Turnover","Back To Base","Downed City","Interlude 4","Waiting Room","Lockdown","Song #1","Interlude 5","By You","Do You Like Me","Interlude 6","Great Cop","Reprovisional","Encore","Long Distance Runner","Rend It","Outro",NA,NA,NA,NA,NA,NA,NA,NA,NA,NA,NA,NA,NA
"burlington-vt-usa-40995","FLS0649","09/04/1995","Memorial Hall",NA,NA,"Joey Picuri","Jerry Busher","Cassette","Good","Unwound, Karate",NA,"1995 USA East Coast Tour","Burlington","VT","USA","Intro","Brendan #1","Bed For The Scraping","Cassavetes","Styrofoam","Walken's Syndrome","Reclamation","Fell, Destroyed","Facet Squared","Public Witness Program","Interlude 1","By You","Interlude 2","Bulldog Front","Interlude 3","Suggestion","Give Me The Cure","Interlude 4","Birthday Pony","Forensic Scene","Long Division","Blueprint","Repeater","Encore 1","Long Distance Runner","Two Beats Off","Promises","Sweet and Low","Outro",NA,NA,NA,NA,NA,NA,NA,NA,NA,NA,NA
"providence-ri-usa-41195","FLS0650","11/04/1995","Lupo's Heartbreak Hotel","5",1600,"Joey Picuri","Warren Russell-Smith","Cassette","Very Good","Unwound, Make Up",NA,"1995 USA East Coast Tour","Providence","RI","USA","Intro","Reclamation","Exit Only","Merchandise","Interlude 1","Latest Disgrace","Interlude 2","Birthday Pony","Two Beats Off","Interlude 3","Facet Squared","Target","Interlude 4","Shut the Door","Fell, Destroyed","By You","Public Witness Program","Interlude 5","Waiting Room","Margin Walker","Bad Mouth","Interlude 6","Give Me The Cure","Interlude 7","Bed For The Scraping","Interlude 8","Forensic Scene","Long Division","Blueprint","Encore","Long Distance Runner","Turnover","Interlude 9","Instrument","Sweet and Low","Outro",NA,NA,NA,NA
"providence-ri-usa-41295","FLS0651","12/04/1995","Lupo's Heartbreak Hotel","5",1700,"Joey Picuri","Warren Russell-Smith","Cassette","Very Good","Karate, Make Up","Listen as the band encourages the audience to not set fire to one another!
 
 Also, contrary to the poster, Unwound did not play this show. Make Up did.","1995 USA East Coast Tour","Providence","RI","USA","Intro","Steady Diet","And The Same","Rend It","Styrofoam","Do You Like Me","Back To Base","Interlude 1","Nice New Outfit","Interlude 2","Reclamation","Fell, Destroyed","Interlude 3","Birthday Pony","By You","Turnover","Interlude 4","Suggestion","Give Me The Cure","Song #1","Interlude 5","Smallpox Champion","Returning The Screw","Interlude 6","Forensic Scene","Long Distance Runner","Encore","Great Cop","Public Witness Program","Promises","Downed City","Outro",NA,NA,NA,NA,NA,NA,NA,NA
"hoboken-nj-usa-41395","FLS0652","13/04/1995","Maxwell's","5",200,"Joey Picuri","Warren Russell-Smith","Cassette","Good","Warmers",NA,"1995 USA East Coast Tour","Hoboken","NJ","USA","Intro","Bed For The Scraping","Do You Like Me","Birthday Pony","Cassavetes","Facet Squared","Rend It","Interlude 1","Reclamation","Fell, Destroyed","By You","Two Beats Off","Interlude 2","Back To Base","Interlude 3","Downed City","Long Division","Forensic Scene","Promises","Target","Instrument","Public Witness Program","Great Cop","Turnover","Long Distance Runner","Reprovisional","Outro",NA,NA,NA,NA,NA,NA,NA,NA,NA,NA,NA,NA,NA
"newark-de-usa-41495","FLS0653","14/04/1995","University of Delaware Carpenter Hall","5",1300,"Joey Picuri","Warren Russell-Smith","Cassette","Poor","Warmers, Boy Sets Fire",NA,"1995 USA East Coast Tour","Newark","DE","USA","Intro","Blueprint","And The Same","Do You Like Me","Interlude 1","Bed For The Scraping","Turnover","Styrofoam","Interlude 3","Rend It","Reclamation","Interlude 5","Fell, Destroyed","Long Division","Runaway Return","Interlude 6","Suggestion","Give Me The Cure","Encore - Comedy Of Life","By You","Great Cop","Outro",NA,NA,NA,NA,NA,NA,NA,NA,NA,NA,NA,NA,NA,NA,NA,NA,NA,NA
"eindhoven-netherlands-50495","FLS0655","04/05/1995","Effenaar",NA,1000,"Joey Picuri","Warren Russell-Smith","Cassette","Excellent","Zool",NA,"1995 Spring/Summer European Tour","Eindhoven",NA,"Netherlands","Intro","Turnover","Facet Squared","Public Witness Program","Reclamation","Interlude 1","Do You Like Me","Bed For The Scraping","Runaway Return","Long Division","Fell, Destroyed","Birthday Pony","Cassavetes","Interlude 2","By You","Suggestion","Give Me The Cure","Interlude 3","Styrofoam","Blueprint","Interlude 4","Back To Base","Target","Returning The Screw","Smallpox Champion","Encore 1","Brendan #1","Latest Disgrace","Long Distance Runner","Promises","Sweet And Low","Repeater","Outro",NA,NA,NA,NA,NA,NA,NA
"brighton-england-50695","FLS0656","06/05/1995","Sussex University Nelson Mandela Hall",NA,600,"Joey Picuri","Warren Russell-Smith","Cassette","Poor","Slant 6, Useful Idiots","Only half of the show. It appears that the tape didn't flip over!","1995 Spring/Summer European Tour","Brighton","","England","Intro","Merchandise","Interlude 1","Do You Like Me","Bed For The Scraping","Interlude 2","Dear Justice Letter","Reclamation","Interlude 3","Target","Interlude 4","Birthday Pony","Rend It","Interlude 5","Great Cop","Blueprint","Song #1","Margin Walker","Waiting Room",NA,NA,NA,NA,NA,NA,NA,NA,NA,NA,NA,NA,NA,NA,NA,NA,NA,NA,NA,NA,NA
"manchester-england-50795","FLS0657","07/05/1995","Academy",NA,1200,"Joey Picuri","Warren Russell-Smith","Cassette","Good","Slant 6, Fabric",NA,"1995 Spring/Summer European Tour","Manchester",NA,"England","Intro","Blueprint","And The Same","Public Witness Program","Interlude 1","Back To Base","Do You Like Me","Styrofoam","Rend It","Interlude 2","Long Division","Fell, Destroyed","By You","Interlude 3","Suggestion","Give Me The Cure","Bed For The Scraping","Interlude 4","Downed City","Great Cop","Turnover","Promises","Encore","Forensic Scene","Repeater","Exit Only","Outro",NA,NA,NA,NA,NA,NA,NA,NA,NA,NA,NA,NA,NA
"glasgow-scotland-50895","FLS0658","08/05/1995","Barrowland Ballroom",NA,1500,"Joey Picuri","Warren Russell-Smith","Cassette","Poor","Slant 6, Badgewearer, Des Man DeAblo",NA,"1995 Spring/Summer European Tour","Glasgow","","Scotland","Intro","Cassavetes","Merchandise","Target","Birthday Pony","Interlude 1","Public Witness Program","Reclamation","Interlude 2","Latest Disgrace","Interlude 3","Combination Lock","Repeater","Margin Walker","Suggestion","Give Me The Cure","By You","Bed For The Scraping","Interlude 4","Forensic Scene","Returning The Screw","Smallpox Champion","Interlude 5","Back To Base","Downed City","Encore","Fell, Destroyed","Long Distance Runner","Turnover","Outro",NA,NA,NA,NA,NA,NA,NA,NA,NA,NA
"belfast-northern-ireland-50995","FLS0659","09/05/1995","Queen's Hall",NA,600,"Joey Picuri","Warren Russell-Smith","Cassette","Good",NA,NA,"1995 Spring/Summer European Tour","Belfast","","Northern Ireland","Intro","Combination Lock","Reclamation","Walken's Syndrome","Interlude 1","Facet Squared","Do You Like Me","Birthday Pony","Interlude 2","Sieve-Fisted Find","Interlude 3","Stacks","Interlude 4","Downed City","By You","Bed For The Scraping","Interlude 5","Exit Only","Promises","Fell, Destroyed","Interlude 6","Song #1","Break-In","Waiting Room","Interlude 7","Forensic Scene","Interlude 8","Long Distance Runner","Blueprint","Encore","Latest Disgrace","Interlude 9","Instrument","Interlude 10","Reprovisional","Outro",NA,NA,NA,NA
"dublin-ireland-51095","FLS0660","10/05/1995","Ormond Center",NA,1000,"Joey Picuri","Warren Russell-Smith","Cassette","Good",NA,NA,"1995 Spring/Summer European Tour","Dublin",NA,"Ireland","Intro","Steady Diet","Bed For The Scraping","Downed City","Facet Squared","Rend It","Interlude 1","Birthday Pony","Target","Returning The Screw","Smallpox Champion","Interlude 2","Bad Mouth","Margin Walker","Suggestion","Give Me The Cure","Interlude 3","By You","Back To Base","Interlude 4","Forensic Scene","Long Division","Blueprint","Encore","Long Distance Runner","Turnover","Reclamation","Fell, Destroyed","Outro",NA,NA,NA,NA,NA,NA,NA,NA,NA,NA,NA
"nottingham-england-51295","FLS0661","12/05/1995","Trent University",NA,630,"Joey Picuri","Warren Russell-Smith","Cassette","Very Good","Bob Tilton, Slant 6","""Your incessant heckling has turned that song black in my heart.""","1995 Spring/Summer European Tour","Nottingham","","England","Intro","Merchandise","Nice New Outfit","And The Same","Latest Disgrace","Interlude 1","Back To Base","Turnover","Reclamation","Interlude 2","Target","Long Distance Runner","Rend It","Great Cop","Lockdown","Bad Mouth","Give Me The Cure","Suggestion","By You","Fell, Destroyed","Bed For The Scraping","Downed City","Repeater","Encore","Combination Lock","Public Witness Program","Promises","Forensic Scene",NA,NA,NA,NA,NA,NA,NA,NA,NA,NA,NA,NA
"london-england-51395","FLS0662","13/05/1995","Brixton Academy",NA,3500,"Joey Picuri","Warren Russell-Smith","Cassette","Very Good","Prophets Of Da City",NA,"1995 Spring/Summer European Tour","London","","England","Intro","Facet Squared","Public Witness Program","Reclamation","Interlude 1","Do You Like Me","Birthday Pony","Cassavetes","Interlude 2","Bed For The Scraping","Target","Returning The Screw","Smallpox Champion","Styrofoam","Interlude 3","Fell, Destroyed","By You","Interlude 4","Waiting Room","Give Me The Cure","Song #1","Forensic Scene","Long Division","Blueprint","Long Distance Runner","Rend It","Encore","Two Beats Off","Instrument","Downed City","Sweet and Low","Great Cop","Outro",NA,NA,NA,NA,NA,NA,NA
"wolverhampton-england-51495","FLS0663","14/05/1995","Wulfrun Hall",NA,1000,"Joey Picuri","Warren Russell-Smith","Cassette","Very Good","Snuff, Slant 6",NA,"1995 Spring/Summer European Tour","Wolverhampton","","England","Intro","Joe #1","Sieve-Fisted Find","Back to Base","Interlude 1","Target","Great Cop","Rend It","Bed For The Scraping","Forensic Scene","Promises","Margin Walker","Suggestion","Break-In","Interlude 3","By You","Latest Disgrace","Interlude 3","Instrument","Public Witness Program","Interlude 4","Long Division","Encore","Downed City","Repeater","Outro",NA,NA,NA,NA,NA,NA,NA,NA,NA,NA,NA,NA,NA,NA
"leeds-england-51595","FLS0664","15/05/1995","Metropolitan University",NA,1000,"Joey Picuri","Warren Russell-Smith","Cassette","Very Good","Half Nelson, Slant 6","""There is no worse sin than to be a moment-wrecker.""","1995 Spring/Summer European Tour","Leeds","","England","Intro","Brendan #1","Facet Squared","Public Witness Program","Reclamation","Interlude 1","Latest Disgrace","Interlude 2","Bed For The Scraping","Target","Interlude 3","Instrument","Rend It","Birthday Pony","Interlude 4","Bulldog Front","Bad Mouth","Interlude 5","Give Me The Cure","By You","Interlude 6","Back To Base","Forensic Scene","Interlude 7","Shut the Door","Interlude 8","Do You Like Me","Encore 1","Smallpox Champion","Interlude 9","Long Distance Runner","Fell, Destroyed","Sweet and Low","Encore 2","Combination Lock","Downed City","Outro",NA,NA,NA
"amsterdam-netherlands-51795","FLS0665","17/05/1995","Paradiso",NA,1300,"Joey Picuri","Warren Russell-Smith","DAT","Very Good","Sebadoh",NA,"1995 Spring/Summer European Tour","Amsterdam",NA,"Netherlands","Intro","Rend It","Reclamation","Do You Like Me","Interlude 1","Back To Base","Turnover","Styrofoam","Interlude 2","Forensic Scene","Long Division","Runaway Return","Interlude 3","Bed For The Scraping","Target","Interlude 4","By You","Interlude 5","Song #1","Give Me The Cure","Interlude 6","Birthday Pony","Latest Disgrace","Interlude 7","Great Cop","Public Witness Program","Promises","Encore 1","Fell, Destroyed","Instrument","Two Beats Off","Interlude 8","Long Distance Runner","Sweet and Low","Outro",NA,NA,NA,NA,NA
"leuven-belgium-51895","FLS0666","18/05/1995","Lido",NA,850,"Joey Picuri","Warren Russell-Smith","Cassette","Good","God Is My Co-Pilot",NA,"1995 Spring/Summer European Tour","Leuven",NA,"Belgium","Intro","Joe #1","Exit Only","Reclamation","Interlude 1","Blueprint","Back To Base","Target","Bed For The Scraping","Interlude 2","Dear Justice Letter","Interlude 3","Returning The Screw","Smallpox Champion","Interlude 4","Suggestion","Give Me The Cure","By You","Facet Squared","Fell, Destroyed","Long Distance Runner","Encore 1","Forensic Scene","Interlude 5","Shut the Door","Turnover","Sweet and Low","Encore 2","Latest Disgrace","Birthday Pony","Downed City","Encore 3","Combination Lock","Promises",NA,NA,NA,NA,NA,NA
"gent-belgium-51995","FLS0667","19/05/1995","Zaal Vooruit",NA,1000,"Joey Picuri","Warren Russell-Smith","Cassette","Very Good","Kosjer D",NA,"1995 Spring/Summer European Tour","Gent","","Belgium","Intro","Sieve-Fisted Find","Merchandise","Interlude 1","Latest Disgrace","Bed For The Scraping","Turnover","Stacks","Rend It","Birthday Pony","Do You Like Me","By You","Interlude 2","Waiting Room","Margin Walker","Song #1","Interlude 3","Cassavetes","Instrument","Forensic Scene","Long Division","Blueprint","Encore 1","Long Distance Runner","Target","Repeater","Encore 2","Last Chance for a Slow Dance","Reclamation","Fell, Destroyed","Outro",NA,NA,NA,NA,NA,NA,NA,NA,NA
"arras-france-52095","FLS0668","20/05/1995","Le Pharos",NA,315,"Joey Picuri","Warren Russell-Smith","Cassette","Good","Cooper",NA,"1995 Spring/Summer European Tour","Arras",NA,"France","Brendan #1","Reclamation","Interlude 1","Dear Justice Letter","Birthday Pony","Do You Like Me","Interlude 2","Facet Squared","Interlude 3","Walken's Syndrome","Interlude 4","Bed For The Scraping","Forensic Scene","Promises","Rend It","By You","Interlude 5","Waiting Room","Give Me The Cure","Great Cop","Public Witness Program","Long Division","Fell, Destroyed","Back To Base","Encore","Turnover","Interlude 6","Merchandise","Target","Sweet and Low","Outro",NA,NA,NA,NA,NA,NA,NA,NA,NA
"nancy-france-52195","FLS0669","21/05/1995","Terminal Export",NA,NA,"Joey Picuri","Warren Russell-Smith","Cassette","Very Good","Cooper","Chocolate fudge?","1995 Spring/Summer European Tour","Nancy","","France","Exit Only","Reclamation","Do You Like Me","Back To Base","Interlude 1","Turnover","Styrofoam","Interlude 2","Cassavetes","Interlude 3","Birthday Pony","Target","Long Division","Blueprint","Interlude 4","Song #1","Lockdown","By You","Interlude 5","Great Cop","Rend It","Bed For The Scraping","Downed City","Encore","Fell, Destroyed","Long Distance Runner","Reprovisional","Outro",NA,NA,NA,NA,NA,NA,NA,NA,NA,NA,NA,NA
"paris-france-52295","FLS0670","22/05/1995","Elysee Montmartre",NA,NA,"Joey Picuri","Jerry Busher","Cassette","Good","Cooper",NA,"1995 Spring/Summer European Tour","Paris","","France","Intro","Brendan #1","Facet Squared","Public Witness Program","And The Same","Do You Like Me","Interlude 1","Birthday Pony","Turnover","Interlude 2","Bed For The Scraping","Fell, Destroyed","By You","Margin Walker","Suggestion","Give Me The Cure","Great Cop","Target","Back to Base","Forensic Scene","Promises","Encore 1","Two Beats Off","Long Distance Runner","Rend It","Encore 2","Sweet and Low","Reclamation","Latest Disgrace","Glueman","Outro",NA,NA,NA,NA,NA,NA,NA,NA,NA
"poitiers-france-52495","FLS0671","24/05/1995","Le Confort Moderne",NA,NA,"Joey Picuri","Warren Russell-Smith","Cassette","Very Good",NA,NA,"1995 Spring/Summer European Tour","Poitiers","","France","Intro","Sieve-Fisted Find","Facet Squared","Nice New Outfit","Bed For The Scraping","Interlude 1","Do You Like Me","Interlude 2","Merchandise","Turnover","Interlude 3","Birthday Pony","Interlude 4","Latest Disgrace","Interlude 5","Reclamation","Fell, Destroyed","By You","Waiting Room","Bulldog Front","Interlude 6","Long Division","Target","Instrument","Rend It","Back To Base","Downed City","Great Cop","Encore","Joe #1","Blueprint","Promises","Outro",NA,NA,NA,NA,NA,NA,NA
"angers-france-52595","FLS0672","25/05/1995","Chabada",NA,NA,"Joey Picuri","Warren Russell-Smith","Cassette","Very Good","Prohibition",NA,"1995 Spring/Summer European Tour","Angers",NA,"France","Intro","Two Beats Off","Styrofoam","Interlude 1","Do You Like Me","Back To Base","Walken's Syndrome","Interlude 2","Great Cop","Downed City","Bed For The Scraping","Rend It","Interlude 3","Stacks","Margin Walker","Bad Mouth","Burning","Interlude 4","Birthday Pony","Target","Interlude 5","Shut the Door","Last Chance for a Slow Dance","By You","Repeater","Encore 1","Fell, Destroyed","Long Distance Runner","Turnover","Sweet and Low","Encore 2","Forensic Scene","Returning The Screw","Smallpox Champion","Outro",NA,NA,NA,NA,NA
"bordeaux-france-52695","FLS0673","26/05/1995","Theatre Barbey",NA,1000,"Joey Picuri","Warren Russell-Smith","Cassette","Very Good","Prohibition, Belly Button",NA,"1995 Spring/Summer European Tour","Bordeaux","","France","Intro","Blueprint","Merchandise","Do You Like Me","Bed For The Scraping","Public Witness Program","Reclamation","Interlude 1","Rend It","Interlude 2","Back To Base","Downed City","Long Division","Turnover","Waiting Room","Give Me The Cure","Song #1","Interlude 3","By You","Interlude 4","Cassavetes","Long Distance Runner","Two Beats Off","Encore 1","Birthday Pony","Forensic Scene","Promises","Encore 2","Sieve-Fisted Find","Facet Squared","Fell, Destroyed","Sweet and Low","Outro",NA,NA,NA,NA,NA,NA,NA
"lakuntza-spainbasque-52795","FLS0674","27/05/1995","Sala Matraka",NA,1000,"Joey Picuri","Jerry Busher","Cassette","Good",NA,NA,"1995 Spring/Summer European Tour","Lakuntza","","Spain","Intro","Brendan #1","Facet Squared","Dear Justice Letter","And The Same","Target","Bed For The Scraping","Blueprint","Interlude 1","Back to Base","Do You Like Me","Reclamation","Last Chance for a Slow Dance","By You","Interlude 2","Suggestion","Give Me The Cure","Song #1","Interlude 3","Latest Disgrace","Long Distance Runner","Exit Only","Encore 1","Downed City","Instrument","Public Witness Program","Encore 2","Long Division","Fell, Destroyed","Sweet and Low","Repeater","Encore 3","Margin Walker","Waiting Room","Outro",NA,NA,NA,NA,NA
"oviedo-spain-52895","FLS0675","28/05/1995","Sala Antiquo",NA,500,"Joey Picuri","Warren Russell-Smith","Cassette","Poor","E-330",NA,"1995 Spring/Summer European Tour","Oviedo","","Spain","Intro","Joe #1","Merchandise","Interlude 1","Sieve-Fisted Find","Bed For The Scraping","Target","Interlude 2","Returning The Screw","Smallpox Champion","Interlude 3","Great Cop","Do You Like Me","Interlude 4","By You","Interlude 5","Margin Walker","Waiting Room","Lockdown","Interlude 6","Back To Base","Walken's Syndrome","Promises","Encore","Fell, Destroyed","KYEO","Sweet and Low","Outro",NA,NA,NA,NA,NA,NA,NA,NA,NA,NA,NA,NA
"santiago-de-compostela-spain-52995","FLS0676","29/05/1995","Sala Numero K",NA,500,"Joey Picuri","Warren Russell-Smith","Cassette","Very Good",NA,NA,"1995 Spring/Summer European Tour","Santiago de Compostela","","Spain","Intro","Combination Lock","And The Same","Blueprint","Interlude 1","Bed For The Scraping","Do You Like Me","Interlude 2","Styrofoam","Rend It","Facet Squared","Fell, Destroyed","Long Distance Runner","By You","Waiting Room","Give Me The Cure","Song #1","Interlude 3","Forensic Scene","Long Division","Turnover","KYEO","Encore","Latin Roots","Repeater","Sweet and Low","Outro",NA,NA,NA,NA,NA,NA,NA,NA,NA,NA,NA,NA,NA
"lisbon-portugal-53195","FLS0677","31/05/1995","Gartejo",NA,NA,"Joey Picuri","Warren Russell-Smith","Cassette","Very Good",NA,NA,"1995 Spring/Summer European Tour","Lisbon",NA,"Portugal","Intro","Joe #1","Exit Only","Merchandise","Latest Disgrace","Interlude 1","Bed For The Scraping","Sieve-Fisted Find","Reclamation","Target","Birthday Pony","Blueprint","Interlude 2","By You","Interlude 3","Do You Like Me","Interlude 4","Suggestion","Give Me The Cure","Waiting Room","Break-In","Interlude 5","Long Division","Turnover","Interlude 6","Long Distance Runner","Downed City","Interlude 7","Great Cop","Encore","Rend It","Instrument","Interlude 8","Forensic Scene","Promises","Sweet and Low","Outro",NA,NA,NA
"madrid-spain-60295","FLS0678","02/06/1995","Revolver",NA,1000,"Joey Picuri","Warren Russell-Smith","Cassette","Very Good","Childhood",NA,"1995 Spring/Summer European Tour","Madrid",NA,"Spain","Combination Lock","And The Same","Public Witness Program","Interlude 1","Bed For The Scraping","Do You Like Me","Reclamation","Rend It","Interlude 2","Back To Base","Target","Long Division","Fell, Destroyed","By You","Suggestion","Margin Walker","Waiting Room","Interlude 3","Smallpox Champion","Facet Squared","Forensic Scene","Promises","Encore","Blueprint","Birthday Pony","Turnover","Sweet and Low",NA,NA,NA,NA,NA,NA,NA,NA,NA,NA,NA,NA,NA
"barcelona-spain-60395","FLS0679","03/06/1995","Zeleste",NA,NA,"Joey Picuri","Warren Russell-Smith","Cassette","Very Good","Painbox","Distortion in right channel for first 10 minutes, but clears up after that.","1995 Spring/Summer European Tour","Barcelona","","Spain","Intro","Merchandise","Sieve-Fisted Find","Facet Squared","Downed City","Interlude 1","Bed For The Scraping","By You","Interlude 2","Turnover","Instrument","Fell, Destroyed","Birthday Pony","Lockdown","Bad Mouth","Interlude 3","Bulldog Front","Waiting Room","Interlude 4","Latest Disgrace","Interlude 5","Long Distance Runner","Two Beats Off","Great Cop","Encore","Forensic Scene","Shut the Door","Sweet and Low","Target","Outro",NA,NA,NA,NA,NA,NA,NA,NA,NA,NA
"valencia-spain-60495","FLS0680","04/06/1995","Zepplin Rock",NA,NA,"Joey Picuri","Warren Russell-Smith","Cassette","Good",NA,NA,"1995 Spring/Summer European Tour","Valencia",NA,"Spain","Intro","Brendan #1","Back To Base","Do You Like Me","Styrofoam","Runaway Return","Interlude 1","Birthday Pony","Target","Returning The Screw","Smallpox Champion","Waiting Room","Give Me The Cure","Song #1","By You","Interlude 2","Last Chance for a Slow Dance","Long Division","Blueprint","Encore 1","Bed For The Scraping","Forensic Scene","Repeater","Sweet and Low","Encore 2","Exit Only","KYEO","Fell, Destroyed","Outro",NA,NA,NA,NA,NA,NA,NA,NA,NA,NA,NA
"toulouse-france-60695","FLS0681","06/06/1995","Le Bikini",NA,650,"ANON","Warren Russell-Smith","Cassette","Good","Prohibition",NA,"1995 Spring/Summer European Tour","Toulouse","","France","Combination Lock","And The Same","Public Witness Program","Facet Squared","Interlude 1","Bed For The Scraping","Turnover","Long Division","Target","Interlude 2","Reclamation","Rend It","Suggestion","Give Me The Cure","Bad Mouth","Interlude 3","By You","Interlude 4","Forensic Scene","Long Distance Runner","Exit Only","Encore 1","Smallpox Champion","Merchandise","Fell, Destroyed","Sweet and Low","Repeater","Encore 2","Birthday Pony","Cassavetes","Outro",NA,NA,NA,NA,NA,NA,NA,NA,NA
"marseille-france-60795","FLS0682","07/06/1995","Mirabeau",NA,400,NA,NA,NA,NA,"Prohibition, Daily Planet",NA,"1995 Spring/Summer European Tour","Marseille","","France",NA,NA,NA,NA,NA,NA,NA,NA,NA,NA,NA,NA,NA,NA,NA,NA,NA,NA,NA,NA,NA,NA,NA,NA,NA,NA,NA,NA,NA,NA,NA,NA,NA,NA,NA,NA,NA,NA,NA,NA
"lyon-france-60895","FLS0683","08/06/1995","Espace Jean Bargoin",NA,800,"Tom Korbler","Warren Russell-Smith","Cassette","Very Good","Prohibition",NA,"1995 Spring/Summer European Tour","Lyon","","France","Intro","Brendan #1","Merchandise","Dear Justice Letter","Interlude 1","Bed For The Scraping","Do You Like Me","Reclamation","Rend It","Facet Squared","Public Witness Program","Interlude 2","Long Distance Runner","Fell, Destroyed","Suggestion","Burning","Interlude 3","By You","Latest Disgrace","Interlude 4","Stacks","Cassavetes","Back To Base","Downed City","Encore","Blueprint","Long Division","Forensic Scene","Sweet and Low","Repeater","Outro",NA,NA,NA,NA,NA,NA,NA,NA,NA
"zurich-switzerland-60995","FLS0684","09/06/1995","Rote Fabrik",NA,1400,NA,NA,NA,NA,"A.S.E",NA,"1995 Spring/Summer European Tour","Zurich",NA,"Switzerland",NA,NA,NA,NA,NA,NA,NA,NA,NA,NA,NA,NA,NA,NA,NA,NA,NA,NA,NA,NA,NA,NA,NA,NA,NA,NA,NA,NA,NA,NA,NA,NA,NA,NA,NA,NA,NA,NA,NA,NA
"kingersheim-france-61095","FLS0685","10/06/1995","Salle Des Fetes",NA,800,"Tom Korbler","Warren Russell-Smith","Cassette","Good","Condense, Well Spotted",NA,"1995 Spring/Summer European Tour","Kingersheim",NA,"France","Intro","Merchandise","Public Witness Program","Greed","Do You Like Me","Interlude 1","Bed For The Scraping","Walken's Syndrome","Reclamation","Interlude 2","Turnover","Interlude 3","Back To Base","Downed City","Shut the Door","Waiting Room","Break-In","Bad Mouth","Give Me The Cure","Interlude 4","By You","Interlude 5","Forensic Scene","Long Division","Runaway Return","Interlude 6","Long Distance Runner","Encore 1","Fell, Destroyed","Great Cop","Blueprint","Encore 2","KYEO","Target","Sweet and Low","Glueman","Combination Lock","Outro",NA,NA
"milan-italy-61295","FLS0686","12/06/1995","Cascina Monlue",NA,3000,"Tom Korbler","Warren Russell-Smith","Cassette","Very Good","Kina",NA,"1995 Spring/Summer European Tour","Milan",NA,"Italy","Blueprint","And The Same","Do You Like Me","Interlude 1","Back To Base","Dear Justice Letter","Great Cop","Public Witness Program","Interlude 2","Bed For The Scraping","Target","Reclamation","Turnover","Interlude 3","By You","Interlude 4","Waiting Room","Give Me The Cure","Song #1","Rend It","Long Division","Fell, Destroyed","Promises","Encore","Two Beats Off","Instrument","Downed City","Outro",NA,NA,NA,NA,NA,NA,NA,NA,NA,NA,NA,NA
"padova-italy-61395","FLS0687","13/06/1995","C.S.O Pedro",NA,2500,"Tom Korbler","Warren Russell-Smith","Cassette","Very Good","Assaulti Frontali",NA,"1995 Spring/Summer European Tour","Padova","","Italy","Intro","Brendan #1","Facet Squared","Latin Roots","Interlude 1","Bed For The Scraping","Do You Like Me","Merchandise","Rend It","Birthday Pony","Interlude 2","Forensic Scene","Shut the Door","Interlude 3","Margin Walker","Suggestion","Give Me The Cure","Interlude 4","By You","Interlude 5","Great Cop","Downed City","Interlude 6","Back To Base","Blueprint","Encore","Last Chance for a Slow Dance","Long Distance Runner","Turnover","Interlude 7","Sweet and Low",NA,NA,NA,NA,NA,NA,NA,NA,NA
"florence-italy-61495","FLS0688","14/06/1995","CPA",NA,2000,"Joey Picuri","Warren Russell-Smith","Cassette","Very Good",NA,"Epic version of ""Sweet and Low""!","1995 Spring/Summer European Tour","Florence","","Italy","Intro","Combination Lock","Reclamation","Sieve-Fisted Find","Interlude 1","Styrofoam","Target","Back To Base","Interlude 2","Blueprint","Interlude 3","Stacks","Exit Only","Interlude 4","Bed For The Scraping","Interlude 5","Fell, Destroyed","By You","Interlude 6","Bad Mouth","Interlude 7","Bulldog Front","Waiting Room","Give Me The Cure","Interlude 8","Returning The Screw","Smallpox Champion","Encore","Long Distance Runner","Forensic Scene","Promises","Sweet and Low","Outro",NA,NA,NA,NA,NA,NA,NA
"torino-italy-61595","FLS0689","15/06/1995","Parco Ex Ospedale Psichiatrico",NA,1400,"Joey Picuri","Warren Russell-Smith","Cassette","Very Good","Assault Frontali","""I like you. Let's go bowling.""","1995 Spring/Summer European Tour","Torino","","Italy","Intro","Joe #1","Facet Squared","Do You Like Me","Reclamation","Turnover","Bed For The Scraping","Interlude 1","Forensic Scene","By You","Waiting Room","Lockdown","Interlude 2","Song #1","Downed City","Interlude 3","Long Distance Runner","Blueprint","Long Division","Target","Instrument","Cassavetes","Sweet and Low","Encore","Smallpox Champion","Outro",NA,NA,NA,NA,NA,NA,NA,NA,NA,NA,NA,NA,NA,NA
"bologna-italy-61695","FLS0690","16/06/1995","Kactus Radio Festival Castel Maggiore",NA,2000,"Joey Picuri","Warren Russell-Smith","Cassette","Good","Assaulti Frontali",NA,"1995 Spring/Summer European Tour","Bologna",NA,"Italy","Intro","Combination Lock","Styrofoam","Sieve-Fisted Find","Interlude 1","Back To Base","Downed City","Interlude 2","Instrument","Rend It","Interlude 3","Bed For The Scraping","Forensic Scene","Shut the Door","Margin Walker","Suggestion","Give Me The Cure","Interlude 4","By You","Interlude 5","Repeater","Do You Like Me","Encore","Great Cop","Blueprint","Outro",NA,NA,NA,NA,NA,NA,NA,NA,NA,NA,NA,NA,NA,NA
"gavoi-sardinia-italy-61795","FLS0691","17/06/1995","Covo Dei Nottambuli","Free",1200,"Joey Picuri","Warren Russell-Smith","Cassette","Very Good","Canidarapina",NA,"1995 Spring/Summer European Tour","Gavoi","","Italy","Intro","Merchandise","Do You Like Me","Reclamation","Walken's Syndrome","Interlude 1","Back To Base","Nice New Outfit","Interlude 2","Stacks","Turnover","Interlude 3","Long Distance Runner","Margin Walker","Waiting Room","Interlude 4","Bulldog Front","Interlude 5","By You","Interlude 6","Birthday Pony","Forensic Scene","Interlude 7","Repeater","Encore 1","Instrument","Public Witness Program","Song #1","Encore 2","Blueprint","Sweet and Low","Outro",NA,NA,NA,NA,NA,NA,NA,NA
"catania-sicily-italy-61895","FLS0692","18/06/1995","Porto Catania Outdoor Show",NA,5000,"Joey Picuri","Jerry Busher","Cassette","Very Good","Uzeda",NA,"1995 Spring/Summer European Tour","Catania","","Italy","Intro","Joe #1","And The Same","Sieve-Fisted Find","Facet Squared","Do You Like Me","Interlude 1","Birthday Pony","Turnover","Merchandise","Interlude 2","Latest Disgrace","By You","Interlude 3","Suggestion","Give Me The Cure","Waiting Room","Margin Walker","Interlude 4","Long Distance Runner","Two Beats Off","Instrument","Encore 1","Smallpox Champion","Promises","Forensic Scene","Sweet and Low","Outro",NA,NA,NA,NA,NA,NA,NA,NA,NA,NA,NA,NA
"rome-italy-62095","FLS0693","20/06/1995","Forte Prenestino",NA,5000,"Joey Picuri","Jerry Busher","Cassette","Very Good","Assaulti Frontali",NA,"1995 Spring/Summer European Tour","Rome",NA,"Italy","Opening Remarks","Intro","Sweet and Low","Turnover","Facet Squared","Do You Like Me","Interlude 1","Reclamation","Margin Walker","Bed For The Scraping","Interlude 2","Forensic Scene","Long Division","Give Me The Cure","Waiting Room","By You","Interlude 3","Target","Instrument","Rend It","Interlude 4","Birthday Pony","Blueprint","Encore 1","Promises","Fell, Destroyed","Long Distance Runner","Glueman","Outro",NA,NA,NA,NA,NA,NA,NA,NA,NA,NA,NA
"verona-italy-62195","FLS0694","21/06/1995","Forte Del Chievo",NA,1000,"Joey Picuri","Warren Russell-Smith","Cassette","Good","Rumble Mumble","""We come from the New World but maintain Old World craftsmanship.""","1995 Spring/Summer European Tour","Verona","","Italy","Joe #1","Facet Squared","Interlude 1","Latest Disgrace","Bed For The Scraping","Interlude 2","Cassavetes","Stacks","Burning","Interlude 3","Shut the Door","Last Chance for a Slow Dance","Suggestion","Break-In","Interlude 4","Birthday Pony","Blueprint","By You","Interlude 5","Exit Only","KYEO","Encore","Waiting Room","Interlude 6","Forensic Scene","Long Distance Runner","Sweet and Low","Brendan #1","Outro",NA,NA,NA,NA,NA,NA,NA,NA,NA,NA,NA
"gde-spilimbergo-italy-62295","FLS0695","22/06/1995","Rototom",NA,800,"Joey Picuri","Warren Russell-Smith","Cassette","Good","Meanies",NA,"1995 Spring/Summer European Tour","G.De Spilimbergo",NA,"Italy","Intro","Smallpox Champion","Merchandise","Nice New Outfit","Back To Base","Interlude 1","Latest Disgrace","Interlude 2","Repeater","Margin Walker","Reclamation","Interlude 3","Target","Interlude 4","Bed For The Scraping","Reprovisional","Interlude 5","Waiting Room","Interlude 6","Fell, Destroyed","Promises","Forensic Scene","Encore 1","By You","Long Distance Runner","Give Me The Cure","Encore 2","Rend It","Great Cop","Sweet and Low","Outro",NA,NA,NA,NA,NA,NA,NA,NA,NA
"ljubljana-slovenia-62395","FLS0696","23/06/1995","Sports Hall",NA,900,"Joey Picuri","Warren Russell-Smith","Cassette","Good",NA,NA,"1995 Spring/Summer European Tour","Ljubljana",NA,"Slovenia","Intro","Blueprint","Facet Squared","Latin Roots","Bed For The Scraping","Downed City","Interlude 1","Long Division","Rend It","Suggestion","Interlude 2","Give Me The Cure","By You","Interlude 3","Long Distance Runner","Fell, Destroyed","Returning The Screw","Smallpox Champion","Styrofoam","Turnover","Encore 1","Great Cop","Forensic Scene","Sweet and Low","Instrument","Encore 2","Sieve-Fisted Find","Back To Base","Do You Like Me","Outro",NA,NA,NA,NA,NA,NA,NA,NA,NA,NA
"vienna-austria-62495","FLS0697","24/06/1995","Arena",NA,2000,"Joey Picuri","Warren Russell-Smith","Cassette","Poor","Kurort","Terrible slapback throughout the recording lands this one with a 'Poor' rating.","1995 Spring/Summer European Tour","Vienna","","Austria","Intro","Combination Lock","And The Same","Target","Interlude 1","Facet Squared","Rend It","Interlude 2","Birthday Pony","Turnover","Song #1","Bulldog Front","Bed For The Scraping","Forensic Scene","Promises","Smallpox Champion","Reclamation","Do You Like Me","By You","Great Cop","Public Witness Program","Long Division","Encore","Blueprint","Instrument","Two Beats Off","Sweet and Low","Outro",NA,NA,NA,NA,NA,NA,NA,NA,NA,NA,NA,NA
"wels-austria-62595","FLS0698","25/06/1995","Schlachthof",NA,600,"Joey Picuri","Warren Russell-Smith","Cassette","Very Good","Kurort",NA,"1995 Spring/Summer European Tour","Wels","","Austria","Intro","Steady Diet","Styrofoam","Runaway Return","Interlude 1","Back To Base","Do You Like Me","Long Division","Rend It","By You","Bed For The Scraping","Latest Disgrace","Interlude 2","Burning Too","Give Me The Cure","Interlude 3","23 Beats Off","Fell, Destroyed","Reclamation","Interlude 4","Reprovisional","Interlude 5","Birthday Pony","Forensic Scene","Encore 1","Long Distance Runner","Cassavetes","Merchandise","Blueprint","Sweet and Low","Encore 2","Smallpox Champion","Returning The Screw","Target","Outro",NA,NA,NA,NA,NA
"munich-germany-62695","FLS0699","26/06/1995","Nachtwerk",NA,800,"Joey Picuri","Warren Russell-Smith","Cassette","Very Good",NA,NA,"1995 Spring/Summer European Tour","Munich",NA,"Germany","Intro","Brendan #1","Facet Squared","Walken's Syndrome","Bed For The Scraping","Latest Disgrace","Interlude 1","Stacks","Sieve-Fisted Find","Reclamation","Interlude 2","Rend It","By You","Interlude 3","Forensic Scene","Sweet and Low","Give Me The Cure","Song #1","Interlude 4","Blueprint","Interlude 5","Birthday Pony","Fell, Destroyed","Promises","Encore","Do You Like Me","Back To Base","Turnover","Instrument","Last Chance for a Slow Dance","Outro",NA,NA,NA,NA,NA,NA,NA,NA,NA
"ulm-germany-62795","FLS0700","27/06/1995","Roxy",NA,660,"Joey Picuri","Warren Russell-Smith","Cassette","Good","4 Walls Falling, Sensefield",NA,"1995 Spring/Summer European Tour","Ulm",NA,"Germany","Intro","Merchandise","Do You Like Me","And The Same","Interlude 1","Cassavetes","Back To Base","Rend It","Suggestion","Interlude 2","By You","Interlude 3","Forensic Scene","Long Division","Target","Instrument","Turnover","Bed For The Scraping","Fell, Destroyed","Encore","Great Cop","Blueprint","Long Distance Runner","Exit Only","Sweet and Low","Repeater","Outro",NA,NA,NA,NA,NA,NA,NA,NA,NA,NA,NA,NA,NA
"prague-czech-republic-62995","FLS0701","29/06/1995","Roxy",NA,1200,"Joey Picuri","Warren Russell-Smith","Cassette","Very Good","Lifetime, State of The Nation",NA,"1995 Spring/Summer European Tour","Prague","","Czech Republic","Opening Remarks","Blueprint","Facet Squared","Do You Like Me","Reclamation","Rend It","Bed For The Scraping","Fell, Destroyed","Waiting Room","Lockdown","Interlude 1","By You","Interlude 2","KYEO","Forensic Scene","Long Distance Runner","Turnover","Instrument","Encore","Target","Shut the Door","Sweet and Low","Outro",NA,NA,NA,NA,NA,NA,NA,NA,NA,NA,NA,NA,NA,NA,NA,NA,NA
"stuttgart-germany-63095","FLS0702","30/06/1995","Hallschlag JZ",NA,760,"Joey Picuri","Warren Russell-Smith","Cassette","Very Good","Kurort",NA,"1995 Spring/Summer European Tour","Stuttgart","","Germany","Intro","Combination Lock","And The Same","Sieve-Fisted Find","Back To Base","Target","Long Division","Give Me The Cure","Bed For The Scraping","Interlude 1","Latest Disgrace","Interlude 2","Burning Too","Margin Walker","Interlude 3","By You","Instrument","Forensic Scene","Shut the Door","Encore 1","Smallpox Champion","Birthday Pony","Rend It","Sweet and Low","Fell, Destroyed","Encore 2","Blueprint","Bad Mouth","Encore 3","Waiting Room","Downed City","Outro",NA,NA,NA,NA,NA,NA,NA,NA
"mainz-germany-70195","FLS0703","01/07/1995","Kuze",NA,600,"Joey Picuri","Warren Russell-Smith","Cassette","Good","Kurolt",NA,"1995 Spring/Summer European Tour","Mainz",NA,"Germany","Joe #1","Exit Only","Birthday Pony","Blueprint","Reclamation","Interlude 1","Target","Song #1","Break-In","By You","Bed For The Scraping","Cassavetes","Long Division","Runaway Return","Interlude 2","Instrument","Forensic Scene","Long Distance Runner","Turnover","Encore","Great Cop","Public Witness Program","Promises","Sweet and Low","Outro",NA,NA,NA,NA,NA,NA,NA,NA,NA,NA,NA,NA,NA,NA,NA
"berlin-germany-70295","FLS0704","02/07/1995","TU Mensa",NA,1500,"Joey Picuri","Warren Russell-Smith","Cassette","Very Good","Schwartzenegger",NA,"1995 Spring/Summer European Tour","Berlin","","Germany","Intro","Cassavetes","Merchandise","Do You Like Me","Reclamation","Margin Walker","Bed For The Scraping","Interlude 1","Target","Suggestion","Give Me The Cure","Interlude 2","By You","Interlude 3","23 Beats Off","Rend It","Back To Base","Interlude 4","Forensic Scene","Long Division","Blueprint","Encore 1","Great Cop","Fell, Destroyed","Shut the Door","Sweet and Low","Encore 2","Birthday Pony","Turnover","Waiting Room","Outro",NA,NA,NA,NA,NA,NA,NA,NA,NA
"dortmund-germany-70395","FLS0705","03/07/1995","Soundgarden",NA,900,"Joey Picuri","Warren Russell-Smith","Cassette","Poor","Schwartzenegger","This show starts out sounding pretty good, but something goes haywire with the recording (hence the ""poor"" sound-quality rating).","1995 Spring/Summer European Tour","Dortmund","","Germany","Intro","Cassavetes","Facet Squared","Dear Justice Letter","Interlude 1","Bed For The Scraping","Latest Disgrace","Interlude 2","Stacks","Turnover","Waiting Room","Bulldog Front","Reclamation","Last Chance for a Slow Dance","By You","Interlude 3","Long Distance Runner","Rend It","Instrument","Do You Like Me","Encore","Smallpox Champion",NA,NA,NA,NA,NA,NA,NA,NA,NA,NA,NA,NA,NA,NA,NA,NA,NA,NA
"hamburg-germany-70495","FLS0706","04/07/1995","Fabrik",NA,1300,"Joey Picuri","Jerry Busher","Cassette","Very Good","Schwartzenegger",NA,"1995 Spring/Summer European Tour","Hamburg",NA,"Germany","Intro","Styrofoam","Nice New Outfit","Interlude 1","Back to Base","Downed City","Interlude 2","And The Same","Walken's Syndrome","Returning the Screw","Margin Walker","Bed For The Scraping","Target","Waiting Room","Interlude 3","By You","Two Beats Off","Interlude 4","Merchandise","Blueprint","Long Division","Forensic Scene","Encore 1","Reclamation","Public Witness Program","Long Distance Runner","Sieve-Fisted Find","Encore 2","Interlude 5","Shut the Door","Sweet and Low","Fell, Destroyed","Outro",NA,NA,NA,NA,NA,NA,NA
"nijmegen-netherlands-70595","FLS0707","05/07/1995","Doornroosje",NA,450,"Joey Picuri","Jerry Busher","Cassette","Very Good","Andy and Terry",NA,"1995 Spring/Summer European Tour","Nijmegen","","Netherlands","Sweet and Low","Facet Squared","Latin Roots","Intro","Bed For The Scraping","Do You Like Me","Song #1","Fell, Destroyed","Instrument","Rend It","Interlude 1","By You","Interlude 2","Birthday Pony","Burning","Interlude 3","Long Division","Reprovisional","Burning Too","Interlude 4","Forensic Scene","Encore 1","Turnover","Back to Base","Target","KYEO","Outro",NA,NA,NA,NA,NA,NA,NA,NA,NA,NA,NA,NA,NA
"groningen-netherlands-70795","FLS0708","07/07/1995","Vera",NA,500,"Joey Picuri","Warren Russell-Smith","Cassette","Very Good","Beaver","""What kind of people are you?""","1995 Spring/Summer European Tour","Groningen","","Netherlands","Intro","Cassavetes","Returning The Screw","Interlude 1","Smallpox Champion","Interlude 2","Back To Base","Target","Merchandise","Interlude 3","Two Beats Off","Waiting Room","Interlude 4","Forensic Scene","Rend It","Reclamation","Latest Disgrace","Interlude 5","Bed For The Scraping","Fell, Destroyed","Promises","Encore","Turnover","Great Cop","Do You Like Me","Instrument","Sweet and Low","Outro",NA,NA,NA,NA,NA,NA,NA,NA,NA,NA,NA,NA
"bielefeld-germany-70895","FLS0709","08/07/1995","JZ Kamp",NA,560,"Joey Picuri","Warren Russell-Smith","Cassette","Good","Party Diktator, Beaver",NA,"1995 Spring/Summer European Tour","Bielefeld","","Germany","Intro","Brendan #1","Back To Base","Sieve-Fisted Find","Reclamation","Interlude 1","Latest Disgrace","Interlude 2","Bed For The Scraping","Latin Roots","Interlude 3","Stacks","Interlude 4","By You","Interlude 5","Forensic Scene","Shut the Door","Sweet and Low","Rend It","Interlude 6","Birthday Pony","Target","Instrument","Interlude 7","Turnover","Encore","Do You Like Me","Styrofoam","Blueprint","Interlude 8","Long Division","Fell, Destroyed","Outro",NA,NA,NA,NA,NA,NA,NA
"bremen-germany-70995","FLS0710","09/07/1995","Schlachthof",NA,1000,"Joey Picuri","Warren Russell-Smith","Cassette","Good","Messerkencht",NA,"1995 Spring/Summer European Tour","Bremen","","Germany","Intro","Combination Lock","Reclamation","Dear Justice Letter","Back To Base","Target","Waiting Room","Give Me The Cure","Interlude 1","Bed For The Scraping","Forensic Scene","By You","Interlude 2","Promises","Turnover","Interlude 3","Great Cop","Rend It","Encore 1","Two Beats Off","Instrument","Blueprint","Encore 2","Last Chance for a Slow Dance","Long Distance Runner","Do You Like Me","Sweet and Low","Fell, Destroyed","Outro",NA,NA,NA,NA,NA,NA,NA,NA,NA,NA,NA
"copenhagen-denmark-71095","FLS0711","10/07/1995","Rockmaskinen",NA,400,"Joey Picuri","Warren Russell-Smith","Cassette","Excellent",NA,NA,"1995 Spring/Summer European Tour","Copenhagen","","Denmark","Intro","Joe #1","And The Same","Interlude 1","Target","Stacks","Walken's Syndrome","Interlude 2","Bed For The Scraping","Downed City","Interlude 3","Song #1","Margin Walker","By You","Interlude 4","Long Division","Forensic Scene","Returning The Screw","Interlude 5","Smallpox Champion","Interlude 6","Back To Base","Interlude 7","Latest Disgrace","Interlude 8","Waiting Room","Interlude 9","Public Witness Program","Reclamation","Encore 1","Sieve-Fisted Find","Interlude 10","Long Distance Runner","Do You Like Me","Encore 2","Fell, Destroyed","Sweet and Low","Repeater","Outro",NA
"tampere-finland-71295","FLS0712","12/07/1995","Pakkahuone",NA,650,"Joey Picuri","Warren Russell-Smith","Cassette","Very Good",NA,NA,"1995 Spring/Summer European Tour","Tampere","","Finland","Intro","Facet Squared","Public Witness Program","And The Same","Do You Like Me","Interlude 1","Merchandise","Margin Walker","Bed For The Scraping","Turnover","Long Division","Runaway Return","Interlude 2","By You","Interlude 3","Waiting Room","Break-In","Interlude 4","Birthday Pony","Target","Instrument","Walken's Syndrome","Promises","Encore","Back To Base","Forensic Scene","Song #1","Interlude 5","Blueprint","Sweet and Low","Repeater","Outro",NA,NA,NA,NA,NA,NA,NA,NA
"oslo-norway-71495","FLS0713","14/07/1995","Sentrum Scene",NA,950,"Joey Picuri","Warren Russell-Smith","Cassette","Very Good","Drunk",NA,"1995 Spring/Summer European Tour","Oslo",NA,"Norway","Intro","Blueprint","Facet Squared","Do You Like Me","Reclamation","Interlude 1","Margin Walker","Bed For The Scraping","Rend It","Interlude 2","Long Division","Target","Interlude 3","By You","Interlude 4","Suggestion","Give Me The Cure","Interlude 5","Birthday Pony","Forensic Scene","Promises","Encore","Turnover","Instrument","Interlude 6","Fell, Destroyed","Sweet and Low","Outro",NA,NA,NA,NA,NA,NA,NA,NA,NA,NA,NA,NA
"washington-dc-usa-91695","FLS0714","16/09/1995","Sylvan Theater","Free",3000,"ANON","Warren Russell-Smith",NA,"Poor","Lucy Murphy, Jasaga","Protest Against Cuts in Programs for DC's Needy on the grounds of the Washington Monument.","1995 Fall USA/Canada Tour","Washington","DC","USA","Intro","Combination Lock","Reclamation","Do You Like Me","Bed For The Scraping","Public Witness Program","Interlude 1","Birthday Pony","Forensic Scene","By You","Instrument","Smallpox Champion","Interlude 2","Long Distance Runner","Fell, Destroyed","Sweet and Low","Downed City","Outro",NA,NA,NA,NA,NA,NA,NA,NA,NA,NA,NA,NA,NA,NA,NA,NA,NA,NA,NA,NA,NA,NA
"lindenhurst-ny-usa-92195","FLS0715","21/09/1995","PWAC","5",900,"Joey Picuri",NA,"DAT","Very Good","Suck Pretty",NA,"1995 Fall USA/Canada Tour","Lindenhurst","NY","USA","Intro","Do You Like Me","And The Same","Walken's Syndrome","Styrofoam","Target","Bed For The Scraping","Give Me The Cure","Long Division","Forensic Scene","Promises","By You","Interlude 1","Smallpox Champion","Interlude 2","Back to Base","Downed City","Reclamation","Fell, Destroyed","Encore 1","Birthday Pony","Turnover","Interlude 3","Long Distance Runner","Sweet and Low","Blueprint","Outro",NA,NA,NA,NA,NA,NA,NA,NA,NA,NA,NA,NA,NA
"northampton-ma-usa-92295","FLS0716","22/09/1995","Pearl Street Ballroom","5",750,"Joey Picuri","Jerry Busher","DAT","Good","Marshes",NA,"1995 Fall USA/Canada Tour","Northampton","MA","USA","Intro","Birthday Pony","Sieve-Fisted Find","Facet Squared","Do You Like Me","Reclamation","Rend It","Bed For The Scraping","Margin Walker","By You","Forensic Scene","Suggestion","Interlude 1","Target","Instrument","Interlude 2","Two Beats Off","Interlude 3","Back to Base","Encore 1","Fell, Destroyed","Promises","Blueprint","Outro",NA,NA,NA,NA,NA,NA,NA,NA,NA,NA,NA,NA,NA,NA,NA,NA
"montreal-qc-canada-92395","FLS0717","23/09/1995","Metropolis","7(can)",1500,"Joey Picuri","Warren Russell-Smith","DAT","Good","Bliss, Shot Maker",NA,"1995 Fall USA/Canada Tour","Montreal","QC","Canada","Intro","Cassavetes","Back To Base","Do You Like Me","Interlude 1","Stacks","Dear Justice Letter","Interlude 2","Merchandise","Target","Bed For The Scraping","Blueprint","Suggestion","Break-In","Returning The Screw","Smallpox Champion","Interlude 3","Birthday Pony","Fell, Destroyed","Great Cop","Encore","By You","Interlude 4","Repeater","Forensic Scene","Interlude 5","Long Distance Runner","Give Me The Cure","Outro",NA,NA,NA,NA,NA,NA,NA,NA,NA,NA,NA
"quebec-city-qc-canada-92495","FLS0718","24/09/1995","Cepec Limouli","7(can)",450,"Joey Picuri","Jerry Busher","DAT","Good","Shot Maker",NA,"1995 Fall USA/Canada Tour","Quebec City","QC","Canada","Intro","Steady Diet","Exit Only","And The Same","Latest Disgrace","Interlude 1","Birthday Pony","Runaway Return","Reclamation","Interlude 2","Margin Walker","By You","Interlude 3","Back to Base","Rend It","Waiting Room","Interlude 4","Forensic Scene","Bed For The Scraping","Turnover","Encore 1","Do You Like Me","Instrument","Downed City","Long Division","Fell, Destroyed","Sweet and Low","Outro",NA,NA,NA,NA,NA,NA,NA,NA,NA,NA,NA,NA
"ottawa-on-canada-92695","FLS0719","26/09/1995","Carleton University Porter Hall","7(can)",850,"Joey Picuri","Warren Russell-Smith","DAT","Very Good","Shotmaker, Okara",NA,"1995 Fall USA/Canada Tour","Ottawa","ON","Canada","Intro","Bed For The Scraping","Sieve-Fisted Find","Interlude 1","Stacks","Cassavetes","Styrofoam","Fell, Destroyed","Interlude 2","Promises","Interlude 3","Bulldog Front","Reclamation","Interlude 4","By You","Interlude 5","Forensic Scene","Birthday Pony","Target","KYEO","Encore","Do You Like Me","Rend It","Long Distance Runner","Blueprint","Sweet and Low","Great Cop","Outro",NA,NA,NA,NA,NA,NA,NA,NA,NA,NA,NA,NA
"toronto-on-canada-92795","FLS0720","27/09/1995","RPM Warehouse","7(can)",1650,"Joey Picuri","Warren Russell-Smith","DAT","Good","Minnow, Super X",NA,"1995 Fall USA/Canada Tour","Toronto","ON","Canada","Opening Remarks","Intro","Smallpox Champion","Reclamation","Do You Like Me","Facet Squared","Rend It","Bed For The Scraping","Target","Waiting Room","Interlude 1","Fell, Destroyed","Birthday Pony","Blueprint","Interlude 2","By You","Interlude 3","Forensic Scene","Promises","Encore","Repeater","Instrument","Exit Only","Interlude 4","Long Distance Runner","Sweet and Low","Outro",NA,NA,NA,NA,NA,NA,NA,NA,NA,NA,NA,NA,NA
"rochester-ny-usa-92895","FLS0721","28/09/1995","Harro East Ballroom","5",1350,"Joey Picuri","Jerry Busher","DAT","Good","Branch Manager, Muler",NA,"1995 Fall USA/Canada Tour","Rochester","NY","USA","Intro","Merchandise","Do You Like Me","And The Same","Interlude 1","Rend It","Back to Base","Interlude 2","Target","Suggestion","Fell, Destroyed","By You","Interlude 3","Birthday Pony","Turnover","Instrument","Interlude 4","Last Chance for a Slow Dance","Bed For The Scraping","Margin Walker","Reclamation","Public Witness Program","Sweet and Low","Forensic Scene","Encore 1","Give Me The Cure","Song #1","Smallpox Champion","Outro",NA,NA,NA,NA,NA,NA,NA,NA,NA,NA,NA
"pittsburgh-pa-usa-92995","FLS0722","29/09/1995","Metropol","5",1300,"Joey Picuri","Warren Russell-Smith","DAT","Very Good","Branch Manager",NA,"1995 Fall USA/Canada Tour","Pittsburgh","PA","USA","Intro","Smallpox Champion","Facet Squared","Do You Like Me","Reclamation","Interlude 1","Forensic Scene","Bed For The Scraping","Bulldog Front","Repeater","Interlude 2","By You","Target","Waiting Room","Interlude 3","Rend It","Long Distance Runner","Interlude 4","Long Division","Fell, Destroyed","Returning The Screw","Interlude 5","Two Beats Off","Sweet and Low","KYEO","Outro",NA,NA,NA,NA,NA,NA,NA,NA,NA,NA,NA,NA,NA,NA
"detroit-mi-usa-100195","FLS0723","01/10/1995","State Theater","6",3000,"Joey Picuri","Jerry Busher","DAT","Good","Make Up, Branch Manager",NA,"1995 Fall USA/Canada Tour","Detroit","MI","USA","Intro","Cassavetes","And The Same","Interlude 1","Do You Like Me","Facet Squared","Margin Walker","Bed For The Scraping","Fell, Destroyed","Promises","Smallpox Champion","Interlude 2","By You","Interlude 3","Birthday Pony","Forensic Scene","Instrument","Rend It","Encore 1","Long Distance Runner","Exit Only","Long Division","Downed City","Sweet and Low","Reclamation","Outro",NA,NA,NA,NA,NA,NA,NA,NA,NA,NA,NA,NA,NA,NA
"cleveland-oh-usa-100295","FLS0724","02/10/1995","Agora Theater","5",1666,"Joey Picuri","Warren Russell-Smith","DAT","Very Good","Make Up, Branch Manager",NA,"1995 Fall USA/Canada Tour","Cleveland","OH","USA","Opening Remarks","Intro","Walken's Syndrome","Merchandise","Downed City","Reclamation","Latest Disgrace","Interlude 1","Back To Base","Blueprint","Interlude 2","Stacks","Do You Like Me","Bed For The Scraping","Bulldog Front","By You","Interlude 3","Great Cop","Fell, Destroyed","Shut The Door","Encore","Forensic Scene","Suggestion","Interlude 4","Rend It","Long Distance Runner","Reprovisional","Outro",NA,NA,NA,NA,NA,NA,NA,NA,NA,NA,NA,NA
"columbus-oh-usa-100395","FLS0725","03/10/1995","Newport","5",1621,"Joey Picuri","Warren Russell-Smith","DAT","Good","Make Up, Branch Manager",NA,"1995 Fall USA/Canada Tour","Columbus","OH","USA","Intro","By You","Joe #1","Facet Squared","Target","Interlude 1","Bed For The Scraping","Dear Justice Letter","Song #1","Forensic Scene","Repeater","Give Me The Cure","Birthday Pony","Do You Like Me","Reclamation","Reprovisional","Encore 1","Fell, Destroyed","Merchandise","Smallpox Champion","Long Division","Blueprint","Sweet and Low",NA,NA,NA,NA,NA,NA,NA,NA,NA,NA,NA,NA,NA,NA,NA,NA,NA
"dayton-oh-usa-100495","FLS0726","04/10/1995","1470 West","5",826,"Joey Picuri","Warren Russell-Smith","DAT","Good","Make Up, Trusty",NA,"1995 Fall USA/Canada Tour","Dayton","OH","USA","Intro","Combination Lock","Cassavetes","And The Same","Interlude 1","Do You Like Me","Styrofoam","Turnover","Interlude 2","Bed For The Scraping","Public Witness Program","Long Division","Forensic Scene","Interlude 3","Back To Base","By You","Interlude 4","Bulldog Front","Promises","Rend It","Encore","Two Beats Off","Interlude 5","Birthday Pony","Target","Instrument","Fell, Destroyed","Sweet and Low","Blueprint","Outro",NA,NA,NA,NA,NA,NA,NA,NA,NA,NA
"cincinnati-oh-usa-100595","FLS0727","05/10/1995","Bogart's","5",1300,"Joey Picuri","Warren Russell-Smith","DAT","Very Good","Make Up, Branch Manager",NA,"1995 Fall USA/Canada Tour","Cincinnati","OH","USA","Intro","Sieve-Fisted Find","Reclamation","Target","Facet Squared","Blueprint","Interlude 1","Birthday Pony","Forensic Scene","By You","Margin Walker","Returning The Screw","Interlude 2","Fell, Destroyed","Waiting Room","Interlude 3","Do You Like Me","Interlude 4","Great Cop","Encore","Rend It","Bed For The Scraping","Interlude 5","Nice New Outfit","Long Distance Runner","Outro",NA,NA,NA,NA,NA,NA,NA,NA,NA,NA,NA,NA,NA,NA
"indianapolis-in-usa-100695","FLS0728","06/10/1995","Eastwood Entertainment Center","6",750,"Joey Picuri","Warren Russell-Smith","DAT","Good","Make Up, Branch Manager, Diamonds to Coal, Jax","Benefit for Assorted Indianapolis Organizations","1995 Fall USA/Canada Tour","Indianapolis","IN","USA","Opening Remarks","Combination Lock","Exit Only","Reclamation","Target","Bed For The Scraping","Latin Roots","Interlude 1","Styrofoam","Lockdown","Promises","Forensic Scene","By You","Interlude 2","Merchandise","Cassavetes","Interlude 3","Back To Base","Encore","Do You Like Me","Suggestion","Last Chance For A Slow Dance","Sweet and Low","Instrument","Outro",NA,NA,NA,NA,NA,NA,NA,NA,NA,NA,NA,NA,NA,NA,NA
"louisville-ky-usa-100795","FLS0729","07/10/1995","Brewery","5",1300,"Joey Picuri","Warren Russell-Smith","DAT","Excellent","Make Up, Branch Manager",NA,"1995 Fall USA/Canada Tour","Louisville","KY","USA","Intro","Smallpox Champion","Facet Squared","Target","And The Same","Interlude 1","Cassavetes","Bed For The Scraping","Interlude 2","Forensic Scene","Shut The Door","Interlude 3","Give Me The Cure","Reclamation","Interlude 4","By You","Rend It","Interlude 5","Birthday Pony","Do You Like Me","Encore","Latest Disgrace","Interlude 6","Long Distance Runner","Fell, Destroyed","Joe #1","KYEO","Outro",NA,NA,NA,NA,NA,NA,NA,NA,NA,NA,NA,NA
"st-louis-mo-usa-100895","FLS0730","08/10/1995","Mississippi Nights","5",1100,"Joey Picuri","Warren Russell-Smith","DAT","Very Good","Make Up",NA,"1995 Fall USA/Canada Tour","St. Louis","MO","USA","Opening remarks","Merchandise","Runaway Return","Interlude 1","Bed for the Scraping","Downed City","Stacks","Interlude 2","Target","Bad Mouth","Interlude 3","Forensic Scene","Birthday Pony","Blueprint","Long Division","Do You Like Me","Reclamation","Margin Walker","Facet Squared","Fell, Destroyed","Sweet and Low","Rend It","Encore","Interlude 4","By You","Turnover","Long Distance Runner","Version",NA,NA,NA,NA,NA,NA,NA,NA,NA,NA,NA,NA
"peoria-il-usa-100995","FLS0731","09/10/1995","Expo Gardens","5",780,"Joey Picuri","Fugazi","DAT","Very Good","Make Up, Mingus Council","Previously released on CD (FLS12).","1995 Fall USA/Canada Tour","Peoria","IL","USA","Intro","Birthday Pony","Walken's Syndrome","Interlude 1","Merchandise","Do You Like Me","Reclamation","Interlude 2","Forensic Scene","Promises","Target","Bed For The Scraping","Interlude 3","Bed For The Scraping (continued)","Public Witness Program","By You","Stacks","Blueprint","Interlude 4","Instrument","Waiting Room","Margin Walker","Song #1","Fell, Destroyed","Long Distance Runner","Version",NA,NA,NA,NA,NA,NA,NA,NA,NA,NA,NA,NA,NA,NA
"chicago-il-usa-101095","FLS0732","10/10/1995","Rainbo Roller Rink","5",3200,"Joey Picuri","Warren Russell-Smith","DAT","Very Good","Shellac, Make Up",NA,"1995 Fall USA/Canada Tour","Chicago","IL","USA","Intro","Cassavetes","And The Same","Do You Like Me","Reclamation","Interlude 1","Margin Walker","Bed For The Scraping","Target","By You","Long Division","Rend It","Suggestion","Facet Squared","Fell, Destroyed","Public Witness Program","Interlude 2","Birthday Pony","Forensic Scene","Long Distance Runner","Version","Glueman","Outro",NA,NA,NA,NA,NA,NA,NA,NA,NA,NA,NA,NA,NA,NA,NA,NA,NA
"green-bay-wi-usa-101295","FLS0733","12/10/1995","Riverside Ballroom","5",1000,"Joey Picuri","Warren Russell-Smith","DAT","Very Good","Lungfish, Chisel",NA,"1995 Fall USA/Canada Tour","Green Bay","WI","USA","Intro","Bed For The Scraping","Sieve-Fisted Find","Facet Squared","Do You Like Me","Merchandise","Interlude 1","Bulldog Front","Long Division","Fell, Destroyed","By You","Song #1","Cassavetes","Interlude 2","Birthday Pony","Forensic Scene","Promises","Encore","Waiting Room","Target","Back To Base","Rend It",NA,NA,NA,NA,NA,NA,NA,NA,NA,NA,NA,NA,NA,NA,NA,NA,NA,NA
"milwaukee-wi-usa-101395","FLS0734","13/10/1995","Rave","5",1500,"Joey Picuri","Warren Russell-Smith","DAT","Good","Lungfish, Chisel","Recording starts out rough, but improves as set progresses.","1995 Fall USA/Canada Tour","Milwaukee","WI","USA","Intro","Exit Only","Returning The Screw","Smallpox Champion","Interlude 1","Birthday Pony","Target","Reclamation","Nice New Outfit","Shut the Door","Fell, Destroyed","Bed For The Scraping","Interlude 2","Margin Walker","By You","Repeater","Interlude 3","Forensic Scene","Long Division","Encore 1","Two Beats Off","Bad Mouth","Do You Like Me","Long Distance Runner","Sweet And Low","Outro",NA,NA,NA,NA,NA,NA,NA,NA,NA,NA,NA,NA,NA,NA
"minneapolis-mn-usa-101495","FLS0735","14/10/1995","First Avenue","5",1700,"Joey Picuri","Warren Russell-Smith","DAT","Very Good","Lungfish, Chisel",NA,"1995 Fall USA/Canada Tour","Minneapolis","MN","USA","Intro","Birthday Pony","Blueprint","And The Same","Downed City","Styrofoam","Latin Roots","Interlude 1","Bed For The Scraping","Target","Instrument","Margin Walker","By You","Facet Squared","Cassavetes","Promises","Forensic Scene","Encore 1","Long Distance Runner","Do You Like Me","Waiting Room","Reprovisional","Version","Outro",NA,NA,NA,NA,NA,NA,NA,NA,NA,NA,NA,NA,NA,NA,NA,NA
"minneapolis-mn-usa-101595","FLS0736","15/10/1995","First Avenue","5",1700,"Joey Picuri","Warren Russell-Smith","DAT","Very Good","Lungfish, Chisel",NA,"1995 Fall USA/Canada Tour","Minneapolis","MN","USA","Intro","Turnover","Merchandise","Target","Stacks","Interlude 1","Bulldog Front","Reclamation","Rend It","Bed For The Scraping","Fell, Destroyed","Returning The Screw","Smallpox Champion","Song #1","By You","Interlude 2","Forensic Scene","Long Division","Encore 1","Back to Base","Do You Like Me","Repeater","Sweet And Low","Glueman","Encore 2","Birthday Pony","Last Chance For A Slow Dance","KYEO",NA,NA,NA,NA,NA,NA,NA,NA,NA,NA,NA,NA
"ames-ia-usa-101795","FLS0737","17/10/1995","Hunky Dory's","5",600,"Joey Picuri","Warren Russell-Smith","DAT","Good","Lungfish, Chisel",NA,"1995 Fall USA/Canada Tour","Ames","IA","USA","Intro","Target","And The Same","Sieve-Fisted Find","Reclamation","Interlude 1","Forensic Scene","Interlude 2","Bed For The Scraping","Interlude 3","Lockdown","Interlude 4","By You","Interlude 5","Back To Base","Fell, Destroyed","Suggestion","Interlude 6","Two Beats Off","Interlude 7","Great Cop","Walken's Syndrome","Long Division","Encore","Do You Like Me","Long Distance Runner","Blueprint","Interlude 8","Instrument","Sweet and Low","Outro",NA,NA,NA,NA,NA,NA,NA,NA,NA
"lincoln-ne-usa-101895","FLS0738","18/10/1995","State Fairgrounds Agricultural Hall","5",1300,"Joey Picuri","Warren Russell-Smith","DAT","Very Good","Lungfish, Eamon",NA,"1995 Fall USA/Canada Tour","Lincoln","NE","USA","Intro","Smallpox Champion","Styrofoam","Do You Like Me","Reclamation","Turnover","Back to Base","Interlude 1","Target","Shut the Door","Fell, Destroyed","By You","Bed For The Scraping","Exit Only","Long Distance Runner","Forensic Scene","Encore 1","Repeater","Margin Walker","Song #1","Reprovisional","Sweet And Low","Instrument","Outro",NA,NA,NA,NA,NA,NA,NA,NA,NA,NA,NA,NA,NA,NA,NA,NA
"sioux-falls-sd-usa-101995","FLS0739","19/10/1995","Pomp Room","5",804,"Joey Picuri","Warren Russell-Smith","DAT","Good","Vampire Lezbos, Floodplain",NA,"1995 Fall USA/Canada Tour","Sioux Falls","SD","USA","Intro","Joe #1","Bed For The Scraping","Sieve-Fisted Find","Facet Squared","Downed City","Instrument","Target","Suggestion","Give Me The Cure","By You","Birthday Pony","Runaway Return","Interlude 1","Long Division","Forensic Scene","Promises","Encore 1","Do You Like Me","Waiting Room","Margin Walker","Long Distance Runner","Fell, Destroyed","Sweet And Low","Outro",NA,NA,NA,NA,NA,NA,NA,NA,NA,NA,NA,NA,NA,NA,NA
"rapid-city-sd-usa-102095","FLS0740","20/10/1995","Surbeck City School of Mines and Technology","5",700,"Joey Picuri","Warren Russell-Smith","DAT","Poor","Vampire Lezbos, Resin, Single File Line","This recording ended up catching all of the moves on the soundboard. This means that when the mixer muted all of the tracks to listen to one channel on the headphones, that's what appears on the tape. It's kind of interesting to hear the band parsed, but it's also the reason for the 'poor' sound quality rating.","1995 Fall USA/Canada Tour","Rapid City","SD","USA","Intro","Instrument","Public Witness Program","Sweet and Low","Bed For The Scraping","Interlude 1","Target","Merchandise","Interlude 2","Margin Walker","Reclamation","Latest Disgrace","Interlude 3","Shut the Door","Forensic Scene","Interlude 4","By You","Interlude 5","Blueprint","Back To Base","Do You Like Me","Waiting Room","Outro",NA,NA,NA,NA,NA,NA,NA,NA,NA,NA,NA,NA,NA,NA,NA,NA,NA
"denver-co-usa-102295","FLS0741","22/10/1995","Mammoth Events Center","6",2000,"Joey Picuri","Warren Russell-Smith","DAT","Good","Air Miami, God Is My Co-Pilot",NA,"1995 Fall USA/Canada Tour","Denver","CO","USA","Intro","Birthday Pony","Sieve-Fisted Find","Reclamation","Interlude 1","Do You Like Me","Facet Squared","Rend It","Bed For The Scraping","Margin Walker","Waiting Room","By You","Fell, Destroyed","Returning The Screw","Target","Promises","Encore 1","Forensic Scene","Long Division","Two Beats Off","Sweet And Low","Instrument","Outro",NA,NA,NA,NA,NA,NA,NA,NA,NA,NA,NA,NA,NA,NA,NA,NA,NA
"salt-lake-city-ut-usa-102495","FLS0742","24/10/1995","Fairgrounds Coliseum","6",2000,"Joey Picuri","Jerry Busher","DAT","Good","God Is My Co-Pulot, Stella Brass",NA,"1995 Fall USA/Canada Tour","Salt Lake City","UT","USA","Intro","Blueprint","And The Same","Do You Like Me","Interlude 1","Merchandise","Latin Roots","Interlude 2","Birthday Pony","Last Chance for a Slow Dance","Bed For The Scraping","Bulldog Front","Long Division","Target","By You","Forensic Scene","Interlude 3","Instrument","Exit Only","Repeater","Encore 1","Walken's Syndrome","Reclamation","Fell, Destroyed","Long Distance Runner","Cassavetes","Sweet and Low",NA,NA,NA,NA,NA,NA,NA,NA,NA,NA,NA,NA,NA
"boise-id-usa-102595","FLS0743","25/10/1995","Bogie's","5",500,"Joey Picuri","Warren Russell-Smith","DAT","Very Good","God Is My Co-Pilot",NA,"1995 Fall USA/Canada Tour","Boise","ID","USA","Intro","Birthday Pony","Sieve-Fisted Find","Interlude 1","Reclamation","Dear Justice Letter","Song #1","Interlude 2","Forensic Scene","Promises","Target","By You","Interlude 3","Turnover","Bed For The Scraping","Downed City","Returning The Screw","Smallpox Champion","Encore","Back To Base","Fell, Destroyed","Long Division","Reprovisional","Sweet and Low","Outro",NA,NA,NA,NA,NA,NA,NA,NA,NA,NA,NA,NA,NA,NA,NA
"yakima-wa-usa-102695","FLS0744","26/10/1995","Twilight Terrace","5",400,"Joey Picuri","Warren Russell-Smith","DAT","Very Good","Team Dresch",NA,"1995 Fall USA/Canada Tour","Yakima","WA","USA","Intro","Merchandise","Do You Like Me","Reclamation","Interlude 1","Cassavetes","Facet Squared","Target","Bed For The Scraping","Margin Walker","By You","Interlude 2","Stacks","Interlude 3","Runaway Return","Bad Mouth","Interlude 4","Forensic Scene","Shut The Door","Encore","Smallpox Champion","Interlude 5","Long Distance Runner","Fell, Destroyed","Sweet and Low","Instrument","Rend It","Outro",NA,NA,NA,NA,NA,NA,NA,NA,NA,NA,NA,NA
"seattle-wa-usa-102795","FLS0745","27/10/1995","DV8","6",1400,"Joey Picuri","Fugazi","DAT","Very Good","Team Dresch","Previously released on CD (FLS13).","1995 Fall USA/Canada Tour","Seattle","WA","USA","Intro","Do You Like Me","And The Same","Dear Justice Letter","Birthday Pony","Target","Suggestion","Forensic Scene","Great Cop","Downed City","By You","Blueprint","Bed For The Scraping","Interlude 1","Two Beats Off","Long Division","Interlude-2","Public Witness Program","Back To Base","Fell, Destroyed","Promises",NA,NA,NA,NA,NA,NA,NA,NA,NA,NA,NA,NA,NA,NA,NA,NA,NA,NA,NA
"olympia-wa-usa-102995","FLS0746","29/10/1995","Capitol Theater","5",1000,"Joey Picuri","Warren Russell-Smith","DAT","Very Good","Dub Narcotic","Includes the version of Shut the Door that appears in the Fugazi movie, ""Instrument"".","1995 Fall USA/Canada Tour","Olympia","WA","USA","Version","Intro","Cassavetes","Reclamation","Do You Like Me","Facet Squared","Bed For The Scraping","Target","Long Division","Fell, Destroyed","By You","Interlude 1","Two Beats Off","Song #1","Interlude 2","Smallpox Champion","Shut the Door","Encore 1","Forensic Scene","Long Distance Runner","Turnover","Interlude 3","Birthday Pony","Sweet and Low","Glueman","Encore 2","Brendan #1","Repeater","Outro",NA,NA,NA,NA,NA,NA,NA,NA,NA,NA,NA
"anchorage-ak-usa-110195","FLS0747","01/11/1995","Egan Center","8",2050,"Steve Hagar",NA,"Cassette","Very Good","Freedom 49",NA,"1995 Fall USA/Canada Tour","Anchorage","AK","USA","Intro","Merchandise","Do You Like Me","Reclamation","Public Witness Program","Long Division","Target","Interlude 1","Bed For The Scraping","Downed City","Waiting Room","Margin Walker","By You","Birthday Pony","Interlude 2","Blueprint","Instrument","Forensic Scene","Promises","Interlude 3","Smallpox Champion","Facet Squared","Turnover","Repeater","Reprovisional",NA,NA,NA,NA,NA,NA,NA,NA,NA,NA,NA,NA,NA,NA,NA
"portland-or-usa-110295","FLS0748","02/11/1995","La Luna","5",1100,"Joey Picuri","Fugazi","DAT","Very Good","Dub Narcotic, Warmers",NA,"1995 Fall USA/Canada Tour","Portland","OR","USA","Intro","Do You Like Me","Styrofoam","Interlude 1","Runaway Return","Interlude 2","Back to Base","Downed City","Interlude 3","Returning the Screw","Smallpox Champion","Bad Mouth","Interlude 4","Fell, Destroyed","Long Division","Target","By You","Bed For The Scraping","Interlude 5","Reprovisional","Encore 1","KYEO","Rend It","Interlude 6","Long Distance Runner","Forensic Scene","Sweet and Low","Outro",NA,NA,NA,NA,NA,NA,NA,NA,NA,NA,NA,NA
"sacramento-ca-usa-110495","FLS0749","04/11/1995","Grind","6",1000,"Joey Picuri","Warren Russell-Smith","DAT","Good","Dub Narcotic, The Warmers",NA,"1995 Fall USA/Canada Tour","Sacramento","CA","USA","Intro","Merchandise","Do You Like Me","Facet Squared","Interlude 1","Blueprint","Bed For The Scraping","Target","Reclamation","Burning","By You","Interlude 2","Long Division","Forensic Scene","Promises","Public Witness Program","Waiting Room","Interlude 3","Downed City","Encore","Two Beats Off","Interlude 4","Long Distance Runner","Fell, Destroyed","Sweet and Low","Instrument","Outro",NA,NA,NA,NA,NA,NA,NA,NA,NA,NA,NA,NA,NA
"san-francisco-ca-usa-110595","FLS0750","05/11/1995","Trocadero Transfer","5",1200,"Joey Picuri","Jerry Busher","DAT","Very Good","Dub Narcotic, The Warmers",NA,"1995 Fall USA/Canada Tour","San Francisco","CA","USA","Intro","Smallpox Champion","Styrofoam","Do You Like Me","Interlude 1","Great Cop","Rend It","Interlude 2","Birthday Pony","Target","Suggestion","Interlude 3","Forensic Scene","By You","Instrument","Blueprint","Bed For The Scraping","Encore 1","Back to Base","Cassavetes","Shut the Door","Fell, Destroyed","Sweet and Low","Outro",NA,NA,NA,NA,NA,NA,NA,NA,NA,NA,NA,NA,NA,NA,NA,NA
"san-francisco-ca-usa-110695","FLS0751","06/11/1995","Trocadero Transfer","5",1200,"Joey Picuri","Jerry Busher","DAT","Very Good","Dub Narcotic, The Warmers",NA,"1995 Fall USA/Canada Tour","San Francisco","CA","USA","Intro","Long Distance Runner","Turnover","And The Same","Target","Repeater","Margin Walker","Bed For The Scraping","By You","Interlude 1","Forensic Scene","Returning the Screw","Interlude 2","Public Witness Program","Song #1","Encore 1","Birthday Pony","Rend It","Promises","Do You Like Me","Outro",NA,NA,NA,NA,NA,NA,NA,NA,NA,NA,NA,NA,NA,NA,NA,NA,NA,NA,NA
"bakersfield-ca-usa-110795","FLS0752","07/11/1995","Tejon Theater","5",900,"Joey Picuri","Warren Russell-Smith","DAT","Very Good","Dub Narcotic, The Warmers","Another barricade collapses!","1995 Fall USA/Canada Tour","Bakersfield","CA","USA","Intro","Joe #1","Interlude 1","Long Division","Interlude 2","Sieve-Fisted Find","Reclamation","Do You Like Me","Interlude 3","Long Distance Runner","Interlude 4","Blueprint","Interlude 5","Stacks","Target","Shut The Door","Fell, Destroyed","Interlude 6","Birthday Pony","Interlude 7","By You","Encore","Merchandise","Interlude 8","Cassavetes","Bed For The Scraping","Turnover","Outro",NA,NA,NA,NA,NA,NA,NA,NA,NA,NA,NA,NA
"los-angeles-ca-usa-110895","FLS0753","08/11/1995","Shrine Auditorium","7",2200,"Joey Picuri","Jerry Busher","DAT","Good","Dub Narcotic, The Warmers",NA,"1995 Fall USA/Canada Tour","Los Angeles","CA","USA","Intro","Cassavetes","Interlude 1","Do You Like Me","Reclamation","Rend It","Bed For The Scraping","Interlude 2","Target","Interlude 3","Long Division","Two Beats Off","Interlude 4","Birthday Pony","Forensic Scene","Interlude 5","By You","Suggestion","Interlude 6","Fell, Destroyed","Sweet and Low","Instrument","Encore 1","Smallpox Champion","Back to Base","Downed City","Long Distance Runner","Blueprint","Outro",NA,NA,NA,NA,NA,NA,NA,NA,NA,NA,NA
"los-angeles-ca-usa-110995","FLS0754","09/11/1995","Shrine Auditorium","7",3400,"Joey Picuri","Jerry Busher","DAT","Very Good","Unwound, Blonde Redhead",NA,"1995 Fall USA/Canada Tour","Los Angeles","CA","USA","Intro","Target","Bed For The Scraping","Sieve-Fisted Find","Interlude 1","And The Same","Margin Walker","Styrofoam","Do You Like Me","Interlude 2","Birthday Pony","Fell, Destroyed","Promises","Turnover","Waiting Room","Interlude 3","By You","Forensic Scene","Encore 1","Great Cop","Public Witness Program","Interlude 4","Long Distance Runner","Rend It","Sweet and Low","Outro",NA,NA,NA,NA,NA,NA,NA,NA,NA,NA,NA,NA,NA,NA
"san-diego-ca-usa-111095","FLS0755","10/11/1995","Soma","6",1500,"Joey Picuri","Warren Russell-Smith","DAT","Very Good","Unwound, Blonde Redhead",NA,"1995 Fall USA/Canada Tour","San Diego","CA","USA","Intro","Version","Cassavetes","Merchandise","Runaway Return","Bed For The Scraping","Target","Reclamation","Burning","Interlude 1","Stacks","Interlude 2","Forensic Scene","By You","Interlude 3","Back To Base","Do You Like Me","Bad Mouth","Blueprint","Encore","Fell, Destroyed","Repeater","Rend It","Interlude 4","Long Distance Runner","Outro",NA,NA,NA,NA,NA,NA,NA,NA,NA,NA,NA,NA,NA,NA
"phoenix-az-usa-111195","FLS0756","11/11/1995","Party Gardens","6",2500,"Joey Picuri","Fugazi","DAT","Very Good","Unwound, 400 Years",NA,"1995 Fall USA/Canada Tour","Phoenix","AZ","USA","Intro","Birthday Pony","Walken's Syndrome","Interlude 1","Styrofoam","Exit Only","Interlude 2","Reclamation","Interlude 3","Do You Like Me","Interlude 4","Long Division","Blueprint","Interlude 5","Facet Squared","Target","By You","Interlude 6","Bed For The Scraping","Interlude 7","Fell, Destroyed","Promises","Encore 1","Rend It","Returning the Screw","Smallpox Champion","Interlude 8","Long Distance Runner","Forensic Scene","Outro",NA,NA,NA,NA,NA,NA,NA,NA,NA,NA
"albuquerque-nm-usa-111395","FLS0757","13/11/1995","Five Points Hall","5",895,"Joey Picuri","Warren Russell-Smith","DAT","Very Good","Unwound, Blonde Redhead",NA,"1995 Fall USA/Canada Tour","Albuquerque","NM","USA","Intro","Smallpox Champion","And The Same","Interlude 1","Downed City","Interlude 2","Stacks","Do You Like Me","Reclamation","Interlude 3","Last Chance For A Slow Dance","Bed For The Scraping","Target","Interlude 4","By You","Interlude 5","Long Division","Blueprint","Instrument","Encore","Sweet and Low","Birthday Pony","Two Beats Off","Interlude 6","Back To Base","Fell, Destroyed",NA,NA,NA,NA,NA,NA,NA,NA,NA,NA,NA,NA,NA,NA
"el-paso-tx-usa-111495","FLS0758","14/11/1995","Metropolis","5",861,"Joey Picuri","Warren Russell-Smith","DAT","Good","Unwound, Blonde Redhead",NA,"1995 Fall USA/Canada Tour","El Paso","TX","USA","Intro","Facet Squared","Do You Like Me","Merchandise","Interlude 1","Dear Justice Letter","Interlude 2","Birthday Pony","Rend It","Interlude 3","Long Division","Target","Interlude 4","Great Cop","Margin Walker","By You","Bed For The Scraping","Interlude 5","Forensic Scene","Promises","Encore","Joe #1","Cassavetes","Waiting Room","Interlude 6","Public Witness Program","Interlude 7","Long Distance Runner","Two Beats Off","Outro",NA,NA,NA,NA,NA,NA,NA,NA,NA,NA
"austin-tx-usa-111695","FLS0759","16/11/1995","Liberty Lunch","5",1100,"Joey Picuri","Warren Russell-Smith","DAT","Very Good","Blonde Redhead, Branch Manager",NA,"1995 Fall USA/Canada Tour","Austin","TX","USA","Intro","Long Distance Runner","Turnover","Facet Squared","Margin Walker","Reclamation","Target","Repeater","Do You Like Me","Shut The Door","Interlude 1","By You","Interlude 2","Forensic Scene","Bed For The Scraping","Public Witness Program","Sweet and Low","Encore","Back To Base","Sieve-Fisted Find","Song #1","Fell, Destroyed","Instrument","Outro",NA,NA,NA,NA,NA,NA,NA,NA,NA,NA,NA,NA,NA,NA,NA,NA
"austin-tx-usa-111795","FLS0760","17/11/1995","Liberty Lunch","5",1100,"Joey Picuri","Warren Russell-Smith","DAT","Very Good","Blonde Redhead",NA,"1995 Fall USA/Canada Tour","Austin","TX","USA","Intro","Birthday Pony","Walken's Syndrome","Merchandise","Downed City","Interlude 1","Bed For The Scraping","Instrument","Lockdown","Returning The Screw","Interlude 2","Smallpox Champion","By You","Suggestion","Interlude 3","Forensic Scene","Long Division","Rend It","Encore","Target","Back To Base","Nice New Outfit","Promises","Fell, Destroyed",NA,NA,NA,NA,NA,NA,NA,NA,NA,NA,NA,NA,NA,NA,NA,NA
"san-antonio-tx-usa-111895","FLS0761","18/11/1995","Showcase Special Events","5",1400,"Joey Picuri","Warren Russell-Smith","DAT","Very Good","Blonde Redhead, Evergreen","Sad squares, broken barricades, and plenty of refunds! Will the band ever get through 'Returning the Screw'?","1995 Fall USA/Canada Tour","San Antonio","TX","USA","Intro","Cassavetes","Interlude 1","Merchandise","Interlude 2","Target","Interlude 3","Birthday Pony","Last Chance For A Slow Dance","Returning The Screw","Bulldog Front","Interlude 4","Bed For The Scraping","Two Beats Off","By You","Interlude 5","Long Division","Blueprint","Encore","Waiting Room","Interlude 6","Forensic Scene","Long Distance Runner","Interlude 7","Reprovisional",NA,NA,NA,NA,NA,NA,NA,NA,NA,NA,NA,NA,NA,NA,NA
"dallas-tx-usa-111995","FLS0762","19/11/1995","Bomb Factory","6",1400,"Joey Picuri","Warren Russell-Smith","DAT","Good","Blonde Redhead, Baboon",NA,"1995 Fall USA/Canada Tour","Dallas","TX","USA","Intro","Do You Like Me","Interlude 1","And The Same","Sieve-Fisted FInd","Facet Squared","Target","Bed For The Scraping","Give Me The Cure","Reclamation","Fell, Destroyed","By You","Song #1","Interlude 2","Rend It","Long Distance Runner","Forensic Scene","Encore","Sweet and Low","Birthday Pony","Blueprint","Shut The Door","Outro",NA,NA,NA,NA,NA,NA,NA,NA,NA,NA,NA,NA,NA,NA,NA,NA,NA
"oklahoma-city-ok-usa-112095","FLS0763","20/11/1995","Diamond Ballroom","5",1200,"Joey Picuri","Warren Russell-Smith","DAT","Very Good","Unwound","""If you lose your belt, it doesn't give you the right to bite people.""","1995 Fall USA/Canada Tour","Oklahoma City","OK","USA","Intro","Long Distance Runner","Turnover","Merchandise","Interlude 1","Do You Like Me","Reclamation","Rend It","Bed For The Scraping","Target","Waiting Room","Interlude 2","Forensic Scene","Promises","Interlude 3","By You","Fell, Destroyed","Repeater","Encore","Birthday Pony","Downed City","Long Division","Sweet and Low",NA,NA,NA,NA,NA,NA,NA,NA,NA,NA,NA,NA,NA,NA,NA,NA,NA
"washington-dc-usa-13096","FLS0764","30/01/1996","Black Cat","5",700,"Joey Picuri","Warren Russell-Smith","DAT","Very Good","Chisel, Meltdown","Benefit for Community for Creative Non-Violence","1996 Winter/Spring Regional Dates","Washington","DC","USA","Opening Remarks","World Beat","Do You Like Me","Facet Squared","Target","Repeater","Interlude 1","Forensic Scene","Returning The Screw","Smallpox Champion","Bed For The Scraping","Caustic Acrostic","By You","Interlude 2","Merchandise","Fell, Destroyed","Birthday Pony","Downed City","Interlude 3","Reclamation","Encore 1","Version","Cassavetes","KYEO","Rend It","Long Distance Runner","Outro",NA,NA,NA,NA,NA,NA,NA,NA,NA,NA,NA,NA,NA
"washington-dc-usa-13196","FLS0765","31/01/1996","9:30 Club","5",1500,"Joey Picuri","Warren Russell-Smith","DAT","Excellent","Monorchid","Benefit for Washington Free Clinic","1996 Winter/Spring Regional Dates","Washington","DC","USA","Opening Remarks","Brendan #1","Bed For The Scraping","Do You Like Me","And The Same","Margin Walker","Styrofoam","Caustic Acrostic","Interlude 1","Shut the Door","Forensic Scene","By You","World Beat","Great Cop","Target","Instrument","Encore 1","Public Witness Program","Back to Base","Fell, Destroyed","Long Division","Version","Two Beats Off","Outro",NA,NA,NA,NA,NA,NA,NA,NA,NA,NA,NA,NA,NA,NA,NA,NA
"norfolk-va-usa-31996","FLS0766","19/03/1996","Baitshack","5",1300,"Nick Pellicciotto","Warren Russell-Smith","DAT","Very Good","Make Up, Blue Tip",NA,"1996 Southern USA Tour","Norfolk","VA","USA","Intro","Facet Squared","Sieve-Fisted Find","Interlude 1","Birthday Pony","Do You Like Me","Reclamation","Turnover","Interlude 2","Bed For The Scraping","Downed City","Sweet And Low","By You","Interlude 3","Waiting Room","Bulldog Front","Promises","Forensic Scene","Encore 1","Target","Long Division","Outro",NA,NA,NA,NA,NA,NA,NA,NA,NA,NA,NA,NA,NA,NA,NA,NA,NA,NA
"wilmington-nc-usa-32096","FLS0767","20/03/1996","Mad Monk","5",1135,"Nick Pellicciotto","Warren Russell-Smith","DAT","Very Good","Make Up, Cornelius",NA,"1996 Southern USA Tour","Wilmington","NC","USA","Intro","Exit Only","Merchandise","Downed City","And The Same","Target","Birthday Pony","Margin Walker","Reclamation","Interlude 1","Caustic Acrostic","By You","Interlude 2","Bed For The Scraping","Forensic Scene","Promises","Pink Frosty Instrumental","Encore 1","Smallpox Champion","Song #1","Interlude 3","Do You Like Me","Great Cop","Outro",NA,NA,NA,NA,NA,NA,NA,NA,NA,NA,NA,NA,NA,NA,NA,NA
"winston-salem-nc-usa-32196","FLS0768","21/03/1996","Ziggy's","5",900,"Nick Pellicciotto","Warren Russell-Smith","DAT","Good","Make Up, Monorchid",NA,"1996 Southern USA Tour","Winston-Salem","NC","USA","Intro","Brendan #1","Sieve-Fisted Find","Facet Squared","Interlude 1","Target","Suggestion","Give Me The Cure","Interlude 2","Bed For The Scraping","Rend It","By You","Long Division","Forensic Scene","Instrument","Interlude 3","Blueprint","Encore 1","Waiting Room","Interlude 4","Caustic Acrostic","Interlude 5","Long Distance Runner","Version","Outro",NA,NA,NA,NA,NA,NA,NA,NA,NA,NA,NA,NA,NA,NA,NA
"raliegh-nc-usa-32296","FLS0769","22/03/1996","Ritz","5",2400,NA,NA,NA,NA,"Make Up, Monorchid",NA,"1996 Southern USA Tour","Raleigh","NC","USA",NA,NA,NA,NA,NA,NA,NA,NA,NA,NA,NA,NA,NA,NA,NA,NA,NA,NA,NA,NA,NA,NA,NA,NA,NA,NA,NA,NA,NA,NA,NA,NA,NA,NA,NA,NA,NA,NA,NA,NA
"charlotte-nc-usa-32396","FLS0770","23/03/1996","Tremont Music Hall","5",900,"Nick Pellicciotto","Warren Russell-Smith","DAT","Very Good","Make Up, Monorchid",NA,"1996 Southern USA Tour","Charlotte","NC","USA","Birthday Pony","Latin Roots","Interlude 1","Merchandise","Do You Like Me","And The Same","Margin Walker","Facet Squared","Public Witness Program","Interlude 2","Promises","Target","Pink Frosty Instrumental","By You","Rend It","Bed For The Scraping","Encore 1","Last Chance For A Slow Dance","Instrument","Reprovisional","Outro",NA,NA,NA,NA,NA,NA,NA,NA,NA,NA,NA,NA,NA,NA,NA,NA,NA,NA,NA
"columbia-sc-usa-32496","FLS0771","24/03/1996","Clyde's","5",400,"Nick Pellicciotto","Warren Russell-Smith","DAT","Very Good","Ghetto Blaster",NA,"1996 Southern USA Tour","Columbia","SC","USA","Intro","Smallpox Champion","Reclamation","Do You Like Me","Stacks","Dear Justice Letter","Bed For The Scraping","Interlude 1","Forensic Scene","Long Division","Blueprint","Interlude 2","Waiting Room","Burning","By You","Back to Base","Target","Interlude 3","Long Distance Runner","Rend It","Encore 1","Caustic Acrostic","Pink Frosty Instrumental","Merchandise","Walken's Syndrome","Great Cop","Outro",NA,NA,NA,NA,NA,NA,NA,NA,NA,NA,NA,NA,NA
"athens-ga-usa-32696","FLS0772","26/03/1996","40 Watt","5",975,"Nick Pellicciotto","Warren Russell-Smith","DAT","Very Good","Vic Chesnutt, Branch Manager",NA,"1996 Southern USA Tour","Athens","GA","USA","Intro","Pink Frosty Instrumental","Cassavetes","And The Same","Do You Like Me","Facet Squared","Rend It","Bed For The Scraping","Target","Reclamation","Margin Walker","Birthday Pony","Forensic Scene","Interlude 1","Promises","Blueprint","Song #1","By You","Merchandise","Two Beats Off","Interlude 2","Long Distance Runner","Version",NA,NA,NA,NA,NA,NA,NA,NA,NA,NA,NA,NA,NA,NA,NA,NA,NA
"huntsville-al-usa-32796","FLS0773","27/03/1996","University of Alabama Spragins Hall Gym","5",1295,"Nick Pellicciotto","Warren Russell-Smith","DAT","Very Good","Branch Manager",NA,"1996 Southern USA Tour","Huntsville","AL","USA","Intro","Sieve-Fisted Find","Reclamation","Interlude 1","Target","Stacks","Interlude 2","Caustic Acrostic","Returning The Screw","Smallpox Champion","Bed For The Scraping","Do You Like Me","By You","Interlude 3","Waiting Room","Margin Walker","Long Division","Forensic Scene","Encore 1","Shut the Door","Rend It","Birthday Pony","Pink Frosty Instrumental",NA,NA,NA,NA,NA,NA,NA,NA,NA,NA,NA,NA,NA,NA,NA,NA,NA
"atlanta-ga-usa-32896","FLS0774","28/03/1996","Masquerade","5",1100,"Nick Pellicciotto","Warren Russell-Smith","DAT","Very Good","Branch Manager, Seely",NA,"1996 Southern USA Tour","Atlanta","GA","USA","Intro","Public Witness Program","Back To Base","Target","Styrofoam","Interlude 1","Bulldog Front","Bed For The Scraping","Fell, Destroyed","Instrument","Turnover","By You","Interlude 2","Long Division","Runaway Return","Bad Mouth","Break-In","Interlude 3","Downed City","Interlude 4","Long Distance Runner","Forensic Scene","Outro",NA,NA,NA,NA,NA,NA,NA,NA,NA,NA,NA,NA,NA,NA,NA,NA,NA
"atlanta-ga-usa-32996","FLS0775","29/03/1996","Masquerade","5",1100,"Nick Pellicciotto","Warren Russell-Smith","DAT","Very Good","Branch Manager, Hall of Fame",NA,"1996 Southern USA Tour","Atlanta","GA","USA","Intro","Merchandise","Do You Like Me","And The Same","Walken's Syndrome","Birthday Pony","Margin Walker","Interlude 1","Great Cop","Target","Bed For The Scraping","Caustic Acrostic","Suggestion","Pink Frosty Instrumental","Blueprint","Interlude 2","Back to Base","Last Chance For A Slow Dance","Version","By You","Waiting Room","Fell, Destroyed","Sweet And Low","Glueman",NA,NA,NA,NA,NA,NA,NA,NA,NA,NA,NA,NA,NA,NA,NA,NA
"savannah-ga-usa-33096","FLS0776","30/03/1996","Zoo","5",700,"Nick Pellicciotto","Warren Russell-Smith","DAT","Very Good","Branch Manager, Bug Hummer",NA,"1996 Southern USA Tour","Savannah","GA","USA","Intro","Facet Squared","Sieve-Fisted Find","Interlude 1","Birthday Pony","Do You Like Me","Reclamation","Turnover","Interlude 2","Bed For The Scraping","Downed City","Sweet And Low","By You","Interlude 3","Waiting Room","Bulldog Front","Promises","Forensic Scene","Encore","Target","Long Division","Outro",NA,NA,NA,NA,NA,NA,NA,NA,NA,NA,NA,NA,NA,NA,NA,NA,NA,NA
"jacksonville-fl-usa-33196","FLS0777","31/03/1996","Milk Bar","5",1100,"Nick Pellicciotto","Warren Russell-Smith","DAT","Good","Branch Manager, Glorium, Gimp Disco",NA,"1996 Southern USA Tour","Jacksonville","FL","USA","Intro","Public Witness Program","And The Same","Caustic Acrostic","Interlude 1","Bed For The Scraping","Do You Like Me","Returning The Screw","Smallpox Champion","Song #1","Margin Walker","By You","Birthday Pony","Target","Shut the Door","Fell, Destroyed","Encore 1","KYEO","Blueprint","Reclamation","Forensic Scene",NA,NA,NA,NA,NA,NA,NA,NA,NA,NA,NA,NA,NA,NA,NA,NA,NA,NA,NA
"orlando-fl-usa-40196","FLS0778","01/04/1996","Firestone","5",1600,"Nick Pellicciotto","Warren Russell-Smith","DAT","Good","Branch Manager, Glorium",NA,"1996 Southern USA Tour","Orlando","FL","USA","Repeater","Exit Only","Facet Squared","Do You Like Me","Interlude 1","Long Division","Target","Waiting Room","Lockdown","Interlude 2","Bed For The Scraping","Two Beats Off","Interlude 2","Great Cop","Downed City","Interlude 3","By You","Merchandise","Blueprint","Encore 1","Give Me The Cure","Birthday Pony","Forensic Scene","Sweet And Low","Instrument","Outro",NA,NA,NA,NA,NA,NA,NA,NA,NA,NA,NA,NA,NA,NA
"fort-lauderdale-fl-usa-40296","FLS0779","02/04/1996","Edge","5",1700,"Nick Pellicciotto","Warren Russell-Smith","DAT","Very Good","Branch Manager, Glorium",NA,"1996 Southern USA Tour","Fort Lauderdale","FL","USA","Birthday Pony","Latin Roots","Interlude 1","Reclamation","Sieve-Fisted Find","Back To Base","Do You Like Me","Long Division","Give Me The Cure","Bed For The Scraping","Target","Interlude 2","By You","Interlude 3","Promises","Fell, Destroyed","Rend It","Facet Squared","Forensic Scene",NA,NA,NA,NA,NA,NA,NA,NA,NA,NA,NA,NA,NA,NA,NA,NA,NA,NA,NA,NA,NA
"tampa-fl-usa-40396","FLS0780","03/04/1996","Masquerade","5",1200,"Nick Pellicciotto","Warren Russell-Smith","DAT","Good","Branch Manager, Glorium","Only the last third of this show is recorded. If anyone has a recording of the entire show, please let us know.","1996 Southern USA Tour","Tampa","FL","USA","KYEO","Encore 1","Forensic Scene","Long Distance Runner","By You","Pink Frosty Instrumental","Encore 2","Walken's Syndrome","Promises","Outro",NA,NA,NA,NA,NA,NA,NA,NA,NA,NA,NA,NA,NA,NA,NA,NA,NA,NA,NA,NA,NA,NA,NA,NA,NA,NA,NA,NA,NA,NA
"new-orleans-la-usa-40596","FLS0781","05/04/1996","Tipitina's","5",1100,"Nick Pellicciotto",NA,"DAT","Very Good","Branch Manager, Glorium",NA,"1996 Southern USA Tour","New Orleans","LA","USA","Intro","Do You Like Me","Merchandise","Public Witness Program","Interlude 1","Pink Frosty Instrumental","Reclamation","Target","Interlude 2","Back to Base","Sieve-Fisted Find","Bed For The Scraping","Margin Walker","Long Division","Fell, Destroyed","Suggestion","Interlude 3","Forensic Scene","By You","Repeater","Encore 1","Blueprint","Promises","Sweet and Low",NA,NA,NA,NA,NA,NA,NA,NA,NA,NA,NA,NA,NA,NA,NA,NA
"lafayette-la-usa-40796","FLS0782","07/04/1996","Heymann Performance Arts Center","5",1250,"ANON","Warren Russell-Smith","Cassette","Poor","Branch Manager, Glorium",NA,"1996 Southern USA Tour","Lafayette","LA","USA","Intro","Bed For The Scraping","Interlude 1","Runaway Return","And The Same","Interlude 2","Target","Interlude 3","Waiting Room","Turnover","Interlude 4","23 Beats Off","Give Me The Cure","Interlude 5","By You","Interlude 6","Back To Base","Do You Like Me","Styrofoam","Rend It","Long Division","Fell, Destroyed","Encore","Birthday Pony","Two Beats Off","Interlude 7","Reclamation","Interlude 8","Blueprint","Long Distance Runner",NA,NA,NA,NA,NA,NA,NA,NA,NA,NA
"houston-tx-usa-40896","FLS0783","08/04/1996","D&I Colonial Hall","6",1250,"Nick Pellicciotto","Warren Russell-Smith","DAT","Very Good","Branch Manager, Glorium",NA,"1996 Southern USA Tour","Houston","TX","USA","Intro","Facet Squared","Interlude 1","Do You Like Me","Merchandise","Latin Roots","Reclamation","Target","Bed For The Scraping","Margin Walker","By You","Interlude 2","Birthday Pony","Caustic Acrostic","Shut the Door","Interlude 3","Forensic Scene","Smallpox Champion","Long Division","Rend It","KYEO","Sweet and Low","Last Chance for a Slow Dance",NA,NA,NA,NA,NA,NA,NA,NA,NA,NA,NA,NA,NA,NA,NA,NA,NA
"oxford-ms-usa-41096","FLS0784","10/04/1996","Lafayettes","5",600,"Nick Pellicciotto","Warren Russell-Smith","DAT","Good","Branch Manager, The Neckbones",NA,"1996 Southern USA Tour","Oxford","MS","USA","Intro","Joe #1","Bed for the Scraping","Sieve-Fisted Find","Interlude 1","Reclamation","Target","Song #1","Blueprint","Interlude 2","Long Division","Forensic Scene","Shut the Door","By You","Margin Walker","Birthday Pony","Do You Like Me","Facet Squared","Public Witness Program","Pink Frosty Instrumental","Encore 1","Instrument","Smallpox Champion","Merchandise","Fell, Destroyed","Long Distance Runner","Outro",NA,NA,NA,NA,NA,NA,NA,NA,NA,NA,NA,NA,NA
"nashville-tn-usa-41196","FLS0785","11/04/1996","328 Performance","5",1500,"Nick Pellicciotto","Jerry Busher","DAT","Very Good","Branch Manager, Blast Off Country Style",NA,"1996 Southern USA Tour","Nashville","TN","USA","Intro","Public Witness Program","Interlude 1","And The Same","Do You Like Me","Styrofoam","Rend It","Interlude 2","Birthday Pony","Target","Returning the Screw","Smallpox Champion","Interlude 3","Suggestion","Give Me The Cure","Interlude 4","By You","Bed For The Scraping","Fell, Destroyed","Encore 1","Instrument","Caustic Acrostic","Long Division","Two Beats Off","Sweet and Low","Great Cop","Outro",NA,NA,NA,NA,NA,NA,NA,NA,NA,NA,NA,NA,NA
"knoxville-tn-usa-41296","FLS0786","12/04/1996","Electric Ballroom","5",1050,"Nick Pellicciotto","Warren Russell-Smith","DAT","Very Good","Branch Manager, Blast Off Country Style","The infamous Knoxville show as documented in the film ""Instrument"". Sadly, the encore was not recorded.","1996 Southern USA Tour","Knoxville","TN","USA","Intro","Joe #1","Facet Squared","Do You Like Me","Interlude 1","Reclamation","Interlude 2","Rend It","Interlude 3","Stacks","Interlude 4","Target","Promises","Bulldog Front","Bed For The Scraping","Interlude 5","By You","Fell, Destroyed","Interlude 6","Pink Frosty Instrumental","Long Division","Blueprint",NA,NA,NA,NA,NA,NA,NA,NA,NA,NA,NA,NA,NA,NA,NA,NA,NA,NA
"roanoke-va-usa-41396","FLS0787","13/04/1996","Alternative","5",900,"Nick Pellicciotto","Warren Russell-Smith","DAT","Very Good","Branch Manager",NA,"1996 Southern USA Tour","Roanoke","VA","USA","Cassavetes","Merchandise","Nice New Outfit","Bed For The Scraping","Downed City","Waiting Room","Margin Walker","By You","Interlude 1","Back To Base","Do You Like Me","Long Division","Turnover","Repeater","Interlude 2","Fell, Destroyed","Sweet and Low","Reclamation","Target","Promises","Forensic Scene",NA,NA,NA,NA,NA,NA,NA,NA,NA,NA,NA,NA,NA,NA,NA,NA,NA,NA,NA
"richmond-va-usa-41496","FLS0788","14/04/1996","Virginia Commonwealth University Shafer Court","Free",4000,"Nick Pellicciotto","Warren Russell-Smith","DAT","Very Good","Branch Manager, Lazy Kain, Young Pioneers","This recording is seriously incomplete. If anyone has a recording of the entire performance, please let us know.","1996 Southern USA Tour","Richmond","VA","USA","Intro","Caustic Acrostic","Pink Frosty Instrumental","Instrument","Public Witness Program","Great Cop","Forensic Scene","Outro",NA,NA,NA,NA,NA,NA,NA,NA,NA,NA,NA,NA,NA,NA,NA,NA,NA,NA,NA,NA,NA,NA,NA,NA,NA,NA,NA,NA,NA,NA,NA,NA
"washington-dc-usa-41996","FLS0789","19/04/1996","First Baptist Church","5",1000,"Nick Pellicciotto","Jerry Busher","DAT","Very Good","Norman Meyer Group, Cold Cold Hearts","The recorder was not turned on before the band began playing, so as a result the first track, ""Public Witness Program"", is only 3 seconds long. The rest of the recording is good, though there is some digital distortion present.","1996 Spring-Summer Regional Dates","Washington","DC","USA","Public Witness Program","Reclamation","Interlude 1","Do You Like Me","Styrofoam","Target","Bed For The Scraping","Interlude 2","Rend It","Interlude 3","Birthday Pony","Caustic Acrostic","Interlude 4","By You","Suggestion","Give Me The Cure","Pink Frosty","Long Division","Forensic Scene","Interlude 5","Downed City","Interlude 6","Long Distance Runner","Version","Glueman",NA,NA,NA,NA,NA,NA,NA,NA,NA,NA,NA,NA,NA,NA,NA
"washington-dc-081596","FLS1051","15/08/1996","Fort Reno",NA,NA,"ANON","Warren Russell-Smith",NA,"Poor","Branch Manager",NA,"1996 Spring-Summer Regional Dates","Washington","DC","USA","Intro","Guilford Fall Instrumental","Target","Facet Squared","Smallpox Champion","Interlude 1","Birthday Pony","Place Position","Five Corporations","Interlude 2","Long Division","Do You Like Me","Interlude 3","Back To Base","Interlude 4","Caustic Acrostic","Break Instrumental","Bed For The Scraping","Forensic Scene","Encore","By You","Downed City","Pink Frosty Instrumental",NA,NA,NA,NA,NA,NA,NA,NA,NA,NA,NA,NA,NA,NA,NA,NA,NA
"washington-dc-usa-92996","FLS0790","29/09/1996","Malcolm X Park","Free",NA,"ANON","Warren Russell-Smith","Cassette","Very Good",NA,"Rally to End the Drug War","1996 Spring-Summer Regional Dates","Washington","DC","USA","Intro","Guilford Fall Instrumental","Birthday Pony","Exit Only","Reclamation","Interlude 1","Place Position","Repeater","Interlude 2","No Surprise","Interlude 3","Break Instrumental","Instrument","Target","Facet Squared","Caustic Acrostic","Waiting Room","Interlude 4","Lockdown","Long Division",NA,NA,NA,NA,NA,NA,NA,NA,NA,NA,NA,NA,NA,NA,NA,NA,NA,NA,NA,NA
"honolulu-hi-usa-101696","FLS0791","16/10/1996","Groove","7",1650,"Nick Pellicciotto","Jerry Busher","DAT","Very Good","O.N.S.","Please note that there is some digital distortion in the master recording that we were unable to correct.","1996 US/Japan/Hong Kong/Australia Tour","Honolulu","HI","USA","And The Same","Interlude 1","Place Position","Facet Squared","Target","Interlude 2","Break","Margin Walker","Suggestion","Blueprint","Interlude 3","By You","Interlude 4","Five Corporations","Rend It","Long Division","Nice New Outfit","Bed For The Scraping","Encore 1","Forensic Scene","Reclamation","Downed City","Interlude 5","Great Cop","Encore 2","Waiting Room","Floating Boy","Two Beats Off","Outro",NA,NA,NA,NA,NA,NA,NA,NA,NA,NA,NA
"maui-hi-usa-101796","FLS0792","17/10/1996","Maui Cultural Center","8",400,"Nick Pellicciotto",NA,"DAT","Very Good","Phat For Your Soul",NA,"1996 US/Japan/Hong Kong/Australia Tour","Maui","HI","USA","Instrument","Sieve-Fisted Find","Bed For The Scraping","Target","Shut the Door","Interlude","No Surprise","Waiting Room","Bulldog Front","Long Division","Do You Like Me","Merchandise","Caustic Acrostic","Back To Base","Blueprint","Encore","By You","Five Corporations","Downed City","Sweet and Low","Repeater","Outro",NA,NA,NA,NA,NA,NA,NA,NA,NA,NA,NA,NA,NA,NA,NA,NA,NA,NA
"maui-hi-usa-101896","FLS0793","18/10/1996","Maui Cultural Center","8",400,"Nick Pellicciotto","Warren Russell-Smith","DAT","Very Good","Phat For Your Soul",NA,"1996 US/Japan/Hong Kong/Australia Tour","Maui","HI","USA","Intro","Brendan #1","Public Witness Program","Interlude 1","Reclamation","Place Position","Styrofoam","Cassavetes","Bed For The Scraping","Interlude 2","Margin Walker","Bad Mouth","Interlude 2","Lockdown","By You","Stacks","Target","Back To Base","Interlude 3","Forensic Scene","Long Distance Runner","Waiting Room","Turnover","Instrument","Do You Like Me","Outro",NA,NA,NA,NA,NA,NA,NA,NA,NA,NA,NA,NA,NA,NA
"fukuoka-japan-102196","FLS0794","21/10/1996","Viure Hall",NA,170,"Nick Pellicciotto","Warren Russell-Smith","DAT","Very Good","Ramstead, Screaming Hot Fudge",NA,"1996 US/Japan/Hong Kong/Australia Tour","Fukuoka",NA,"Japan","Intro","Guilford Fall Instrumental","Facet Squared","Public Witness Program","Bed For The Scraping","Do You Like Me","Reclamation","Place Position","Five Corporations","Blueprint","Long Division","Forensic Scene","Promises","Margin Walker","Waiting Room","By You","Target","Birthday Pony","Floating Boy Instrumental","Sieve-Fisted Find","Merchandise","Cassavetes","Repeater","Sweet and Low","Outro",NA,NA,NA,NA,NA,NA,NA,NA,NA,NA,NA,NA,NA,NA,NA
"okayama-japan-102296","FLS0795","22/10/1996","Pepperland",NA,90,"Nick Pellicciotto","Warren Russell-Smith","DAT","Excellent","Make Up, Playmates",NA,"1996 US/Japan/Hong Kong/Australia Tour","Okayama",NA,"Japan","Birthday Pony","Downed City","Styrofoam","Caustic Acrostic","Bed For The Scraping","Target","Song #1","No Surprise","Interlude 1","Five Corporations","Do You Like Me","Instrument","Give Me The Cure","Interlude 2","By You","Facet Squared","Floating Boy Instrumental","Blueprint","Blueprint","Break","Long Distance Runner","Rend It","Sweet and Low","Outro",NA,NA,NA,NA,NA,NA,NA,NA,NA,NA,NA,NA,NA,NA,NA,NA
"osaka-japan-102396","FLS0796","23/10/1996","Sun Hall",NA,280,"Nick Pellicciotto","Warren Russell-Smith","DAT","Very Good","Make Up, Mach Kung Fu",NA,"1996 US/Japan/Hong Kong/Australia Tour","Osaka",NA,"Japan","Intro","Guilford Fall Instrumental","Facet Squared","Downed City","And The Same","Place Position","Birthday Pony","Margin Walker","Reclamation","No Surprise","Long Division","Runaway Return","Bed for the Scraping","Target","By You","Glueman","Sweet and Low",NA,NA,NA,NA,NA,NA,NA,NA,NA,NA,NA,NA,NA,NA,NA,NA,NA,NA,NA,NA,NA,NA,NA
"nagoya-japan-102596","FLS0797","25/10/1996","Heartland",NA,160,"Nick Pellicciotto","Warren Russell-Smith","DAT","Very Good","Make Up, Genbaku Onanisu",NA,"1996 US/Japan/Hong Kong/Australia Tour","Nagoya",NA,"Japan","Intro","Birthday Pony","Smallpox Champion","Merchandise","Caustic Acrostic","Reclamation","Exit Only","Break","Last Chance For a Slow Dance","Burning Too","Break-In","Bed For The Scraping","Target","Great Cop","Do You Like Me","By You","Floating Boy Instrumental","No Surprise","Promises","Encore 1","Five Corporations","Forensic Scene","Outro",NA,NA,NA,NA,NA,NA,NA,NA,NA,NA,NA,NA,NA,NA,NA,NA,NA
"tokyo-japan-102696","FLS0798","26/10/1996","Guilty",NA,254,"Nick Pellicciotto","Jerry Busher","DAT","Very Good","Make Up, DMBQ, O-O-I-O-O",NA,"1996 US/Japan/Hong Kong/Australia Tour","Tokyo",NA,"Japan","Intro","Do You Like Me","Interlude 1","Reclamation","Target","Styrofoam","Two Beats Off","Interlude 2","Bed For The Scraping","Margin Walker","Bad Mouth","By You","Floating Boy","No Surprise","Long Division","Rend It","Break","Five Corporations","Public Witness Program","Back to Base","Reprovisional","Outro",NA,NA,NA,NA,NA,NA,NA,NA,NA,NA,NA,NA,NA,NA,NA,NA,NA,NA
"tokyo-japan-102796","FLS0799","27/10/1996","Guilty",NA,205,"Nick Pellicciotto","Warren Russell-Smith","DAT","Very Good","Make Up, Atomic Fireball",NA,"1996 US/Japan/Hong Kong/Australia Tour","Tokyo",NA,"Japan","Intro","Merchandise","Turnover","Repeater","Caustic Acrostic","Interlude 1","Birthday Pony","Downed City","Shut the Door","Give Me The Cure","Bed For The Scraping","No Surprise","Five Corporations","Target","Instrument","Encore 1","Version","Do You Like Me","Encore 2","By You","Waiting Room",NA,NA,NA,NA,NA,NA,NA,NA,NA,NA,NA,NA,NA,NA,NA,NA,NA,NA,NA
"tokyo-japan-102896","FLS0800","28/10/1996","Guilty",NA,332,"Nick Pellicciotto","Warren Russell-Smith","DAT","Excellent","Make Up, Bloodthirsty Butchers, Naht, Eastern Youth",NA,"1996 US/Japan/Hong Kong/Australia Tour","Tokyo","","Japan","Intro","Guilford Fall Instrumental","Bed For The Scraping","Interlude 1","Smallpox Champion","Facet Squared","Do You Like Me","Reclamation","Floating Boy Instrumental","Blueprint","Waiting Room","Bulldog Front","Interlude 2","By You","Long Division","Fell, Destroyed","Five Corporations","Target","Promises","Birthday Pony","No Surprise","Version","Glueman","Outro",NA,NA,NA,NA,NA,NA,NA,NA,NA,NA,NA,NA,NA,NA,NA,NA
"sapporo-japan-103096","FLS0801","30/10/1996","Counteraction",NA,150,"Nick Pellicciotto","Fugazi","DAT","Very Good","Cowpers, Thugs, Aeroscream","Previously released on CD (FLS14).","1996 US/Japan/Hong Kong/Australia Tour","Sapporo",NA,"Japan","Intro","Birthday Pony","Downed City","Merchandise","Walken's Syndrome","Reclamation","Target","Five Corporations","Margin Walker","Song #1","No Surprise","By You","Bed For The Scraping","Do You Like Me","Long Division","Blueprint","Floating Boy","Waiting Room","Forensic Scene",NA,NA,NA,NA,NA,NA,NA,NA,NA,NA,NA,NA,NA,NA,NA,NA,NA,NA,NA,NA,NA
"sapporo-japan-103196","FLS0802","31/10/1996","Bessie",NA,150,"Nick Pellicciotto","Warren Russell-Smith","DAT","Very Good","Slang, Bonescratch",NA,"1996 US/Japan/Hong Kong/Australia Tour","Sapporo",NA,"Japan","Facet Squared","Public Witness Program","And The Same","Turnover","Interlude 1","Five Corporations","Caustic Acrostic","Interlude 2","Instrument","Target","Suggestion","Give Me The Cure","Bed For The Scraping","Downed City","Great Cop","Rend It","Back To Base","Do You Like Me","Interlude 3","Floating Boy Instrumental","Repeater","Interlude 4","By You","Interlude 5","Fell, Destroyed","Sweet and Low","Outro",NA,NA,NA,NA,NA,NA,NA,NA,NA,NA,NA,NA,NA
"hong-kong-hong-kong-110296","FLS0803","02/11/1996","South Island School Hall",NA,400,"Nick Pellicciotto","Fugazi","DAT","Very Good","Sisters of Sharon","Previously released on CD (FLS15).","1996 US/Japan/Hong Kong/Australia Tour","Hong Kong",NA,"Hong Kong","Place Position","Cassavetes","Interlude 1","Birthday Pony","Sieve-Fisted Find","And The Same","Public Witness Program","Merchandise","Target","Bed For The Scraping","Margin Walker","Waiting Room","No Surprise","Long Division","Runaway Return","Facet Squared","Floating Boy","Two Beats Off","Great Cop","Blueprint","Instrument","By You","Do You Like Me",NA,NA,NA,NA,NA,NA,NA,NA,NA,NA,NA,NA,NA,NA,NA,NA,NA
"hong-kong-hong-kong-110396","FLS0804","03/11/1996","Kowloon Park",NA,200,NA,NA,NA,NA,"That Guy's Belly, Maze, Venue","Free Show in the Park","1996 US/Japan/Hong Kong/Australia Tour","Hong Kong","","Hong Kong",NA,NA,NA,NA,NA,NA,NA,NA,NA,NA,NA,NA,NA,NA,NA,NA,NA,NA,NA,NA,NA,NA,NA,NA,NA,NA,NA,NA,NA,NA,NA,NA,NA,NA,NA,NA,NA,NA,NA,NA
"kuala-lumpur-malaysia-110696","FLS0805","06/11/1996","Fire Club",NA,800,"Nick Pellicciotto","Fugazi","DAT","Very Good",NA,NA,"1996 US/Japan/Hong Kong/Australia Tour","Kuala Lumpur",NA,"Malaysia","Birthday Pony","Sieve-Fisted Find","Facet Squared","Do You Like Me","Reclamation","Margin Walker","Song #1","Give Me The Cure","Waiting Room","Interlude 1","By You","Interlude 2","Target","Bed For The Scraping","Floating Boy Instrumental","No Surprise","Long Division","Blueprint","Interlude 3","Repeater","Encore 1","Rend It","Promises","Smallpox Champion","Back to Base","Forensic Scene","Encore 2","Instrument","Cassavetes","Merchandise","Sweet and Low","Downed City",NA,NA,NA,NA,NA,NA,NA,NA
"singapore-singapore-110896","FLS0806","08/11/1996","Fire Club",NA,800,"Nick Pellicciotto","Warren Russell-Smith","DAT","Good","Stomping Ground","Recorder was started late and turned off for the encore. Alas.","1996 US/Japan/Hong Kong/Australia Tour","Singapore","","Singapore","Joe #1","Blueprint","Interlude 1","Styrofoam","Do You Like Me","Reclamation","Lockdown","Interlude 2","Stacks","Latin Roots","Shut The Door","Target","Bed For The Scraping","No Surprise","Interlude 3","Five Corporations","Margin Walker","Waiting Room","interlude 4","Rend It","Repeater","Outro",NA,NA,NA,NA,NA,NA,NA,NA,NA,NA,NA,NA,NA,NA,NA,NA,NA,NA
"perth-australia-111096","FLS0807","10/11/1996","Univ. of West Australia",NA,NA,"Nick Pellicciotto","Warren Russell-Smith","DAT","Very Good","Beaverloop, Blue Tile Lounge",NA,"1996 US/Japan/Hong Kong/Australia Tour","Perth","","Australia","Intro","Birthday Pony","Sieve-Fisted Find","Reclamation","Do You Like Me","Interlude 1","Great Cop","Target","Bed For The Scraping","Give Me The Cure","Suggestion","By You","Floating Boy Instrumental","Forensic Scene","Long Division","Blueprint","Encore","Five Corporations","Downed City","Instrument","Rend It","Sweet And Low","Outro",NA,NA,NA,NA,NA,NA,NA,NA,NA,NA,NA,NA,NA,NA,NA,NA,NA
"adelaide-australia-111296","FLS0808","12/11/1996","Adelaide University",NA,NA,"Nick Pellicciotto","Jerry Busher","DAT","Very Good","Test Eagles, Sin Dog Jellyroll",NA,"1996 US/Japan/Hong Kong/Australia Tour","Adelaide","","Australia","Intro","Guilford Fall","Facet Squared","Public Witness Program","Bed For The Scraping","Target","Merchandise","Place Position","Long Division","Margin Walker","Bad Mouth","Interlude 1","By You","Forensic Scene","Interlude 2","Promises","Interlude 3","Smallpox Champion","Birthday Pony","No Surprise","Interlude 4","KYEO","Blueprint","Do You Like Me","Reclamation","Downed City","Interlude 5","Repeater","Outro",NA,NA,NA,NA,NA,NA,NA,NA,NA,NA,NA
"hobart-tz-australia-111396","FLS0809","13/11/1996","Sapphire Ballroom",NA,450,"Andy Hazel",NA,"VHS audio","Very Good","50 Million Clowns, Honey Pet",NA,"1996 US/Japan/Hong Kong/Australia Tour","Hobart","TZ","Australia","Intro","Do You Like Me","Styrofoam","Downed City","Reclamation","Turnover","Bed For The Scraping","Cassavetes","Shut the Door","Interlude 1","No Surprise","Long Division","Target","Song #1","Give Me The Cure","Interlude 2","Forensic Scene","Encore","Long Distance Runner","Version","Glueman",NA,NA,NA,NA,NA,NA,NA,NA,NA,NA,NA,NA,NA,NA,NA,NA,NA,NA,NA
"sydney-nsw-australia-111596","FLS0810","15/11/1996","Sydney University",NA,1000,"Nick Pellicciotto","Warren Russell-Smith","DAT","Excellent","Tweezer, Mothra",NA,"1996 US/Japan/Hong Kong/Australia Tour","Sydney","NSW","Australia","Intro","Cassavetes","And The Same","Do You Like Me","Facet Squared","Margin Walker","Bed For The Scraping","Target","Interlude 1","Promises","Rend It","Song #1","Interlude 2","By You","Floating Boy","Blueprint","Reclamation","Encore 1","No Surprise","Suggestion","Version","Repeater","Encore 2","Downed City","Merchandise","Forensic Scene",NA,NA,NA,NA,NA,NA,NA,NA,NA,NA,NA,NA,NA,NA
"newcastle-australia-111696","FLS0811","16/11/1996","Cambridge Hotel",NA,550,"Nick Pellicciotto","Warren Russell-Smith","DAT","Very Good","Wash, No Reason",NA,"1996 US/Japan/Hong Kong/Australia Tour","Newcastle",NA,"Australia","Intro","Guilford Fall Instrumental","Stacks","Downed City","Styrofoam","Caustic Acrostic","Interlude 1","Birthday Pony","Two Beats Off","Returning The Screw","Interlude 2","Smallpox Champion","Interlude 3","Burning Too","Burning","Interlude 4","By You","Long Division","Target","Bed For The Scraping","No Surprise","Sweet and Low","Instrument","Encore 1","Do You Like Me","Five Corporations","Public Witness Program","Floating Boy Instrumental","KYEO",NA,NA,NA,NA,NA,NA,NA,NA,NA,NA,NA
"sydney-australia-111796","FLS1052","17/11/1996","Metro Theatre",NA,NA,"ANON","Warren Russell-Smith",NA,"Very Good","Midget","There is some strange tone, perhaps an audio effect malfunctioning, on Rend It and at the beginning of Back to Base.","1996 US/Japan/Hong Kong/Australia Tour","Sydney","NSW","Australia","Intro","Smallpox Champion","Reclamation","Walken's Syndrome","Bed For The Scraping","Margin Walker","Waiting Room","Blueprint","Interlude 1","Birthday Pony","Target","Long Division","Last Chance for a Slow Dance","By You","Instrument","Do You Like Me","Encore","Shut the Door","Rend It","Back To Base","Fell, Destroyed","Sweet and Low","Encore 2","Glueman",NA,NA,NA,NA,NA,NA,NA,NA,NA,NA,NA,NA,NA,NA,NA,NA
"wollongong-australia-111896","FLS1054","18/11/1996","Youth Centre",NA,NA,NA,NA,NA,NA,"Shifter, Tripe",NA,"1996 US/Japan/Hong Kong/Australia Tour","Wollongong","","Australia",NA,NA,NA,NA,NA,NA,NA,NA,NA,NA,NA,NA,NA,NA,NA,NA,NA,NA,NA,NA,NA,NA,NA,NA,NA,NA,NA,NA,NA,NA,NA,NA,NA,NA,NA,NA,NA,NA,NA,NA
"baltimore-md-usa-42997","FLS0812","29/04/1997","University of Maryland Baltimore","Free",300,NA,NA,NA,NA,"Prisoner of Conscience, Top Notch","Benefit for ?","1997 Spring Regional Dates","Baltimore","MD","USA",NA,NA,NA,NA,NA,NA,NA,NA,NA,NA,NA,NA,NA,NA,NA,NA,NA,NA,NA,NA,NA,NA,NA,NA,NA,NA,NA,NA,NA,NA,NA,NA,NA,NA,NA,NA,NA,NA,NA,NA
"new-york-city-ny-usa-50197","FLS0813","01/05/1997","Palladium","5",3000,"John Fazio",NA,"Cassette","Good","Branch Manager, Monorchid",NA,"1997 East Coast USA Tour","New York","NY","USA","Intro","Do You Like Me","Bed For The Scraping","Cassavetes","Interlude 1","Five Corporations","Place Position","Reclamation","Margin Walker","Song #1","Interlude 2","Floating Boy","Long Division","Blueprint","Merchandise","Interlude 3","Recap Modotti","No Surprise","Pink Frosty","Target","Instrument","Encore 1","Give Me The Cure","Suggestion","Version","Encore 2","By You","Smallpox Champion","Waiting Room","Bad Mouth","Outro",NA,NA,NA,NA,NA,NA,NA,NA,NA
"new-york-city-ny-usa-50297","FLS0814","02/05/1997","NYU Loeb Center","5",1000,"Nick Pellicciotto","Fugazi","DAT","Very Good","Branch Manager","Previously released on CD (FLS16).","1997 East Coast USA Tour","New York","NY","USA","Intro","Birthday Pony","Latin Roots","Facet Squared","Public Witness Program","Break","No Surprise","Shut the Door","Target","Brendan #1","Bed For The Scraping","FD","By You","Five Corporations","Sieve-Fisted Find","Great Cop","Lockdown","Burning Too","Floating Boy","Pink Frosty","Interlude 1","Turnover","Repeater","Forensic Scene","Sweet and Low","KYEO","Arpeggiator","Rend It","Reclamation",NA,NA,NA,NA,NA,NA,NA,NA,NA,NA,NA
"philadelphia-pa-usa-50397","FLS0815","03/05/1997","Electric Factory","6",2900,"Nick Pellicciotto","Warren Russell-Smith","DAT","Good","Branch Manager, Skeleton Key",NA,"1997 East Coast USA Tour","Philadelphia","PA","USA","Intro","Joe #1","And The Same","Do You Like Me","Merchandise","Target","Interlude 1","Bed For The Scraping","Place Position","Break","Bulldog Front","Waiting Room","Interlude 2","No Surprise","Recap Modotti","Long Division","Blueprint","Promises","Floating Boy","Instrument","Downed City","Encore","Pink Frosty","Interlude 3","Smallpox Champion","Reclamation","Sieve-Fisted Find","Repeater","Outro",NA,NA,NA,NA,NA,NA,NA,NA,NA,NA,NA
"durham-nh-usa-50497","FLS0816","04/05/1997","University of New Hampshire M.U.B.","5",900,"Nick Pellicciotto","Warren Russell-Smith","DAT","Very Good","Branch Manager",NA,"1997 East Coast USA Tour","Durham","NH","USA","Intro","Birthday Pony","Do You Like Me","Merchandise","Interlude 1","Place Position","Bed For The Scraping","Interlude 2","Turnover","Facet Squared","Nice New Outfit","Interlude 3","Five Corporations","Public Witness Program","Interlude 4","Repeater","Margin Walker","Waiting Room","No Surprise","Recap Modotti","Promises","Fell, Destroyed","Long Division","Target","Great Cop","Rend It","Reclamation","FD","Long Distance Runner","Reprovisional",NA,NA,NA,NA,NA,NA,NA,NA,NA,NA
"clinton-ma-usa-50597","FLS0817","05/05/1997","St. John's Gym","6",850,"Nick Pellicciotto","Warren Russell-Smith","DAT","Good","Branch Manager, Cast Iron Hike",NA,"1997 East Coast USA Tour","Clinton","MA","USA","Intro","Merchandise","Walken's Syndrome","Bed For The Scraping","Do You Like Me","Reclamation","Two Beats Off","Interlude 1","Break","Blueprint","Waiting Room","Bulldog Front","Interlude 2","Shut The Door","Floating Boy","Long Division","Rend It","By You","Interlude 3","Back to Base","Target","Birthday Pony","No Surprise","Arpeggiator","Pink Frosty","Last Chance For A Slow Dance","Instrument",NA,NA,NA,NA,NA,NA,NA,NA,NA,NA,NA,NA,NA
"providence-ri-usa-50697","FLS0818","06/05/1997","Lupo's Heartbreak Hotel","6",1200,"Nick Pellicciotto","Warren Russell-Smith","DAT","Very Good","Branch Manager","Pink Frosty cuts off.","1997 East Coast USA Tour","Providence","RI","USA","Intro","Facet Squared","Exit Only","Styrofoam","Do You Like Me","Interlude 1","And The Same","Place Position","Five Corporations","Interlude 2","Margin Walker","Bad Mouth","Interlude 3","Target","Bed For The Scraping","Floating Boy","Promises","Interlude 4","Smallpox Champion","Interlude 5","Recap Modotti","By You","Interlude 6","Great Cop","Public Witness Program","Waiting Room","No Surprise","Long Division","Cassavetes","Instrument","Stacks","Blueprint","Pink Frosty",NA,NA,NA,NA,NA,NA,NA
"canberra-australia-61397","FLS0819","13/06/1997","Anu Bar",NA,NA,"Nick Pellicciotto","Warren Russell-Smith","DAT","Very Good",NA,NA,"1997 Summer Australia/New Zealand Tour","Canberra",NA,"Australia","Intro","Merchandise","Do You Like Me","Reclamation","Place Position","Interlude 1","Birthday Pony","Nice New Outfit","Break","Floating Boy","Bed for the Scraping","Target","Interlude 2","Five Corporations","Margin Walker","Song #1","Interlude 3","No Surprise","Interlude 4","Shut The Door","Recap Modotti","Long Division","Rend it","Encore 1","Pink Frosty","Blueprint","Repeater","FD","Facet Squared","Downed City","Great Cop",NA,NA,NA,NA,NA,NA,NA,NA,NA
"sydney-australia-61497","FLS0820","14/06/1997","Manly Youth Center",NA,NA,"Nick Pellicciotto","Warren Russell-Smith","DAT","Good",NA,NA,"1997 Summer Australia/New Zealand Tour","Sydney",NA,"Australia","Intro","Facet Squared","Do You Like Me","Styrofoam","Dear Justice Letter","Bed For The Scraping","Target","Interlude 1","Promises","Give me the Cure","Bad Mouth","Floating Boy","Long Division","Cassavetes","Merchandise","Place Position","By You","Stacks","Two Beats Off","No Surprise","Pink Frosty","Outro",NA,NA,NA,NA,NA,NA,NA,NA,NA,NA,NA,NA,NA,NA,NA,NA,NA,NA
"sydney-australia-61597","FLS0821","15/06/1997","Metro Theatre",NA,NA,"Nick Pellicciotto","Warren Russell-Smith","DAT","Poor",NA,"The music played between bands is not turned off and overlays the first ten or so songs. Furthermore, the recording is incomplete.","1997 Summer Australia/New Zealand Tour","Sydney","","Australia","Smallpox Champion","Bed for the Scraping","Guilford Fall","Reclamation","Do You Like Me","Interlude 1","And the Same","Floating Boy","Pink Frosty","Forensic Scene","Suggestion","Lockdown","Song #1","Target","Birthday Pony","By You","Rend It","Arpeggiator","Repeater","Turnover","Long Division","Blueprint","No Surprise","Waiting Room","Glueman",NA,NA,NA,NA,NA,NA,NA,NA,NA,NA,NA,NA,NA,NA,NA
"melbourne-australia-61797","FLS0822","17/06/1997","Lava Lounge",NA,NA,"Nick Pellicciotto","Fugazi","DAT","Very Good",NA,NA,"1997 Summer Australia/New Zealand Tour","Melbourne",NA,"Australia","Intro","Back to Base","Sieve-Fisted Find","Interlude 1","Merchandise","Target","Reclamation","Floating Boy","Long Division","Do You Like Me","Waiting Room","Margin Walker","Interlude 2","Break","No Surprise","Bed For The Scraping","Interlude 3","Blueprint","Promises","Forensic Scene","Pink Frosty","Encore 1","Suggestion","Interlude 4","By You","Encore 2","Fell, Destroyed","KYEO","Sweet and Low","Outro",NA,NA,NA,NA,NA,NA,NA,NA,NA,NA
"melbourne-australia-61897","FLS0823","18/06/1997","Lava Lounge",NA,NA,"Nick Pellicciotto","Fugazi","DAT","Excellent",NA,NA,"1997 Summer Australia/New Zealand Tour","Melbourne",NA,"Australia","Exit Only","And The Same","Public Witness Program","Styrofoam","Interlude 1","Place Position","Song #1","Give Me The Cure","Bad Mouth","Floating Boy","Shut the Door","Turnover","Interlude 2","Bed For The Scraping","Target","Five Corporations","Interlude 3","Last Chance for a Slow Dance","Interlude 4","Repeater","Encore 1","Blueprint","Instrument","Closed Captioned Instrumental","Version","Encore 2","Waiting Room","Brendan #1","Long Division","Outro",NA,NA,NA,NA,NA,NA,NA,NA,NA,NA
"ballarat-australia-61997","FLS0824","19/06/1997","Old YMCA",NA,NA,"Nick Pellicciotto","Warren Russell-Smith","DAT","Very Good",NA,"Who threw the water?","1997 Summer Australia/New Zealand Tour","Ballarat","","Australia","Intro","Merchandise","Interlude 1","Walken's Syndrome","Reclamation","Latin Roots","Interlude 2","Back To Base","Nice New Outfit","Interlude 3","Recap Modotti","Interlude 4","Five Corporations","Do You Like Me","Waiting Room","Bulldog Front","Suggestion","Floating Boy","Pink Frosty","Target","Bed For The Scraping","Rend It","Facet Squared","Public Witness Program","Repeater","Arpeggiator","Outro",NA,NA,NA,NA,NA,NA,NA,NA,NA,NA,NA,NA,NA
"geelong-australia-62097","FLS0825","20/06/1997","Courthouse",NA,NA,"Nick Pellicciotto","Warren Russell-Smith","DAT","Very Good",NA,"Beginning of show cut off.","1997 Summer Australia/New Zealand Tour","Geelong","","Australia","Styrofoam","Runaway Return","Interlude 1","Stacks","Target","Interlude 2","Bed For The Scraping","No Surprise","Pink Frosty","Two Beats Off","Great Cop","Sieve-Fisted Find","Interlude 3","Shut the Door","Smallpox Champion","Reclamation","Interlude 4","Walken's Syndrome","Long Distance Runner","Forensic Scene","Outro",NA,NA,NA,NA,NA,NA,NA,NA,NA,NA,NA,NA,NA,NA,NA,NA,NA,NA,NA
"brisbane-australia-62197","FLS0826","21/06/1997","Roxy",NA,NA,"Nick Pellicciotto","Warren Russell-Smith","DAT","Very Good",NA,"Recording has some crackles during the first couple of songs.","1997 Summer Australia/New Zealand Tour","Brisbane","","Australia","Intro","Birthday Pony","Sieve-Fisted Find","Merchandise","Do You Like Me","Facet Squared","Place Position","Reclamation","Target","Bad Mouth","Margin Walker","By You","Long Division","Blueprint","Bed for the Scraping","Floating Boy","Pink Frosty","Rend It","Arpeggiator","Promises","Public Witness Program","Song #1","Outro",NA,NA,NA,NA,NA,NA,NA,NA,NA,NA,NA,NA,NA,NA,NA,NA,NA
"lismore-australia-62397","FLS0827","23/06/1997","Lismore Uni",NA,NA,"Nick Pellicciotto","Warren Russell-Smith","DAT","Good",NA,NA,"1997 Summer Australia/New Zealand Tour","Lismore",NA,"Australia","Joe #1","And The Same","Walken's Syndrome","Stacks","Interlude 1","Guilford Fall","Styrofoam","Turnover","Break","Do You Like Me","Suggestion","Lockdown","Bed For The Scraping","Target","Long Division","Last Chance For A Slow Dance","Repeater","Interlude 2","Recap Modotti","Public Witness Program","Instrument","Forensic Scene","Sweet And Low","KYEO","Encore","No Surprise","Great Cop","Downed City","Outro",NA,NA,NA,NA,NA,NA,NA,NA,NA,NA,NA
"darwin-australia-62597","FLS0828","25/06/1997","Time Tavern",NA,NA,"Nick Pellicciotto","Jerry Busher","DAT","Very Good",NA,NA,"1997 Summer Australia/New Zealand Tour","Darwin",NA,"Australia","Intro","Smallpox Champion","Merchandise","Do You Like Me","Reclamation","Interlude 1","Place Position","Birthday Pony","Forensic Scene","Promises","Margin Walker","Waiting Room","Give Me The Cure","Song #1","Interlude 2","No Surprise","Long Division","Blueprint","Recap Modotti","Bed For The Scraping","Interlude 3","Target","Facet Squared","Rend It","Pink Frosty","Outro",NA,NA,NA,NA,NA,NA,NA,NA,NA,NA,NA,NA,NA,NA
"auckland-new-zealand-62797","FLS0829","27/06/1997","Powerstation",NA,NA,"Nick Pellicciotto","Warren Russell-Smith","DAT","Good",NA,"Arpeggiator is incomplete.","1997 Summer Australia/New Zealand Tour","Auckland","","New Zealand","Birthday Pony","Sieve-Fisted Find","Facet Squared","Do You Like Me","And the Same","Place Position","Bed For The Scraping","Forensic Scene","Promises","Bulldog Front","Waiting Room","By You","Floating Boy","Pink Frosty","Blueprint","Arpeggiator","Long Division","Exit Only","Instrument","Closed Captioned","Repeater",NA,NA,NA,NA,NA,NA,NA,NA,NA,NA,NA,NA,NA,NA,NA,NA,NA,NA,NA
"wellington-new-zealand-62897","FLS0830","28/06/1997","Victoria University",NA,NA,"Nick Pellicciotto","Fugazi","DAT","Very Good","Brubeck","There is some distortion at the beginning of the recording, but it settles down after a song or two. The recording is also missing the beginning and ending of the set.","1997 Summer Australia/New Zealand Tour","Wellington","","New Zealand","Merchandise","Walken's Syndrome","Facet Squared","Public Witness Program","Reclamation","Interlude 1","Do You Like Me","Suggestion","Margin Walker","Interlude 2","Recap Modotti",NA,NA,NA,NA,NA,NA,NA,NA,NA,NA,NA,NA,NA,NA,NA,NA,NA,NA,NA,NA,NA,NA,NA,NA,NA,NA,NA,NA,NA
"nelson-new-zealand-62997","FLS0831","29/06/1997","Nelson Arts Centre",NA,NA,"Nick Pellicciotto","Warren Russell-Smith","DAT","Very Good",NA,NA,"1997 Summer Australia/New Zealand Tour","Nelson",NA,"New Zealand","Intro","Instrument","Styrofoam","Latin Roots","Interlude 1","Facet Squared","Nice New Outfit","Interlude 2","Birthday Pony","Downed City","Shut the Door","Target","Reclamation","FD","Waiting Room","Give Me the Cure","Interlude 4","By You","Long Division","Do You Like Me","Bed For The Scraping","Encore 1","Long Distance Runner","Two Beats Off","Encore 2","Merchandise","Sieve-Fisted Find","Outro",NA,NA,NA,NA,NA,NA,NA,NA,NA,NA,NA,NA
"dunedin-new-zealand-70197","FLS0832","01/07/1997","Room",NA,NA,"Nick Pellicciotto","Fugazi","DAT","Very Good",NA,"Previously released on CD (FLS17).","1997 Summer Australia/New Zealand Tour","Dunedin",NA,"New Zealand","Intro","Break","Sieve-Fisted Find","Facet Squared","Do You Like Me","Reclamation","Dear Justice Letter","Long Division","Floating Boy","Promises","Target","Recap Modotti","Bed For The Scraping","Fell, Destroyed","Pink Frosty","Rend It","Suggestion","Margin Walker","Bad Mouth","Interlude 1","Smallpox Champion","Sweet and Low",NA,NA,NA,NA,NA,NA,NA,NA,NA,NA,NA,NA,NA,NA,NA,NA,NA,NA
"christchurch-new-zealand-70297","FLS0833","02/07/1997","Caledonian Hall",NA,NA,"Nick Pellicciotto","Warren Russell-Smith","DAT","Poor",NA,"This recording is incomplete and suffers from technical problems.","1997 Summer Australia/New Zealand Tour","Christchurch","","New Zealand","Intro","Turnover","And the Same","Latin Roots","Interlude 1","Bed for the Scraping","Two Beats Off","Merchandise","Floating Boy","Returning The Screw","Smallpox Champion","Birthday Pony","Forensic Scene","Long Division",NA,NA,NA,NA,NA,NA,NA,NA,NA,NA,NA,NA,NA,NA,NA,NA,NA,NA,NA,NA,NA,NA,NA,NA,NA,NA
"piracicaba-brazil-80597","FLS0834","05/08/1997","Blue Galeria",NA,450,"Nick Pellicciotto","Warren Russell-Smith","DAT","Poor","Killing Chainsaws","DJ music plays during the first 14 songs, but the end of the set sounds good.","1997 Summer Brazil/S. America Tour","Piracicaba","","Brazil","Sieve-Fisted Find","Facet Squared","Do You Like Me","And The Same","Floating Boy","Bed For The Scraping","Interlude 1","Walken's Syndrome","Reclamation","Margin Walker","Waiting Room","Interlude 2","Pink Frosty","Target","Merchandise","Place Position","Promises","Forensic Scene","Interlude 3","By You","Birthday Pony","Public Witness Program","Great Cop","Blueprint","KYEO",NA,NA,NA,NA,NA,NA,NA,NA,NA,NA,NA,NA,NA,NA,NA
"sao-paulo-brazil-80697","FLS0835","06/08/1997","Broadway",NA,950,"Nick Pellicciotto","Warren Russell-Smith","DAT","Very Good",NA,NA,"1997 Summer Brazil/S. America Tour","Sao Paulo","","Brazil","Intro","Smallpox Champion","Merchandise","Do You Like Me","Interlude 1","Reclamation","Give Me The Cure","Suggestion","Target","Break","Blueprint","Facet Squared","Downed City","Long Division","No Surprise","Shut the Door","Encore 1","Recap Modotti","Rend It","Bed For The Scraping","Last Chance For A Slow Dance","Waiting Room","Version","Glueman","Outro",NA,NA,NA,NA,NA,NA,NA,NA,NA,NA,NA,NA,NA,NA,NA
"vitoria-brazil-80797","FLS0836","07/08/1997","Camburi Clube",NA,250,"Nick Pellicciotto","Jerry Busher","DAT","Very Good","Turtle Creek, E",NA,"1997 Summer Brazil/S. America Tour","Vitoria",NA,"Brazil","And The Same","Sieve-Fisted Find","Merchandise","Interlude 1","By You","Margin Walker","Waiting Room","Interlude 2","Guilford Fall","Long Division","Cassavetes","Instrument","Do You Like Me","Bed For The Scraping","Turnover","Great Cop","Public Witness Program","Encore 1","Bad Mouth","Give Me The Cure","Reclamation","Outro",NA,NA,NA,NA,NA,NA,NA,NA,NA,NA,NA,NA,NA,NA,NA,NA,NA,NA
"brasilia-brazil-80997","FLS0837","09/08/1997","Teatro Garagem Do Sesc",NA,150,"Nick Pellicciotto","Warren Russell-Smith","DAT","Good","Ard, Sem Destino",NA,"1997 Summer Brazil/S. America Tour","Brasilia",NA,"Brazil","Intro","Joe #1","Merchandise","Target","And The Same","Sieve-Fisted Find","Reclamation","Place Position","Bed For The Scraping","Do You Like Me","Interlude 1","Waiting Room","Bulldog Front","Song #1","Margin Walker","Long Division","Two Beats Off","Interlude 2","Stacks","By You","Interlude 3","Downed City","Great Cop","Public Witness Program","Promises",NA,NA,NA,NA,NA,NA,NA,NA,NA,NA,NA,NA,NA,NA,NA
"brasilia-brazil-81097","FLS0838","10/08/1997","Teatro Garagem Do Sesc",NA,150,"Nick Pellicciotto","Warren Russell-Smith","DAT","Very Good","Succulent Fly, Sem Destino",NA,"1997 Summer Brazil/S. America Tour","Brasilia",NA,"Brazil","Intro","Turnover","Facet Squared","Nice New Outfit","Interlude 1","Birthday Pony","Rend It","Greed","Guilford Fall","Break","Break-In","Bad Mouth","Lockdown","Suggestion","Give Me the Cure","Interlude 3","Recap Modotti","Instrument","Floating Boy","Sweet And Low","Repeater","Encore 1","Blueprint","Waiting Room","Encore 2","Forensic Scene","Arpeggiator","Shut The Door",NA,NA,NA,NA,NA,NA,NA,NA,NA,NA,NA,NA
"londrina-brazil-81397","FLS0839","13/08/1997","Kawale",NA,700,NA,NA,NA,NA,"Magic Balloon, Core",NA,"1997 Summer Brazil/S. America Tour","Londrina",NA,"Brazil",NA,NA,NA,NA,NA,NA,NA,NA,NA,NA,NA,NA,NA,NA,NA,NA,NA,NA,NA,NA,NA,NA,NA,NA,NA,NA,NA,NA,NA,NA,NA,NA,NA,NA,NA,NA,NA,NA,NA,NA
"curitiba-brazil-81497","FLS0840","14/08/1997","92 Graus",NA,600,"Nick Pellicciotto","Warren Russell-Smith","DAT","Good","Magneticos",NA,"1997 Summer Brazil/S. America Tour","Curitiba","","Brazil","Intro","Smallpox Champion","Merchandise","Place Position","And The Same","Do You Like Me","Facet Squared","Rend It","Suggestion","Lockdown","Waiting Room","Recap Modotti","Interlude 1","Forensic Scene","Promises","Target","Long Division","Public Witness Program","Great Cop","Interlude 2","Break","Blueprint","Bed For The Scraping","Floating Boy","Stacks","Last Chance For A Slow Dance","Outro",NA,NA,NA,NA,NA,NA,NA,NA,NA,NA,NA,NA,NA
"joinville-brazil-81597","FLS0841","15/08/1997","Liga da Sociedade Joinvilense",NA,350,"Nick Pellicciotto","Jerry Busher","DAT","Very Good","Magneticos, Enzima Ruthless, Butt Spencer",NA,"1997 Summer Brazil/S. America Tour","Joinville","","Brazil","Intro","Cassavetes","Merchandise","Sieve-Fisted Find","Facet Squared","Dear Justice Letter","Reclamation","Target","Promises","Fell, Destroyed","Bed For The Scraping","Margin Walker","Bad Mouth","Bulldog Front","Waiting Room","By You","Interlude 1","Place Position","Birthday Pony","Do You Like Me","Repeater","Interlude 2","KYEO","Latin Roots","Long Distance Runner","Reprovisional",NA,NA,NA,NA,NA,NA,NA,NA,NA,NA,NA,NA,NA,NA
"belo-horizonte-brazil-81697","FLS0842","16/08/1997","Trash",NA,NA,"Nick Pellicciotto","Warren Russell-Smith","DAT","Very Good","Heffer",NA,"1997 Summer Brazil/S. America Tour","Belo Horizonte",NA,"Brazil","Birthday Pony","Public Witness Program","Great Cop","Do You Like Me","Interlude 1","Reclamation","Walken's Syndrome","Long Division","Target","Bed for the Scraping","Bulldog Front","Suggestion","Give Me the Cure","Waiting Room","By You","No Surprise","Break","Blueprint","Merchandise","Cassavetes","Promises","Rend It","Facet Squared","FD","Arpeggiator","Stacks","Forensic Scene","Sweet and Low","Repeater",NA,NA,NA,NA,NA,NA,NA,NA,NA,NA,NA
"campinas-brazil-81997","FLS0843","19/08/1997","Assampi",NA,800,"ANON","Warren Russell-Smith","VHS audio","Poor","Twelve Bands",NA,"1997 Summer Brazil/S. America Tour","Campinas",NA,"Brazil","Intro","Merchandise","Do You Like Me","Greed","Target","Interlude 1","Reclamation","Interlude 2","Runaway Return","Interlude 3","And The Same","Public Witness Program","Song #1","Burning","Waiting Room","Interlude 4","Forensic Scene","Long Division","Reprovisional","Sweet and Low","Outro",NA,NA,NA,NA,NA,NA,NA,NA,NA,NA,NA,NA,NA,NA,NA,NA,NA,NA,NA
"santos-brazil-82097","FLS0844","20/08/1997","Bar do 3",NA,500,"Nick Pellicciotto","Warren Russell-Smith","DAT","Excellent","Garage Fuzz, Againe","Last song is incomplete.","1997 Summer Brazil/S. America Tour","Santos","","Brazil","Intro","Smallpox Champion","Facet Squared","Interlude 1","Place Position","Styrofoam","Public Witness Program","Interlude 2","Bed For The Scraping","Target","Break","Blueprint","Promises","Forensic Scene","Reclamation","Margin Walker","Waiting Room","Break-In","Bad Mouth","By You","FD","Great Cop","Sieve-Fisted Find","KYEO","Two Beats Off","Long Division","Cassavetes","Repeater","Floating Boy","Sweet And Low",NA,NA,NA,NA,NA,NA,NA,NA,NA,NA
"buenos-aires-argentina-82297","FLS0845","22/08/1997","Superclub",NA,1100,NA,NA,NA,NA,"Massacre, Dixie Dynamite, plus four others",NA,"1997 Summer Brazil/S. America Tour","Buenos Aires",NA,"Argentina",NA,NA,NA,NA,NA,NA,NA,NA,NA,NA,NA,NA,NA,NA,NA,NA,NA,NA,NA,NA,NA,NA,NA,NA,NA,NA,NA,NA,NA,NA,NA,NA,NA,NA,NA,NA,NA,NA,NA,NA
"santiago-chile-82397","FLS0846","23/08/1997","Laberinto",NA,700,NA,NA,NA,NA,"Super Sordo",NA,"1997 Summer Brazil/S. America Tour","Santiago",NA,"Chile",NA,NA,NA,NA,NA,NA,NA,NA,NA,NA,NA,NA,NA,NA,NA,NA,NA,NA,NA,NA,NA,NA,NA,NA,NA,NA,NA,NA,NA,NA,NA,NA,NA,NA,NA,NA,NA,NA,NA,NA
"washington-dc-usa-82997","FLS0847","29/08/1997","Fort Reno","Free",2500,"ANON","Warren Russell-Smith","DAT","Very Good","Crom Tech","Some tracks are incomplete. If anyone has a complete master of this recording, please send it in.","1997 Summer/Fall Regional Dates","Washington","DC","USA","Intro","Birthday Pony","Do You Like Me","Merchandise","Place Position","Break","Rend It","Reclamation","Floating Boy","Long Division","Burning","Song #1","Target","Bed For The Scraping","FD","Pink Frosty","Forensic Scene","By You","Encore","Repeater","Public Witness Program","Great Cop","Reprovisional","Outro",NA,NA,NA,NA,NA,NA,NA,NA,NA,NA,NA,NA,NA,NA,NA,NA
"washington-dc-usa-90397","FLS0848","03/09/1997","Wilson Center","5",NA,"Nick Pellicciotto","Fugazi","DAT","Very Good","Stigmatics, Machetres","Fugazi's 10th Anniversary Gig. A Benefit for Latin American Youth Center. Previously released on CD (FLS18).","1997 Summer/Fall Regional Dates","Washington","DC","USA","Brendan #1","Styrofoam","Latin Roots","Facet Squared","Target","And The Same","No Surprise","Break","Two Beats Off","Shut the Door","Last Chance for a Slow Dance","Long Division","Do You Like Me","Back To Base","FD","Suggestion","Break-In","By You","Pink Frosty","Floating Boy","Arpeggiator","Bed For The Scraping","Fell, Destroyed",NA,NA,NA,NA,NA,NA,NA,NA,NA,NA,NA,NA,NA,NA,NA,NA,NA
"hagerstown-md-usa-50198","FLS0849","01/05/1998","180 Club","5",350,"Nick Pellicciotto","Jerry Busher","DAT","Excellent","Quixotic, Miss Lonelyheart",NA,"1998 Spring USA Tour","Hagerstown","MD","USA","Intro","Break","Place Position","Facet Squared","Do You Like Me","And The Same","Interlude 1","Cassavetes","Five Corporations","No Surprise","Long Division","Foreman's Dog","Bed For The Scraping","Interlude 2","Target","Recap Modotti","Closed Captioned","Arpeggiator","Floating Boy","Returning the Screw","Smallpox Champion","Encore 1","Merchandise","Public Witness Program","Great Cop","Margin Walker","Suggestion",NA,NA,NA,NA,NA,NA,NA,NA,NA,NA,NA,NA,NA
"pittsburgh-pa-usa-50298","FLS0850","02/05/1998","Carnegie Mellon University","6",1300,"Nick Pellicciotto","Warren Russell-Smith","DAT","Very Good","Quixotic, Burning Airlines","Played in the Rangos Ballroom. The show was a benefit for the CMU Radio Station Tower Fund.","1998 Spring USA Tour","Pittsburgh","PA","USA","Intro","Birthday Pony","Place Position","Styrofoam","Bulldog Front","Reclamation","Guilford Fall","Break","Blueprint","Recap Modotti","By You","Arpeggiator","Closed Captioned","Two Beats Off","Bed for the Scraping","FD","Pink Frosty","Rend It","Burning","Waiting Room","No Surprise","KYEO","Outro",NA,NA,NA,NA,NA,NA,NA,NA,NA,NA,NA,NA,NA,NA,NA,NA,NA
"columbus-oh-usa-50398","FLS0851","03/05/1998","Newport","6",1200,"Nick Pellicciotto","Warren Russell-Smith","DAT","Very Good","Quixotic, Scrawl","Merchandise and Waiting Room are both cut off.","1998 Spring USA Tour","Columbus","OH","USA","Merchandise","Place Position","And The Same","Public Witness Program","Back to Base","Interlude 1","Foreman's Dog","Recap Modotti","Long Division","Blueprint","Closed Captioned","Floating Boy","Reclamation","Do You Like Me","Five Corporations","Rend It","Arpeggiator","Encore 1","Waiting Room","FD","Break","No Surprise","Promises","Encore 2","Last Chance For A Slow Dance","Great Cop","Walken's Syndrome","Bed for the Scraping","Reprovisional","Outro",NA,NA,NA,NA,NA,NA,NA,NA,NA,NA
"kent-oh-usa-50498","FLS0852","04/05/1998","Kent State University","Free",1400,"Nick Pellicciotto","Warren Russell-Smith","DAT","Good","Quixotic, Blonde Redhead","Free show to mark the 28th anniversary of student shootings at Kent State.","1998 Spring USA Tour","Kent","OH","USA","Facet Squared","Guilford Fall","Break","Latin Roots","Interlude 1","Stacks","Recap Modotti","No Surprise","Arpeggiator","Merchandise","Target","Five Corporations","Place Position","Long Division","Forensic Scene","KYEO","Smallpox Champion","Closed Captioned","Give Me The Cure","Burning Too","Outro",NA,NA,NA,NA,NA,NA,NA,NA,NA,NA,NA,NA,NA,NA,NA,NA,NA,NA,NA
"cleveland-oh-usa-50598","FLS0853","05/05/1998","Agora Theater","6",1000,"Nick Pellicciotto","Warren Russell-Smith","DAT","Very Good","Quixotic, Blonde Redhead",NA,"1998 Spring USA Tour","Cleveland","OH","USA","Intro","Break","Public Witness Program","Styrofoam","Caustic Acrostic","Birthday Pony","Interlude 1","Blueprint","Bed For The Scraping","Do You Like Me","Arpeggiator","Interlude 2","Closed Captioned","Floating Boy","Recap Modotti","By You","Reclamation","Burning","Waiting Room","FD","Pink Frosty","Rend It","Interlude 3","Repeater","No Surprise","Great Cop","Walken's Syndrome","Interlude 4","Back to Base","Two Beats Off",NA,NA,NA,NA,NA,NA,NA,NA,NA,NA
"cincinnati-oh-usa-50698","FLS0854","06/05/1998","Bogart's","6",1300,"David Thomas","Warren Russell-Smith","DAT","Good","Blonde Redhead, Koan",NA,"1998 Spring USA Tour","Cincinnati","OH","USA","Intro","Cassavetes","Birthday Pony","Place Position","Merchandise","Downed City","Interlude 1","Reclamation","Foreman's Dog","Break","Recap Modotti","Floating Boy","Bed For The Scraping","Do You Like Me","Waiting Room","Margin Walker","Bad Mouth","FD","Closed Captioned","Turnover","Long Division","Forensic Scene","Encore","Arpeggiator","Returning The Screw","Smallpox Champion","Interlude 2","Five Corporations","Public Witness Program","Shut the Door",NA,NA,NA,NA,NA,NA,NA,NA,NA,NA
"chicago-il-usa-50798","FLS0855","07/05/1998","Congress Theater","6",2500,"Nick Pellicciotto","Warren Russell-Smith","DAT","Good","Shellac, Blonde Redhead",NA,"1998 Spring USA Tour","Chicago","IL","USA","Intro","Break","Place Position","And The Same","Public Witness Program","Facet Squared","Do You Like Me","Birthday Pony","No Surprise","Interlude 1","Closed Captioned","Recap Modotti","Blueprint","Song #1","Burning","Pink Frosty","Arpeggiator","Floating Boy","Promises","Encore","FD","Bed For The Scraping","Downed City","Instrument","Target","Interlude 2","Back To Base","Margin Walker","Outro",NA,NA,NA,NA,NA,NA,NA,NA,NA,NA,NA
"chicago-il-usa-50898","FLS0856","08/05/1998","Congress Theater","6",3100,"ANON","Warren Russell-Smith","Cassette","Poor","Shellac, Blonde Redhead",NA,"1998 Spring USA Tour","Chicago","IL","USA","Intro","Merchandise","Cassavetes","Bed For The Scraping","Sieve-Fisted Find","Reclamation","Interlude 1","No Surprise","Closed Captioned","Arpeggiator","Interlude 2","Smallpox Champion","Returning The Screw","Interlude 3","Give Me The Cure","Waiting Room","Recap Modotti","Floating Boy","Pink Frosty","Rend It","Long Division","Do You Like Me","Encore","Break","Caustic Acrostic","Styrofoam","Public Witness Program","Five Corporations","FD","Long Distance Runner",NA,NA,NA,NA,NA,NA,NA,NA,NA,NA
"detroit-mi-usa-50998","FLS0857","09/05/1998","State Theater","6",2400,"Nick Pellicciotto","Warren Russell-Smith","DAT","Very Good","Shellac, Blonde Redhead",NA,"1998 Spring USA Tour","Detroit","MI","USA","Blueprint","Facet Squared","Dear Justice Letter","Great Cop","Walken's Syndrome","Long Division","Foreman's Dog","Five Corporations","Interlude 1","No Surprise","Recap Modotti","Break","Target","Suggestion","Burning","Closed Captioned","Forensic Scene","Pink Frosty","FD","Encore 1","Arpeggiator","Interlude 3","Promises","Glueman","Outro",NA,NA,NA,NA,NA,NA,NA,NA,NA,NA,NA,NA,NA,NA,NA
"richmond-va-usa-51198","FLS0858","11/05/1998","Floodzone","6",NA,"Nick Pellicciotto","Fugazi","DAT","Very Good","Four Hundred Years, Cranium",NA,"1998 Spring USA Tour","Richmond","VA","USA","Intro","Break","Place Position","Merchandise","Exit Only","Interlude 1","And The Same","Foreman's Dog","Interlude 2","Great Cop","Public Witness Program","Pink Frosty","Floating Boy","Closed Captioned","Recap Modotti","Rend It","Bed For The Scraping","Interlude 3","No Surprise","Long Division","Blueprint","Great Cop","Outro",NA,NA,NA,NA,NA,NA,NA,NA,NA,NA,NA,NA,NA,NA,NA,NA,NA
"baltimore-md-usa-51298","FLS0859","12/05/1998","Teamsters Hall","5",800,"Matthew Petz","Warren Russell-Smith",NA,"Poor","Lungfish, The Cranium","Benefit for Homeless Persons Representation Project","1998 Spring USA Tour","Baltimore","MD","USA","Intro","Back To Base","Do You Like Me","Reclamation","Place Position","Five Corporations","Floating Boy","Break","Burning","Burning Too","Interlude 1","No Surprise","Recap Modotti","By You","Closed Captioned","Arpeggiator","Smallpox Champion","Returning The Screw","FD","Pink Frosty","Encore","Guilford Fall","Birthday Pony","Two Beats Off",NA,NA,NA,NA,NA,NA,NA,NA,NA,NA,NA,NA,NA,NA,NA,NA
"poughkeepsie-ny-usa-71698","FLS0860","16/07/1998","Chance","6",920,"Joey Picuri","Warren Russell-Smith","DAT","Good","Blonde Redhead, Mearth",NA,"1998 Summer Canada/USA Tour","Poughkeepsie","NY","USA","Intro","Break","Place Position","Reclamation","Do You Like Me","Facet Squared","Foreman's Dog","Recap Modotti","Bed For The Scraping","Burning","Suggestion","Floating Boy","Closed Captioned","Rend It","Long Division","No Surprise","Pink Frosty","Blueprint","Encore 1","Interlude 1","Arpeggiator","Birthday Pony","Target","Repeater","FD","Sweet And Low","Outro",NA,NA,NA,NA,NA,NA,NA,NA,NA,NA,NA,NA,NA
"syracuse-ny-usa-71798","FLS0861","17/07/1998","Lost Horizon","6",450,"Joey Picuri","Jerry Busher","DAT","Good","Blonde Redhead",NA,"1998 Summer Canada/USA Tour","Syracuse","NY","USA","Intro","Target","And The Same","Caustic Acrostic","Stacks","Public Witness Program","Bed For The Scraping","Floating Boy","Interlude 1","Closed Captioned","Give Me The Cure","Waiting Room","Place Position","Five Corporations","Cassavetes","Long Division","Forensic Scene","Promises","Encore 1","Recap Modotti","Arpeggiator","Break","Guilford Fall","Encore 2","KYEO","Outro",NA,NA,NA,NA,NA,NA,NA,NA,NA,NA,NA,NA,NA,NA
"rochester-ny-usa-71898","FLS0862","18/07/1998","Harro East Ballroom","6",1200,"Joey Picuri","Warren Russell-Smith","DAT","Very Good","Blonde Redhead, Hilkka",NA,"1998 Summer Canada/USA Tour","Rochester","NY","USA","Birthday Pony","Place Position","Merchandise","Do You Like Me","Reclamation","Floating Boy","Break","Blueprint","Song #1","Burning","Interlude 1","Great Cop","Walken's Syndrome","Interlude 2","Closed Captioned","Smallpox Champion","Bed For The Scraping","Interlude 3","No Surprise","Recap Modotti","Promises","Encore","Arpeggiator","Margin Walker","Bad Mouth","Target","Five Corporations","Public Witness Program",NA,NA,NA,NA,NA,NA,NA,NA,NA,NA,NA,NA
"toronto-on-canada-71998","FLS0863","19/07/1998","Phoenix Theater","9(can)",1250,"Joey Picuri","Warren Russell-Smith","DAT","Very Good","Grade",NA,"1998 Summer Canada/USA Tour","Toronto","ON","Canada","Intro","Break","Downed City","Back to Base","Exit Only","Closed Captioned","Blueprint","Instrument","Recap Modotti","Burning","Waiting Room","Floating Boy","Pink Frosty","Target","Bed For The Scraping","Place Position","Facet Squared","Do You Like Me","Long Division","Encore 1","Arpeggiator","Caustic Acrostic","Five Corporations","Two Beats Off","Long Distance Runner","Version","Outro",NA,NA,NA,NA,NA,NA,NA,NA,NA,NA,NA,NA,NA
"ottawa-on-canada-72098","FLS0864","20/07/1998","Barrymore's","10(can)",625,"Joey Picuri","Warren Russell-Smith","DAT","Very Good","Three Penny Opera, Blake",NA,"1998 Summer Canada/USA Tour","Ottawa","ON","Canada","Intro","Arpeggiator","Five Corporations","Sieve-Fisted Find","Reclamation","No Surprise","Interlude 1","Birthday Pony","Do You Like Me","Styrofoam","Caustic Acrostic","Bed For The Scraping","Burning","Burning Too","Margin Walker","Closed Captioned","FD","Recap Modotti","Break","Last Chance For A Slow Dance","Instrument","Encore 1","Interlude 2","Merchandise","Public Witness Program","Great Cop","Place Position","Repeater","Floating Boy","Outro",NA,NA,NA,NA,NA,NA,NA,NA,NA,NA
"montreal-qc-canada-72198","FLS0865","21/07/1998","Spectrum","9(can)",650,"Joey Picuri","Warren Russell-Smith","DAT","Very Good","Ire, Nullset",NA,"1998 Summer Canada/USA Tour","Montreal","QC","Canada","Intro","Break","Exit Only","And The Same","Do You Like Me","Facet Squared","FD","Closed Captioned","Recap Modotti","Burning","Song #1","Blueprint","Bed For The Scraping","Place Position","Interlude 1","Promises","Floating Boy","Pink Frosty","Rend It","Encore 1","Arpeggiator","Back to Base","Nice New Outfit","Long Division","No Surprise","KYEO","Encore 2","Forensic Scene","Waiting Room","Public Witness Program","Outro",NA,NA,NA,NA,NA,NA,NA,NA,NA
"quebec-city-qc-canada-72298","FLS0866","22/07/1998","Centre des Loisirs Saint-Sacrement","7(can)",173,"Joey Picuri","Jerry Busher","DAT","Poor",NA,NA,"1998 Summer Canada/USA Tour","Quebec City","QC","Canada","Intro","Turnover","Facet Squared","Latin Roots","Reclamation","Guilford Fall","Break","Downed City","Bed For The Scraping","Interlude 1","Floating Boy","Waiting Room","Burning","Closed Captioned","Foreman's Dog","Interlude 2","Long Division","Blueprint","Interlude 3","Five Corporations","FD","Encore 1","Arpeggiator","Interlude 4","Great Cop","Public Witness Program","Stacks","Reprovisional","Outro",NA,NA,NA,NA,NA,NA,NA,NA,NA,NA,NA
"fredericton-nb-canada-72498","FLS0867","24/07/1998","New Maryland Recreation Center","7(can)",275,"Joey Picuri","Fugazi","DAT","Very Good","Conniption Fit, Room 101, 8 Months","Previously released on CD (FLS19).","1998 Summer Canada/USA Tour","Fredericton","NB","Canada","Intro","Break","Do You Like Me","Merchandise","Place Position","Reclamation","Downed City","Bed For The Scraping","Target","Closed Captioned","Recap Modotti","Burning","Suggestion","Give Me The Cure","Waiting Room","Arpeggiator","Guilford Fall","Facet Squared","Walken's Syndrome","Instrument","Interlude 1","Blueprint","Long Division","No Surprise","KYEO",NA,NA,NA,NA,NA,NA,NA,NA,NA,NA,NA,NA,NA,NA,NA
"halifax-ns-canada-72598","FLS0868","25/07/1998","Olympic Bingo","9(can)",800,"Joey Picuri","Warren Russell-Smith","DAT","Very Good","North of America, Equation of State",NA,"1998 Summer Canada/USA Tour","Halifax","NS","Canada","Intro","Joe #1","And The Same","Latin Roots","Five Corporations","Do You Like Me","Reclamation","Floating Boy","Promises","Interlude 1","Smallpox Champion","Break","Place Position","Song #1","Burning","Waiting Room","Interlude 2","By You","Recap Modotti","Rend It","Bed For The Scraping","Encore 1","Arpeggiator","FD","Pink Frosty","Blueprint","Encore 2","Great Cop","Public Witness Program","Closed Captioned","No Surprise","Long Division","Outro",NA,NA,NA,NA,NA,NA,NA
"portland-me-usa-72698","FLS0869","27/07/1998","Asylum","6",750,"Joey Picuri","Warren Russell-Smith","DAT","Good","Panoply Academy, 13 Ghost","Recording extremely distorted and clipped on tracks 2 through 6.","1998 Summer Canada/USA Tour","Portland","ME","USA","Opening Remarks","Break","Do You Like Me","Merchandise","Place Position","Reclamation","Target","Facet Squared","Burning","Bad Mouth","Recap Modotti","No Surprise","Closed Captioned","Blueprint","Interlude","Stacks","Floating Boy","Pink Frosty","Rend It","Encore 1","Arpeggiator","Long Division","FD","Repeater","Outro",NA,NA,NA,NA,NA,NA,NA,NA,NA,NA,NA,NA,NA,NA,NA
"hoboken-nj-usa-72798","FLS0870","28/07/1998","Maxwell's","5",200,"Joey Picuri","Warren Russell-Smith","DAT","Good",NA,NA,"1998 Summer Canada/USA Tour","Hoboken","NJ","USA","Intro","Break","Do You Like Me","Styrofoam","Guilford Fall","Five Corporations","Nice New Outfit","And The Same","Foreman's Dog","Closed Captioned","Recap Modotti","Burning","Interlude 1","Bed For The Scraping","Floating Boy","Long Division","Target","Instrument","Interlude 2","Arpeggiator","Encore","No Surprise","Pink Frosty","FD","Sweet And Low","Outro",NA,NA,NA,NA,NA,NA,NA,NA,NA,NA,NA,NA,NA,NA
"washington-dc-usa-73098","FLS0871","30/07/1998","Fort Reno","Free",2000,"Joey Picuri","Warren Russell-Smith","DAT","Poor",NA,"Recording is distorted throughout.","1998 Summer/Fall Regional Dates","Washington","DC","USA","Opening Remarks","Intro","Break","Do You Like Me","Merchandise","Guilford Fall","Reclamation","Place Position","Closed Captioned","Burning","Recap Modotti","Stacks","Floating Boy","Promises","Public Witness Program","Interlude 1","Five Corporations","Interlude 2","Arpeggiator","Encore","Target","Bed For The Scraping","FD","Instrument","No Surprise","Outro",NA,NA,NA,NA,NA,NA,NA,NA,NA,NA,NA,NA,NA,NA
"washington-dc-usa-73198","FLS0872","31/07/1998","Sanctuary Theater","5",NA,"Joey Picuri","Warren Russell-Smith","DAT","Poor","Shine, Quixotic","Benefit for Emmaus Flemming Center","1998 Summer/Fall Regional Dates","Washington","DC","USA","Opening Remarks","Smallpox Champion","Bed For The Scraping","Foreman's Dog","Reclamation","Caustic Acrostic","Birthday Pony","Forensic Scene","Closed Captioned","Recap Modotti","Margin Walker","Bad Mouth","Floating Boy","Pink Frosty","Rend It","Encore 1","Arpeggiator","Break","No Surprise","Five Corporations","Outro","Closed Captioned","Foreman's Dog",NA,NA,NA,NA,NA,NA,NA,NA,NA,NA,NA,NA,NA,NA,NA,NA,NA
"milwaukee-wi-usa-111398","FLS0873","13/11/1998","Rave","6",1500,"Joey Picuri","Warren Russell-Smith","DAT","Good","Promise Ring, Jets To Brazil, Compound Red",NA,"1998 Fall Mid-West USA Tour","Milwaukee","WI","USA","Intro","Break","Do You Like Me","Facet Squared","Guilford Fall","And The Same","Place Position","Bed For The Scraping","Burning","Long Division","Forensic Scene","Recap Modotti","Closed Captioned","Blueprint","Furniture","FD","Encore","By You","Public Witness Program","Interlude 1","Five Corporations","Target","Interlude 2","Arpeggiator","Outro",NA,NA,NA,NA,NA,NA,NA,NA,NA,NA,NA,NA,NA,NA,NA
"eau-claire-wi-usa-111498","FLS0874","14/11/1998","University of Wisconsin, Fire Room","5",900,"Joey Picuri","Warren Russell-Smith","DAT","Good","Poster Children, Planet Vinyl",NA,"1998 Fall Mid-West USA Tour","Eau Claire","WI","USA","Intro","Birthday Pony","Downed City","Interlude 1","Merchandise","Place Position","Five Corporations","Do You Like Me","Reclamation","Interlude 2","No Surprise","Break","Burning","Waiting Room","Recap Modotti","FD","Closed Captioned","Arpeggiator","Encore 1","Promises","Public Witness Program","Repeater","Forensic Scene","Pink Frosty","Encore 2","Floating Boy","Bed For The Scraping","Outro",NA,NA,NA,NA,NA,NA,NA,NA,NA,NA,NA,NA
"minneapolis-mn-usa-111598","FLS0875","15/11/1998","First Avenue","6",1711,"Joey Picuri","Warren Russell-Smith","DAT","Very Good","Poster Children, Bricklayer Cake",NA,"1998 Fall Mid-West USA Tour","Minneapolis","MN","USA","Opening Remarks","Break","Nice New Outfit","Reclamation","Place Position","Facet Squared","Walken's Syndrome","Styrofoam","Margin Walker","Closed Captioned","Recap Modotti","FD","Furniture","Rend It","Stacks","Target","Bed For The Scraping","Encore 1","No Surprise","Suggestion","Guilford Fall","Arpeggiator","Encore 2","Do You Like Me","Five Corporations","Floating Boy","Encore 3","Long Division","Blueprint","Waiting Room","Outro",NA,NA,NA,NA,NA,NA,NA,NA,NA
"des-moines-ia-usa-111698","FLS0876","16/11/1998","Safari Club","5",500,"Joey Picuri","Jerry Busher","DAT","Very Good","At The Drive In, Squid Boy",NA,"1998 Fall Mid-West USA Tour","Des Moines","IA","USA","Intro","Merchandise","Place Position","And The Same","Target","Interlude 1","Closed Captioned","Recap Modotti","Sieve-Fisted Find","Song #1","Burning","Interlude 2","Shut the Door","FD","Break","Public Witness Program","Encore 1","Arpeggiator","Interlude 3","Instrument","No Surprise","Pink Frosty","Do You Like Me","Encore 2","Great Cop","Downed City","Sweet and Low","Waiting Room","Outro",NA,NA,NA,NA,NA,NA,NA,NA,NA,NA,NA
"omaha-ne-usa-111798","FLS0877","17/11/1998","Sokol Hall","6",1200,"Joey Picuri","Warren Russell-Smith","DAT","Very Good","Darktown House Band, The Faint",NA,"1998 Fall Mid-West USA Tour","Omaha","NE","USA","Intro","Birthday Pony","Cassavetes","Break","Place Position","Styrofoam","Interlude 1","Target","Reclamation","Two Beats Off","Closed Captioned","FD","Waiting Room","Margin Walker","Returning The Screw","Smallpox Champion","Recap Modotti","Promises","Encore 1","Arpeggiator","No Surprise","Long Division","Blueprint","Outro",NA,NA,NA,NA,NA,NA,NA,NA,NA,NA,NA,NA,NA,NA,NA,NA
"olathe-ks-usa-111898","FLS0878","18/11/1998","Gee Coffee","6",750,"Joey Picuri","Fugazi","DAT","Very Good","Rex Hobart & The Misery Boys",NA,"1998 Fall Mid-West USA Tour","Olathe","KS","USA","Intro","Break","Place Position","Interlude 1","Merchandise","Do You Like Me","And The Same","Caustic Acrostic","Interlude 2","Suggestion","Burning","Recap Modotti","Bed For The Scraping","Public Witness Program","Five Corporations","Floating Boy","Closed Captioned","Give Me The Cure","Encore 1","Birthday Pony","Latin Roots","Facet Squared","Interlude 3","FD","Long Division","Target","Arpeggiator","Outro",NA,NA,NA,NA,NA,NA,NA,NA,NA,NA,NA,NA
"oklahoma-city-ok-usa-111998","FLS0879","19/11/1998","Will Rogers Hall","6",850,"Joey Picuri","Warren Russell-Smith","DAT","Good","Hovercraft, ICU",NA,"1998 Fall Mid-West USA Tour","Oklahoma City","OK","USA","Intro","Arpeggiator","Facet Squared","Walken's Syndrome","Reclamation","No Surprise","Recap Modotti","Bed For The Scraping","Do You Like Me","Merchandise","Place Position","Interlude 1","Closed Captioned","Burning","Waiting Room","Floating Boy","Break","Last Chance For A Slow Dance","Encore 1","Promises","Forensic Scene","Pink Frosty","FD","Repeater","Outro",NA,NA,NA,NA,NA,NA,NA,NA,NA,NA,NA,NA,NA,NA,NA
"houston-tx-usa-112198","FLS0880","21/11/1998","Fitzgerald's","6",750,"Joey Picuri","Warren Russell-Smith","DAT","Very Good","Lord High Fixers",NA,"1998 Fall Mid-West USA Tour","Houston","TX","USA","Intro","Break","Cassavetes","Styrofoam","Do You Like Me","And The Same","Place Position","Bed For The Scraping","Recap Modotti","Long Division","Sieve-Fisted Find","Interlude 1","Five Corporations","Floating Boy","Furniture","Burning","Song #1","FD","Closed Captioned","Arpeggiator","Encore 1","Great Cop","Public Witness Program","Instrument","No Surprise","Stacks","Target","Encore 2","Number 5","Back to Base","Downed City","Suggestion","Outro",NA,NA,NA,NA,NA,NA,NA
"austin-tx-usa-112298","FLS0881","22/11/1998","Liberty Lunch","6",1100,"Joey Picuri","Warren Russell-Smith","DAT","Very Good","Hovercraft, ICU",NA,"1998 Fall Mid-West USA Tour","Austin","TX","USA","Intro","Turnover","Facet Squared","Place Position","Reclamation","Interlude 1","Caustic Acrostic","Birthday Pony","Do You Like Me","Closed Captioned","Two Beats Off","Bed For The Scraping","FD","Bad Mouth","Burning","Recap Modotti","Break","Forensic Scene","Promises","Interlude 2","Arpeggiator","Target","Five Corporations","Public Witness Program","KYEO","Encore 1","Floating Boy","Pink Frosty","Blueprint","Outro",NA,NA,NA,NA,NA,NA,NA,NA,NA,NA
"dallas-tx-usa-112398","FLS0882","23/11/1998","Galaxy","6",700,"Joey Picuri","Warren Russell-Smith","DAT","Very Good","Swivel",NA,"1998 Fall Mid-West USA Tour","Dallas","TX","USA","Intro","Smallpox Champion","Break","Walken's Syndrome","And The Same","Foreman's Dog","Merchandise","Do You Like Me","Reclamation","No Surprise","Recap Modotti","Closed Captioned","Margin Walker","Waiting Room","Floating Boy","Long Division","Blueprint","Encore 1","Arpeggiator","Bed For The Scraping","Place Position","Suggestion","Reprovisional","Outro",NA,NA,NA,NA,NA,NA,NA,NA,NA,NA,NA,NA,NA,NA,NA,NA
"conway-ar-usa-112498","FLS0883","24/11/1998","Hendrix University, Hulen Ballroom","Free",1300,"Joey Picuri","Jerry Busher","DAT","Very Good","Shake Ray Turbine",NA,"1998 Fall Mid-West USA Tour","Conway","AR","USA","Intro","Break","Sieve-Fisted Find","Facet Squared","Foreman's Dog","Reclamation","Interlude 1","Target","Bed For The Scraping","FD","Shut the Door","Bulldog Front","Waiting Room","Burning","Interlude 2","Recap Modotti","Closed Captioned","Do You Like Me","Great Cop","Encore 1","Floating Boy","Returning the Screw","Smallpox Champion","Repeater","Outro",NA,NA,NA,NA,NA,NA,NA,NA,NA,NA,NA,NA,NA,NA,NA
"memphis-tn-usa-112598","FLS0884","25/11/1998","New Daisy Theater","6",900,"Joey Picuri","Warren Russell-Smith","DAT","Good","Lucky, Megan",NA,"1998 Fall Mid-West USA Tour","Memphis","TN","USA","Intro","Merchandise","Exit Only","Break","Place Position","And The Same","Do You Like Me","Interlude 1","Great Cop","Public Witness Program","Waiting Room","Floating Boy","Promises","Recap Modotti","FD","Long Division","Rend It","Five Corporations","Encore 1","Arpeggiator","Target","Interlude 2","Closed Captioned","Margin Walker","Back to Base","Blueprint","Outro",NA,NA,NA,NA,NA,NA,NA,NA,NA,NA,NA,NA,NA
"st-louis-mo-usa-112698","FLS0885","26/11/1998","Galaxy","6",765,"Joey Picuri","Warren Russell-Smith","DAT","Good","90 Day Men, Bunnygrunt",NA,"1998 Fall Mid-West USA Tour","St. Louis","MO","USA","Intro","Turnover","Stacks","Place Position","Reclamation","Foreman's Dog","Break","Sieve-Fisted Find","Styrofoam","Do You Like Me","Facet Squared","Burning","Bad Mouth","Recap Modotti","Forensic Scene","Closed Captioned","FD","Bed For The Scraping","Public Witness Program","Encore 1","Furniture","Cassavetes","Long Division","No Surprise","Arpeggiator","Outro",NA,NA,NA,NA,NA,NA,NA,NA,NA,NA,NA,NA,NA,NA
"louisville-ky-usa-112798","FLS0886","27/11/1998","Highland Hall","6",1100,"Joey Picuri","Jerry Busher","DAT","Good","June of 44, Elliot",NA,"1998 Fall Mid-West USA Tour","Louisville","KY","USA","Intro","Birthday Pony","Do You Like Me","Interlude 1","And The Same","Place Position","Five Corporations","Target","Long Division","No Surprise","Interlude 2","Closed Captioned","Floating Boy","Recap Modotti","Shut the Door","Burning","Encore 1","Number 5","Break","Smallpox Champion","Interlude 3","Instrument","FD","Pink Frosty","Outro",NA,NA,NA,NA,NA,NA,NA,NA,NA,NA,NA,NA,NA,NA,NA
"charleston-wv-usa-112898","FLS0887","28/11/1998","Common Grounds","5",500,"Joey Picuri","Jerry Busher","DAT","Very Good","Shindig, All For Nothing",NA,"1998 Fall Mid-West USA Tour","Charleston","WV","USA","Intro","Break","Cassavetes","Merchandise","Downed City","Interlude 1","Reclamation","Do You Like Me","Interlude 2","Stacks","Nice New Outfit","Bed For The Scraping","Place Position","Waiting Room","Margin Walker","Interlude 3","Closed Captioned","By You","Blueprint","Interlude 4","Repeater","Encore 1","Arpeggiator","Public Witness Program","Interlude 5","Promises","FD","Sweet and Low","Outro",NA,NA,NA,NA,NA,NA,NA,NA,NA,NA,NA
"morgantown-wv-usa-112998","FLS0888","29/11/1998","123 Pleasant St.","5",400,"Joey Picuri","Warren Russell-Smith","DAT","Poor","Braille Drivers, San Vitale",NA,"1998 Fall Mid-West USA Tour","Morgantown","WV","USA","Intro","Merchandise","Walken's Syndrome","Facet Squared","Place Position","Interlude 1","Birthday Pony","Rend It","Interlude 2","Break","Guilford Fall","Instrument","Recap Modotti","Two Beats Off","Oh Instrumental","Closed Captioned","Burning","Song #1","No Surprise","Great Cop","Public Witness Program","Back to Base","Encore 1","Target","Five Corporations","Floating Boy","Long Division","FD","Arpeggiator","Outro",NA,NA,NA,NA,NA,NA,NA,NA,NA,NA
"washington-dc-usa-120398","FLS0889","03/12/1998","Sanctuary Theater","5",700,"Joey Picuri","Warren Russell-Smith","DAT","Very Good","Lungfish, Bald Repunzal","Benefit for Casa Del Pueblo","1998 Fall/Winter Regional Dates","Washington","DC","USA","Opening Remarks","Number 5","Bed For The Scraping","Place Position","Styrofoam","Downed City","Recap Modotti","Break","FD","Furniture","Burning","Interlude 1","Birthday Pony","Floating Boy","Long Division","Do You Like Me","Bad Mouth","Break-In","Closed Captioned","No Surprise","Encore 1","Arpeggiator","By You","Target","Instrument","Reprovisional","Outro",NA,NA,NA,NA,NA,NA,NA,NA,NA,NA,NA,NA,NA
"fairfax-va-usa-120498","FLS0890","04/12/1998","George Mason University Johnson Center","5",1000,"Nick Pellicciotto","Warren Russell-Smith","DAT","Very Good","Most Secret Method, Princessed","Benefit for Clinic Defense Fund","1998 Fall/Winter Regional Dates","Fairfax","VA","USA","Opening Remarks","Break","Exit Only","Merchandise","Public Witness Program","And The Same","Interlude 1","Place Position","Back To Base","Sieve-Fisted Find","Interlude 2","Recap Modotti","Promises","No Surprise","Interlude 3","Long Distance Runner","Last Chance for a Slow Dance","Facet Squared","Break-In","Interlude 4","Closed Captioned","Arpeggiator","Reclamation","Encore","Brendan #1","Walken's Syndrome","Interlude 5","Five Corporations","FD","Pink Frosty","Glueman","Outro",NA,NA,NA,NA,NA,NA,NA,NA
"san-diego-ca-usa-21899","FLS0891","18/02/1999","Soma","6",1500,"Nick Pellicciotto","Warren Russell-Smith","DAT","Very Good","Gogogo Airheart, Camera Obscura",NA,"1999 West Coast USA Tour","San Diego","CA","USA","Intro","Break","Place Position","And The Same","Do You Like Me","Facet Squared","Guilford Fall","Closed Captioned","Burning","Long Division","Rend It","Bed For The Scraping","Recap Modotti","No Surprise","Waiting Room","Public Witness Program","Back to Base","FD","Encore 1","Number 5","Great Cop","Floating Boy","Promises","Arpeggiator","Outro",NA,NA,NA,NA,NA,NA,NA,NA,NA,NA,NA,NA,NA,NA,NA
"ventura-ca-usa-21999","FLS0892","19/02/1999","Ventura Theater","6",1350,"Nick Pellicciotto","Jerry Busher","DAT","Very Good","Up Hollow, Phantom Surfers","The tape recorder was not started before the band began to play, as a result the first track, ""Cassavetes"", is only 3 seconds long. There are also some minor drop-outs in the right channel from time to time, due to a bad cable. Otherwise, the recording sounds really good --these issues not withstanding.","1999 West Coast USA Tour","Ventura","CA","USA","Cassavetes","Merchandise","Place Position","Reclamation","Interlude 1","Foreman's Dog","Long Division","Blueprint","Bed For The Scraping","Interlude 2","FD","Closed Captioned","Forensic Scene","Five Corporations","Downed City","Furniture","Two Beats Off","Interlude 3","Song #1","Interlude 4","Arpeggiator","Break","Target","Recap Modotti","Pink Frosty","Sweet and Low",NA,NA,NA,NA,NA,NA,NA,NA,NA,NA,NA,NA,NA,NA
"watsonville-ca-usa-22099","FLS0893","20/02/1999","Veteran's Memorial Hall","6",1350,"Nick Pellicciotto","Warren Russell-Smith","DAT","Very Good","The Gods Hate Kansas, The Muggs",NA,"1999 West Coast USA Tour","Watsonville","CA","USA","Intro","Arpeggiator","And The Same","Do You Like Me","Interlude 1","Break","Place Position","Birthday Pony","Public Witness Program","Reclamation","Recap Modotti","Turnover","Closed Captioned","Smallpox Champion","Promises","FD","Interlude 2","Number 5","Waiting Room","Give Me The Cure","Bad Mouth","No Surprise","Bed For The Scraping","Outro",NA,NA,NA,NA,NA,NA,NA,NA,NA,NA,NA,NA,NA,NA,NA,NA
"palo-alto-ca-usa-22199","FLS0894","21/02/1999","Edge","6",1000,"Nick Pellicciotto","Warren Russell-Smith","DAT","Excellent","The Ex, The Thrones","Arpeggiator cuts in and out.","1999 West Coast USA Tour","Palo Alto","CA","USA","Break","Place Position","Facet Squared","Do You Like Me","And The Same","Rend It","Recap Modotti","Closed Captioned","FD","Long Division","Target","Suggestion","Floating Boy","Merchandise","Public Witness Program","Five Corporations","Encore 1","Arpeggiator","Stacks","Sieve-Fisted Find","Repeater","Encore 2","Number 5","Version","Outro",NA,NA,NA,NA,NA,NA,NA,NA,NA,NA,NA,NA,NA,NA,NA
"san-francisco-ca-usa-22299","FLS0895","22/02/1999","Maritime","6",2000,"PRS","Warren Russell-Smith","DAT","Very Good","The Ex, The Thrones",NA,"1999 West Coast USA Tour","San Francisco","CA","USA","Intro","Birthday Pony","Place Position","Facet Squared","Latin Roots","Styrofoam","Recap Modotti","Margin Walker","Furniture","Two Beats Off","Break","FD","Closed Captioned","Interlude 1","Arpeggiator","Public Witness Program","Bed For The Scraping","Floating Boy","Encore 1","Long Division","Blueprint","Waiting Room","Break-In","Reclamation","Interlude 2","No Surprise","Number 5","Encore 2","Smallpox Champion","Five Corporations","Version","Outro",NA,NA,NA,NA,NA,NA,NA,NA
"reno-nv-usa-22399","FLS0896","23/02/1999","Del Mar Station","6",1000,"Nick Pellicciotto","Warren Russell-Smith","DAT","Good","The Ex, Spun","Recording is distorted.","1999 West Coast USA Tour","Reno","NV","USA","Intro","Break","Interlude 1","Sieve-Fisted Find","And The Same","Do You Like Me","Song #1","Interlude 2","Guilford Fall","Reclamation","Walken's Syndrome","Merchandise","Recap Modotti","FD","Closed Captioned","Arpeggiator","Target","Waiting Room","Lockdown","Promises","Interlude 3","Forensic Scene","Pink Frosty","Blueprint","Great Cop","Place Position","Outro",NA,NA,NA,NA,NA,NA,NA,NA,NA,NA,NA,NA,NA
"sacramento-ca-usa-22499","FLS0897","24/02/1999","Crest Theater","6",1000,"Nick Pellicciotto","Warren Russell-Smith","DAT","Very Good","The Ex",NA,"1999 West Coast USA Tour","Sacramento","CA","USA","Intro","Birthday Pony","Place Position","Merchandise","Foreman's Dog","Break","Dear Justice Letter","Bed For The Scraping","Caustic Acrostic","Interlude 1","Returning The Screw","Smallpox Champion","Bad Mouth","Burning","Interlude 2","Closed Captioned","Sieve-Fisted Find","Back To Base","Reprovisional","Encore","Shut the Door","FD","Recap Modotti","By You","Interlude 3","Arpeggiator",NA,NA,NA,NA,NA,NA,NA,NA,NA,NA,NA,NA,NA,NA
"portland-or-usa-22699","FLS0898","26/02/1999","Crystal Ballroom","6",1200,"Nick Pellicciotto","Jerry Busher","DAT","Very Good","The Ex, The Need",NA,"1999 West Coast USA Tour","Portland","OR","USA","Intro","Arpeggiator","Merchandise","Place Position","And The Same","Do You Like Me","Interlude 1","Great Cop","Public Witness Program","Closed Captioned","FD","Recap Modotti","Suggestion","Floating Boy","Break","Target","Five Corporations","Two Beats Off","Interlude 2","Back to Base","Foreman's Dog","Waiting Room","Burning","Long Division","Number 5","Encore 1","Smallpox Champion","Bed For The Scraping","Version","Outro",NA,NA,NA,NA,NA,NA,NA,NA,NA,NA
"olympia-wa-usa-22799","FLS0899","27/02/1999","Capitol Theater","6",1200,"Nick Pellicciotto","Warren Russell-Smith","DAT","Very Good","The Ex, Dub Narcotic",NA,"1999 West Coast USA Tour","Olympia","WA","USA","Intro","Break","Sieve-Fisted Find","Interlude 1","Facet Squared","Downed City","Interlude 2","Stacks","Place Position","Reclamation","Recap Modotti","Rend It","Interlude 3","Closed Captioned","No Surprise","Promises","Do You Like Me","Bad Mouth","Burning","Encore","Arpeggiator","Interlude 4","KYEO","Public Witness Program","Interlude 5","Pink Frosty","Floating Boy","Furniture","Number 5",NA,NA,NA,NA,NA,NA,NA,NA,NA,NA,NA
"seattle-wa-usa-22899","FLS0900","28/02/1999","DV8","6",1500,"Nick Pellicciotto","Jerry Busher","DAT","Excellent","The Ex, Sleater Kinney",NA,"1999 West Coast USA Tour","Seattle","WA","USA","Opening Remarks","Number 5","Exit Only","Merchandise","Place Position","Interlude 1","Birthday Pony","Latin Roots","Break","Recap Modotti","FD","Waiting Room","Lockdown","Closed Captioned","Turnover","Interlude 2","Great Cop","Do You Like Me","Long Division","Target","Instrument","Encore 1","Forensic Scene","Back to Base","Floating Boy","Long Distance Runner","Encore 2","Arpeggiator","Encore 3","Bed For The Scraping","Margin Walker","Song #1","Encore 4","Version","Glueman",NA,NA,NA,NA,NA
"springfield-or-usa-30299","FLS0901","02/03/1999","McKensie Ballroom","6",750,"Nick Pellicciotto","Jerry Busher","DAT","Good","764-Hero, Red Stars Theory",NA,"1999 West Coast USA Tour","Springfield (OR)","OR","USA","Intro","Birthday Pony","Place Position","Styrofoam","Interlude 1","Caustic Acrostic","Reclamation","Walken's Syndrome","Bed For The Scraping","Target","Five Corporations","Sieve-Fisted Find","Promises","Recap Modotti","Interlude 2","Last Chance for a Slow Dance","Closed Captioned","Margin Walker","Waiting Room","Interlude 3","Arpeggiator","FD","Repeater","Public Witness Program","Merchandise","Number 5","Long Division","Blueprint","Outro",NA,NA,NA,NA,NA,NA,NA,NA,NA,NA,NA
"chico-ca-usa-30399","FLS0902","03/03/1999","Cal State University Shurmer Gym","6",1000,"Nick Pellicciotto","Warren Russell-Smith","DAT","Very Good","The Champs, The Lies","Do You Like Me is incomplete as recording starts after beginning of show.","1999 West Coast USA Tour","Chico","CA","USA","Do You Like Me","And The Same","FD","Break","Recap Modotti","Runaway Return","Interlude 1","Closed Captioned","Burning","Song #1","Floating Boy","Long Division","Target","Reclamation","Encore 1","Arpeggiator","Smallpox Champion","Birthday Pony","Public Witness Program","Sweet And Low","Repeater","Outro",NA,NA,NA,NA,NA,NA,NA,NA,NA,NA,NA,NA,NA,NA,NA,NA,NA,NA
"bakersfield-ca-usa-30499","FLS0903","04/03/1999","Juarez Hall","6",400,"Nick Pellicciotto","Warren Russell-Smith","DAT","Very Good","Fluf, Pop Rockets",NA,"1999 West Coast USA Tour","Bakersfield","CA","USA","Intro","Break","Sieve-Fisted Find","Interlude 1","Styrofoam","Foreman's Dog","Stacks","Dear Justice Letter","And The Same","No Surprise","Closed Captioned","Margin Walker","Waiting Room","Burning","Long Division","Target","Bed For The Scraping","Recap Modotti","Rend It","Interlude 1","Arpeggiator","Merchandise","Blueprint","Promises","Outro",NA,NA,NA,NA,NA,NA,NA,NA,NA,NA,NA,NA,NA,NA,NA
"las-vegas-nv-usa-30599","FLS0904","05/03/1999","Huntridge Theater","6",1000,"Nick Pellicciotto","Jerry Busher","DAT","Very Good","Fluf, Los Trios De Nada",NA,"1999 West Coast USA Tour","Las Vegas","NV","USA","Intro","Birthday Pony","Cassavetes","Interlude 1","Break","Place Position","Interlude 2","Reclamation","Do You Like Me","Facet Squared","Caustic Acrostic","Interlude 3","Closed Captioned","Lockdown","Interlude 4","Waiting Room","Recap Modotti","Last Chance for a Slow Dance","Shut the Door","Turnover","Long Division","Target","Encore 1","Arpeggiator","By You","Interlude 5","Back to Base","Downed City","Interlude 6","Stacks","FD","Merchandise","Interlude 7","Number 5","Five Corporations","Fell, Destroyed","Instrument",NA,NA,NA
"victorville-ca-usa-30699","FLS0905","06/03/1999","Fly Theater","6",NA,"Nick Pellicciotto","Warren Russell-Smith","DAT","Very Good","Fluf",NA,"1999 West Coast USA Tour","Victorville","CA","USA","Intro","Break","Sieve-Fisted Find","And The Same","Nice New Outfit","Styrofoam","Place Position","Closed Captioned","Smallpox Champion","Long Division","Recap Modotti","Exit Only","Interlude 1","Waiting Room","Bulldog Front","Suggestion","Guilford Fall","Bed For The Scraping","Encore 1","Target","Repeater","Number 5","Sweet And Low",NA,NA,NA,NA,NA,NA,NA,NA,NA,NA,NA,NA,NA,NA,NA,NA,NA
"pomona-ca-usa-30799","FLS0906","07/03/1999","Glasshouse","6",1000,"Nick Pellicciotto","Warren Russell-Smith","DAT","Good","Fluf","Recording starts in middle of Cassavetes.","1999 West Coast USA Tour","Pomona","CA","USA","Cassavetes","Greed","Place Position","Interlude 1","Back to Base","Walken's Syndrome","Break","Two Beats Off","Interlude 2","Birthday Pony","FD","Recap Modotti","Promises","Give Me The Cure","Bad Mouth","Floating Boy","Five Corporations","Public Witness Program","Bed For The Scraping","Encore 1","Number 5","Forensic Scene","Closed Captioned","Blueprint","Long Division","Outro",NA,NA,NA,NA,NA,NA,NA,NA,NA,NA,NA,NA,NA,NA
"los-angeles-ca-usa-palace-3899","FLS1049","08/03/1999","Palace",NA,NA,"Gary Davis","Jerry Busher",NA,"Excellent","Bluebird, Paper Lantern",NA,"1999 West Coast USA Tour","Los Angeles","CA","USA","Intro","Merchandise","Do You Like Me","Five Corporations","Interlude 1","Foreman's Dog","Facet Squared","Exit Only","Recap Modotti","Reclamation","Burning","Furniture","FD","Break","Place Position","Interlude 2","Long Distance Runner","Rend It","Waiting Room","Lockdown","Song #1","Interlude 3","Arpeggiator","Encore 1","Floating Boy","Pink Frosty","Target","Bed For The Scraping","Public Witness Program","Outro",NA,NA,NA,NA,NA,NA,NA,NA,NA,NA
"los-angeles-ca-usa-30999","FLS0907","09/03/1999","Palace","5",NA,"Gary Davis","Warren Russell-Smith","DAT","Excellent","Distortion Felix, Godzik Pink",NA,"1999 West Coast USA Tour","Los Angeles","CA","USA","Intro","Break","Place Position","And The Same","Dear Justice Letter","Styrofoam","Interlude 1","Caustic Acrostic","Interlude 2","Birthday Pony","Blueprint","Interlude 3","By You","Recap Modotti","Margin Walker","Burning Too","FD","Closed Captioned","Last Chance for a Slow Dance","Interlude 4","Back To Base","Walken's Syndrome","Shut the Door","Encore","Smallpox Champion","Interlude 5","Great Cop","Downed City","Interlude 6","Long Division","No Surprise","Repeater","Outro",NA,NA,NA,NA,NA,NA,NA
"los-angeles-ca-usa-31099","FLS0908","10/03/1999","Palace","5",NA,"Gary Davis","Warren Russell-Smith","DAT","Excellent","Goatsnake, Destroy All Nels Cline",NA,"1999 West Coast USA Tour","Los Angeles","CA","USA","Intro","Number 5","Cassavetes","Merchandise","Latin Roots","Interlude 1","Stacks","Foreman's Dog","Five Corporations","Turnover","Recap Modotti","Closed Captioned","Burning","Promises","FD","Waiting Room","Break-In","Interlude 2","Break","Place Position","Bed For The Scraping","Reprovisional","Encore","Floating Boy","Long Division","Blueprint","Suggestion","Give Me The Cure","Version",NA,NA,NA,NA,NA,NA,NA,NA,NA,NA,NA
"reykjavik-iceland-42799","FLS0909","27/04/1999","National Radio Building",NA,400,"Hjortur Suavarsion / RUV","Jerry Busher","DAT","Excellent","Minus",NA,"1999 Spring UK/Ireland Tour","Reykjavik","","Iceland","Interlude 1","Intro","Break","Place Position","And The Same","Latin Roots","Facet Squared","Public Witness Program","Interlude 2","Merchandise","Foreman's Dog","Bed For The Scraping","Interlude 3","FD","Recap Modotti","Closed Captioned","Margin Walker","Waiting Room","Sieve-Fisted Find","Reclamation","Interlude 4","Arpeggiator","Long Division","Encore 1","Do You Like Me","Five Corporations","Walken's Syndrome","Promises","Outro",NA,NA,NA,NA,NA,NA,NA,NA,NA,NA,NA
"leeds-england-42999","FLS0910","29/04/1999","Metro University","6(pounds)",950,"Joey Picuri","Warren Russell-Smith","DAT","Good","Pylon, Hood",NA,"1999 Spring UK/Ireland Tour","Leeds",NA,"England","Intro","Break","Interlude 1","Exit Only","Facet Squared","Place Position","Interlude 2","And The Same","Do You Like Me","Styrofoam","Guilford Fall","Closed Captioned","Recap Modotti","Rend It","Bed For The Scraping","FD","Long Division","Target","Reclamation","Arpeggiator","Encore 1","Floating Boy","Pink Frosty","Burning","Song #1","Blueprint","Outro",NA,NA,NA,NA,NA,NA,NA,NA,NA,NA,NA,NA,NA
"wolverhampton-england-43099","FLS0911","30/04/1999","Wulfrun Hall","6(pounds)",500,"Joey Picuri","Jerry Busher","DAT","Very Good","Pram, Tone",NA,"1999 Spring UK/Ireland Tour","Wolverhampton","","England","Intro","Birthday Pony","Place Position","Interlude 1","Merchandise","Public Witness Program","Five Corporations","Cassavetes","Promises","Recap Modotti","Burning","Break","FD","Great Cop","Sieve-Fisted Find","Waiting Room","Interlude 2","No Surprise","Number 5","Encore 1","Closed Captioned","Smallpox Champion","Repeater","Arpeggiator","Encore 2","Forensic Scene","Instrument","Do You Like Me","Outro",NA,NA,NA,NA,NA,NA,NA,NA,NA,NA,NA
"newcastle-england-50299","FLS0912","02/05/1999","Riverside","6(pounds)",450,"Joey Picuri","Warren Russell-Smith","DAT","Very Good","Red Monkey",NA,"1999 Spring UK/Ireland Tour","Newcastle",NA,"England","Intro","Number 5","Five Corporations","Latin Roots","Interlude 1","Furniture","Place Position","Bed For The Scraping","Do You Like Me","Suggestion","Recap Modotti","Turnover","Break","Two Beats Off","Interlude 2","Closed Captioned","FD","Back To Base","Downed City","Encore 1","Long Division","Runaway Return","Instrument","Interlude 3","Caustic Acrostic","Merchandise","Arpeggiator","Encore 2","Floating Boy","Waiting Room","Blueprint","Sweet and Low","Outro",NA,NA,NA,NA,NA,NA,NA
"edinburgh-scotland-50399","FLS0913","03/05/1999","Liquid Room","6(pounds)",500,"Joey Picuri","Warren Russell-Smith","DAT","Good","Macrocosmica, Pilotcan",NA,"1999 Spring UK/Ireland Tour","Edinburgh","","Scotland","Intro","Break","Sieve-Fisted Find","And The Same","Place Position","Interlude 1","Great Cop","Walken's Syndrome","Stacks","Target","Waiting Room","Lockdown","Recap Modotti","By You","Shut the Door","Arpeggiator","Blueprint","Reclamation","Encore 1","Floating Boy","Closed Captioned","Smallpox Champion","Long Division","FD","Encore 2","Number 5","Five Corporations","Last Chance For A Slow Dance","Outro",NA,NA,NA,NA,NA,NA,NA,NA,NA,NA,NA
"aberdeen-scotland-50499","FLS0914","04/05/1999","Lemon Tree","6(pounds)",550,"Joey Picuri","Jerry Busher","DAT","Very Good","Laeto",NA,"1999 Spring UK/Ireland Tour","Aberdeen",NA,"Scotland","Intro","Facet Squared","Interlude 1","Dear Justice Letter","Merchandise","Foreman's Dog","Bed For The Scraping","Nice New Outfit","Song #1","Give Me The Cure","Waiting Room","Interlude 2","Number 5","Place Position","Recap Modotti","Closed Captioned","Rend It","Promises","Encore 1","FD","Break","Public Witness Program","Back to Base","Arpeggiator","Fell, Destroyed","Styrofoam","Outro",NA,NA,NA,NA,NA,NA,NA,NA,NA,NA,NA,NA,NA
"glasgow-scotland-50599","FLS0915","05/05/1999","Glasgow School of Art","6(pounds)",600,"Joey Picuri","Warren Russell-Smith","DAT","Very Good","Lungleg, Hernandez","Proof that Fugazi likes a tidy stage!","1999 Spring UK/Ireland Tour","Glasgow","","Scotland","Intro","Arpeggiator","Interlude 1","Exit Only","Birthday Pony","Do You Like Me","Reclamation","Place Position","Greed","Recap Modotti","Floating Boy","Break","Rend It","Bad Mouth","Burning","Furniture","Blueprint","Five Corporations","Encore 1","Forensic Scene","Closed Captioned","FD","Bed For The Scraping","Public Witness Program","Long Division","Outro",NA,NA,NA,NA,NA,NA,NA,NA,NA,NA,NA,NA,NA,NA
"kilkenny-ireland-50799","FLS0916","07/05/1999","Friary Hall","7(punts)",400,"Joey Picuri","Fugazi","DAT","Very Good","Gout","Previously released on CD (FLS20).","1999 Spring UK/Ireland Tour","Kilkenny",NA,"Ireland","Intro","Merchandise","Place Position","Facet Squared","Walken's Syndrome","And The Same","Caustic Acrostic","Furniture","Sieve-Fisted Find","Bed For The Scraping","Target","Interlude 1","Closed Captioned","Burning","Waiting Room","By You","Recap Modotti","Turnover","Reclamation","Arpeggiator","Interlude 2","Break","FD","Promises",NA,NA,NA,NA,NA,NA,NA,NA,NA,NA,NA,NA,NA,NA,NA,NA
"cork-ireland-50899","FLS0917","08/05/1999","Nancy Spains","7(punts)",400,"Joey Picuri","Warren Russell-Smith","DAT","Very Good","Calixicon",NA,"1999 Spring UK/Ireland Tour","Cork",NA,"Ireland","Intro","Arpeggiator","Break","Place Position","Birthday Pony","Latin Roots","Back to Base","Foreman's Dog","Long Division","No Surprise","Reclamation","Margin Walker","Song #1","Break-In","Recap Modotti","Closed Captioned","Target","Merchandise","Encore 1","Do You Like Me","KYEO","Caustic Acrostic","Number 5","Outro",NA,NA,NA,NA,NA,NA,NA,NA,NA,NA,NA,NA,NA,NA,NA,NA
"dublin-ireland-50999","FLS0918","09/05/1999","Temple Bar Music Center","7(punts)",650,"Joey Picuri","Warren Russell-Smith","DAT","Very Good","Redneck Manifesto",NA,"1999 Spring UK/Ireland Tour","Dublin",NA,"Ireland","Intro","Break","Place Position","Merchandise","Interlude 1","Nice New Outfit","Back to Base","Downed City","Interlude 2","Stacks","Foreman's Dog","Interlude 3","Closed Captioned","Burning","Suggestion","Blueprint","Recap Modotti","Long Division","FD","Great Cop","Public Witness Program","Encore 1","Arpeggiator","Five Corporations","Target","Pink Frosty","Smallpox Champion","Bed For The Scraping","Encore 2","Forensic Scene","Instrument","Number 5","Waiting Room","Outro",NA,NA,NA,NA,NA,NA
"newport-wales-51199","FLS0919","11/05/1999","TJ's","6(pounds)",600,"Joey Picuri","Warren Russell-Smith","DAT","Very Good","The Boom, Hernandez",NA,"1999 Spring UK/Ireland Tour","Newport","","Wales","Intro","Break","Do You Like Me","Styrofoam","Place Position","And The Same","Latin Roots","Five Corporations","No Surprise","Stacks","Recap Modotti","Target","Waiting Room","Burning","Interlude 1","Closed Captioned","Foreman's Dog","Long Division","Blueprint","Encore 1","Arpeggiator","Facet Squared","FD","Promises","Encore 2","Merchandise","Last Chance For A Slow Dance","Sweet And Low","Outro",NA,NA,NA,NA,NA,NA,NA,NA,NA,NA,NA
"manchester-england-51299","FLS0920","12/05/1999","University Student Union","6(pounds)",936,NA,NA,NA,NA,"Gold Blade, Spy vs. Spy",NA,"1999 Spring UK/Ireland Tour","Manchester",NA,"England",NA,NA,NA,NA,NA,NA,NA,NA,NA,NA,NA,NA,NA,NA,NA,NA,NA,NA,NA,NA,NA,NA,NA,NA,NA,NA,NA,NA,NA,NA,NA,NA,NA,NA,NA,NA,NA,NA,NA,NA
"nottingham-england-51399","FLS0921","13/05/1999","Marcus Garvey Centre","6(pounds)",778,"Joey Picuri","Warren Russell-Smith","DAT","Very Good","6X7, Boom",NA,"1999 Spring UK/Ireland Tour","Nottingham","","England","Intro","Break","Walken's Syndrome","Facet Squared","Place Position","Furniture","Two Beats Off","Interlude 1","Great Cop","Caustic Acrostic","Interlude 2","Long Division","Blueprint","Waiting Room","Burning","Recap Modotti","Closed Captioned","Do You Like Me","Styrofoam","Floating Boy","Pink Frosty","Smallpox Champion","Encore","Target","Five Corporations","No Surprise","Repeater","Encore 2","Arpeggiator","Outro",NA,NA,NA,NA,NA,NA,NA,NA,NA,NA
"brighton-england-51499","FLS0922","14/05/1999","Brighton Center","6(pounds)",950,"Joey Picuri","Warren Russell-Smith","DAT","Very Good","Eater, Beachie Heads",NA,"1999 Spring UK/Ireland Tour","Brighton",NA,"England","Intro","Number 5","Exit Only","And The Same","Caustic Acrostic","Merchandise","Latin Roots","Bed For The Scraping","Floating Boy","Break","Do You Like Me","By You","Closed Captioned","Last Chance For A Slow Dance","Reclamation","FD","Back to Base","Encore 1","Arpeggiator","Stacks","Bulldog Front","Waiting Room","Version","Encore 2","Target","Promises","Outro",NA,NA,NA,NA,NA,NA,NA,NA,NA,NA,NA,NA,NA
"london-england-51599","FLS0923","15/05/1999","Rex","6(pounds)",3100,"Joey Picuri","Warren Russell-Smith","DAT","Good","Shellac, Marine Research",NA,"1999 Spring UK/Ireland Tour","London",NA,"England","Intro","Break","Interlude 1","Place Position","Facet Squared","Sieve-Fisted Find","Interlude 2","Birthday Pony","FD","Reclamation","Burning","Closed Captioned","Rend It","Waiting Room","Margin Walker","Recap Modotti","Pink Frosty","Target","Bed For The Scraping","Floating Boy","Long Division","Blueprint","Encore 1","Number 5","Instrument","Smallpox Champion","Repeater","Encore 2","Arpeggiator","Glueman","Outro",NA,NA,NA,NA,NA,NA,NA,NA,NA
"washington-dc-usa-82699","FLS0924","26/08/1999","Fort Reno","Free",NA,"Aron Conaway","Warren Russell-Smith",NA,"Excellent","Flin Flon","Rally on Prison Issues","1999 Summer/Fall Regional Dates","Washington","DC","USA","Ex-Spectator Instrumental","Sieve-Fisted Find","Five Corporations","Interlude 1","Place Position","Argument","Nightshop","Number 5","Lockdown","Waiting Room",NA,NA,NA,NA,NA,NA,NA,NA,NA,NA,NA,NA,NA,NA,NA,NA,NA,NA,NA,NA,NA,NA,NA,NA,NA,NA,NA,NA,NA,NA
"amsterdam-netherlands-91699","FLS0925","16/09/1999","Paradiso",NA,1200,"Nick Pellicciotto","Jerry Busher","DAT","Very Good","Lowlife",NA,"1999 Fall European Tour","Amsterdam","","Netherlands","Intro","Ex-Spectator","Merchandise","Do You Like Me","Five Corporations","FD","Reclamation","Interlude 1","Nightshop","Break","Burning","Song #1","Interlude 2","Floating Boy","Argument","Place Position","Bed For The Scraping","Target","Number 5","Encore 1","Arpeggiator","Interlude 3","Closed Captioned","Sieve-Fisted Find","Great Cop","Public Witness Program","Facet Squared","Fell, Destroyed","Encore 2","Long Division","Recap Modotti","Blueprint","Interlude 4","KYEO","Outro",NA,NA,NA,NA,NA
"bremen-germany-091799","FLS1053","17/09/1999","Schlachthof",NA,NA,"Torsten Meyer",NA,"VHS audio","Good",NA,NA,"1999 Fall European Tour","Bremen","","Germany","Intro","Ex-Spectator Instrumental","Back To Base","Place Position","Birthday Pony","Do You Like Me","Closed Captioned","Oh","Long Division","Blueprint","Waiting Room","Margin Walker","Break","Recap Modotti","Two Beats Off","Instrument","Downed City","Encore 1","Argument","Dear Justice Letter","Bed For The Scraping","Interlude 1","Smallpox Champion","Suggestion","Encore 2","Number 5","Arpeggiator","Outro",NA,NA,NA,NA,NA,NA,NA,NA,NA,NA,NA,NA
"hamburg-germany-91899","FLS0926","18/09/1999","Fabrik",NA,1050,"Nick Pellicciotto","Jerry Busher","DAT","Very Good",NA,NA,"1999 Fall European Tour","Hamburg","","Germany","Intro","Break","Place Position","And The Same","Latin Roots","Merchandise","Interlude 1","Caustic Acrostic","Closed Captioned","Last Chance for a Slow Dance","Recap Modotti","Argument","Burning","Bad Mouth","Arpeggiator","Target","Reclamation","FD","Back to Base","Encore 1","Ex-Spectator","Number 5","Shut the Door","Encore 2","Nightshop","Five Corporations","Public Witness Program","No Surprise","Encore 3","Long Division","Walken's Syndrome","Pink Frosty","Glueman","Version",NA,NA,NA,NA,NA,NA
"berlin-germany-92099","FLS0927","20/09/1999","SO 36",NA,949,"Nick Pellicciotto","Warren Russell-Smith","DAT","Very Good","Real","Break is incomplete because the recording was started late.","1999 Fall European Tour","Berlin","","Germany","Break","Sieve-Fisted Find","And The Same","Place Position","Birthday Pony","Latin Roots","Interlude 1","Reclamation","Rend It","Argument","Burning","Waiting Room","Give Me The Cure","Recap Modotti","Closed Captioned","Floating Boy","Bed For The Scraping","Downed City","Merchandise","Interlude 2","By You","Number 5","Target","Instrument","Arpeggiator","Encore 1","Promises","Outro",NA,NA,NA,NA,NA,NA,NA,NA,NA,NA,NA,NA
"wroclaw-poland-92199","FLS0928","21/09/1999","Kazamaty",NA,800,"Nick Pellicciotto","Warren Russell-Smith","DAT","Excellent","Starzy Singers","Guy: ""We are here to serve you and your entertainment needs."" Ian: ""And it helps if you yell 'Brendan' over and over and over.""","1999 Fall European Tour","Wroclaw","","Poland","Intro","Ex-Spectator Instrumental","Break","Place Position","Merchandise","Interlude 1","Turnover","Reclamation","Interlude 2","Nice New Outfit","Five Corporations","Interlude 3","Foreman's Dog","Interlude 4","Birthday Pony","Do You Like Me","Waiting Room","Bulldog Front","Suggestion","Interlude 5","Arpeggiator","Recap Modotti","FD","Argument","Interlude 6","Blueprint","Encore 1","Long Division","Cassavetes","Great Cop","Public Witness Program","Repeater","Encore 2","Last Chance for a Slow Dance","Closed Captioned","Number 5",NA,NA,NA,NA
"leipzig-germany-92299","FLS0929","22/09/1999","Conne Island",NA,921,"Nick Pellicciotto",NA,"DAT","Good","Something Like Elvis, Bollo",NA,"1999 Fall European Tour","Leipzig","","Germany","Intro","Break","Place Position","Facet Squared","Sieve-Fisted Find","Bed For The Scraping","FD","Closed Captioned","Walken's Syndrome","Reclamation","Recap Modotti","Interlude 1","Turnover","Five Corporations","Smallpox Champion","Interlude 2","Returning The Screw","Margin Walker","Waiting Room","Interlude 3","Oh","Long Division","Exit Only","Argument","Arpeggiator","Interlude 4","Blueprint","Interlude 5","Repeater","Interlude 6","Public Witness Program","Interlude 7","Back To Base","Number 5",NA,NA,NA,NA,NA,NA
"prague-czech-republic-92399","FLS0930","23/09/1999","Lucerna",NA,900,NA,NA,NA,NA,"Something Like Elvis, Landmine Spring",NA,"1999 Fall European Tour","Prague","","Czech Republic",NA,NA,NA,NA,NA,NA,NA,NA,NA,NA,NA,NA,NA,NA,NA,NA,NA,NA,NA,NA,NA,NA,NA,NA,NA,NA,NA,NA,NA,NA,NA,NA,NA,NA,NA,NA,NA,NA,NA,NA
"nuremberg-germany-92499","FLS0931","24/09/1999","Z-Bau",NA,918,"Nick Pellicciotto","Warren Russell-Smith","DAT","Very Good","Something Like Elvis, Bambi Division","The first six or seven songs sound terrible, but the recording settles in after that.","1999 Fall European Tour","Nuremberg","","Germany","Intro","Birthday Pony","Nice New Outfit","Styrofoam","Guilford Fall","Reclamation","Turnover","Five Corporations","Sieve-Fisted Find","Break","Recap Modotti","Give Me The Cure","Argument","Rend It","Closed Captioned","Two Beats Off","Repeater","Interlude 1","Number 5","Oh","Interlude 2","Great Cop","Downed City","Long Division","No Surprise","Encore","Instrument","Blueprint","Arpeggiator","Encore 2","Long Distance Runner","Floating Boy",NA,NA,NA,NA,NA,NA,NA,NA
"munich-germany-92599","FLS0932","25/09/1999","Backstage",NA,753,"Nick Pellicciotto","Jerry Busher","DAT","Very Good","Something Like Elvis",NA,"1999 Fall European Tour","Munich","","Germany","Number 5","Place Position","And The Same","Dear Justice Letter","Stacks","FD","Bed For The Scraping","Target","Merchandise","Recap Modotti","Smallpox Champion","Closed Captioned","Interlude 1","Forensic Scene","Argument","Public Witness Program","Reclamation","Long Division","Runaway Return","Back to Base","Do You Like Me","Five Corporations","Margin Walker","Song #1","Reprovisional","Encore 1","By You","Pink Frosty","Outro",NA,NA,NA,NA,NA,NA,NA,NA,NA,NA,NA
"vienna-austria-92699","FLS0933","26/09/1999","Flexx",NA,1000,"Nick Pellicciotto","Warren Russell-Smith","DAT","Excellent",NA,NA,"1999 Fall European Tour","Vienna","","Austria","Intro","Ex-Spectator","Break","Place Position","Interlude 1","Birthday Pony","Latin Roots","Merchandise","Turnover","Interlude 2","Promises","Rend It","Argument","Burning","Interlude 3","Waiting Room","Target","Reclamation","Floating Boy","Recap Modotti","Closed Captioned","Number 5","Public Witness Program","Five Corporations","Encore 1","Last Chance for a Slow Dance","Long Division","FD","Facet Squared","Do You Like Me","KYEO","Arpeggiator","Encore 2","Oh","Bed For The Scraping","Blueprint",NA,NA,NA,NA
"ljubljana-slovenia-92899","FLS0934","28/09/1999","Metelkova",NA,500,"Nick Pellicciotto","Warren Russell-Smith","DAT","Good","Štirje Pravi Dedci","Opening song is incomplete. Second encore also seems to be missing the first song or two. Alas, the recorder was started late.","1999 Fall European Tour","Ljubljana","","Slovenia","Ex-Spectator Instrumental","Bed For The Scraping","Sieve-Fisted Find","Reclamation","Place Position","Stacks","Cassavetes","Five Corporations","Floating Boy","Long Division","Blueprint","Suggestion","Break-In","Interlude 1","Recap Modotti","Argument","Target","Closed Captioned","FD","Encore 1","Break","Number 5","Margin Walker","Bad Mouth","Interlude 2","Do You Like Me","Great Cop","Public Witness Program","Waiting Room","Encore 2","Pink Frosty","Sweet And Low","Outro",NA,NA,NA,NA,NA,NA,NA
"marghera-italy-92999","FLS0935","29/09/1999","Rivolta",NA,1800,NA,NA,NA,NA,NA,NA,"1999 Fall European Tour","Marghera","","Italy",NA,NA,NA,NA,NA,NA,NA,NA,NA,NA,NA,NA,NA,NA,NA,NA,NA,NA,NA,NA,NA,NA,NA,NA,NA,NA,NA,NA,NA,NA,NA,NA,NA,NA,NA,NA,NA,NA,NA,NA
"rome-italy-93099","FLS0936","30/09/1999","Forte Prenestino",NA,5000,"Nick Pellicciotto","Warren Russell-Smith","DAT","Very Good",NA,"Some songs are incomplete.","1999 Fall European Tour","Rome","","Italy","Ex-Spectator Instrumental","Merchandise","Facet Squared","Place Position","Reclamation","No Surprise","Five Corporations","Public Witness Program","Argument","Recap Modotti","Burning","Interlude 1","Smallpox Champion","Closed Captioned","Arpeggiator","Target","Repeater","By You","Number 5","Latin Roots","Break","Rend It","Outro",NA,NA,NA,NA,NA,NA,NA,NA,NA,NA,NA,NA,NA,NA,NA,NA,NA
"florence-italy-100199","FLS0938","01/10/1999","CPA",NA,3000,"Nick Pellicciotto","Warren Russell-Smith","DAT","Excellent",NA,NA,"1999 Fall European Tour","Florence","","Italy","Intro","Break","Place Position","Styrofoam","Interlude 1","Sieve-Fisted Find","Bed For The Scraping","Caustic Acrostic","Interlude 2","Stacks","Do You Like Me","Interlude 3","Closed Captioned","Recap Modotti","Cassavetes","Burning Too","Interlude 4","Margin Walker","Interlude 5","Pink Frosty","Blueprint","Interlude 6","Back To Base","FD","Shut the Door","Last Chance for a Slow Dance","Long Distance Runner","Number 5","Downed City","Argument","Oh","Sweet and Low","Instrument","Encore","Arpeggiator","Waiting Room","Target","Outro",NA,NA
"milan-italy-100299","FLS0939","02/10/1999","Leoncavallo",NA,NA,"Nick Pellicciotto","Jerry Busher","DAT","Very Good",NA,NA,"1999 Fall European Tour","Milan","","Italy","Intro","Ex-Spectator","And The Same","Interlude 1","Walken's Syndrome","Facet Squared","Place Position","Interlude 2","Stacks","Rend It","Break","Sieve-Fisted Find","Reclamation","Interlude 3","Oh","Recap Modotti","Waiting Room","Bulldog Front","Interlude 4","Promises","Floating Boy","Argument","Blueprint","Encore 1","Arpeggiator","Closed Captioned","Forensic Scene","Bed For The Scraping","Target","Repeater","Encore 2","Number 5","Great Cop","FD",NA,NA,NA,NA,NA,NA
"catania-sicily-italy-100399","FLS0940","03/10/1999","Porto Catania Outdoor Show",NA,2000,NA,NA,NA,NA,NA,NA,"1999 Fall European Tour","Catania","","Italy",NA,NA,NA,NA,NA,NA,NA,NA,NA,NA,NA,NA,NA,NA,NA,NA,NA,NA,NA,NA,NA,NA,NA,NA,NA,NA,NA,NA,NA,NA,NA,NA,NA,NA,NA,NA,NA,NA,NA,NA
"zurich-switzerland-100599","FLS0941","05/10/1999","Rote Fabrik",NA,625,"Nick Pellicciotto","Warren Russell-Smith","DAT","Very Good","Blue Water Boy",NA,"1999 Fall European Tour","Zurich","","Switzerland","Opening Remarks","Break","Place Position","And The Same","Public Witness Program","Bed For The Scraping","Foreman's Dog","Birthday Pony","Do You Like Me","Styrofoam","Oh","Closed Captioned","Number 5","Burning","Burning Too","FD","Argument","Blueprint","Recap Modotti","Shut the Door","Floating Boy","Instrument","Target","Great Cop","Arpeggiator","Encore 1","Five Corporations","Downed City","Long Division","No Surprise",NA,NA,NA,NA,NA,NA,NA,NA,NA,NA
"geneva-switzerland-100699","FLS0942","06/10/1999","L'Usine",NA,650,"Nick Pellicciotto","Fugazi","DAT","Very Good",NA,"Previously released on CD (FLS26).","1999 Fall European Tour","Geneva","","Switzerland","Number 5","Facet Squared","Walken's Syndrome","Merchandise","Place Position","Stacks","Runaway Return","Bed For The Scraping","FD","Long Division","Recap Modotti","Margin Walker","Waiting Room","Turnover","Interlude 1","Closed Captioned","Floating Boy","Argument","Do You Like Me","Five Corporations","Target","Reclamation","Arpeggiator","Public Witness Program","Break","Blueprint","Promises","Version","Interlude 2","Ex-Spectator","Smallpox Champion","Song #1",NA,NA,NA,NA,NA,NA,NA,NA
"marseille-france-100799","FLS0943","07/10/1999","Theatre Du Moulin",NA,450,"Nick Pellicciotto","Warren Russell-Smith","DAT","Very Good",NA,"Recording loses one channel during the first encore (tracks 22-26).","1999 Fall European Tour","Marseille","","France","Intro","Break","Place Position","And The Same","Latin Roots","Merchandise","Number 5","Rend It","Back to Base","Oh","Closed Captioned","Recap Modotti","Interlude 1","Burning","Burning Too","Fell, Destroyed","Argument","Do You Like Me","Five Corporations","Public Witness Program","Great Cop","Encore 1","Floating Boy","Promises","Arpeggiator","Blueprint","Encore 2","Reclamation","FD","Bed For The Scraping","Encore 3","Repeater","Outro",NA,NA,NA,NA,NA,NA,NA
"barcelona-spain-100899","FLS0944","08/10/1999","Zeleste",NA,1125,"Nick Pellicciotto","Warren Russell-Smith","DAT","Very Good","No More Lies","First two songs are incomplete.","1999 Fall European Tour","Barcelona","","Spain","Ex-Spectator","And The Same","Smallpox Champion","Merchandise","Caustic Acrostic","Facet Squared","Nice New Outfit","Break","Place Position","Birthday Pony","Recap Modotti","Give Me The Cure","Bad Mouth","No Surprise","Argument","Blueprint","Back to Base","Number 5","Cassavetes","Closed Captioned","Downed City","Encore 1","Do You Like Me","Bed For The Scraping","Sieve-Fisted Find","Long Division","FD","Encore 2","Waiting Room","Target","Instrument","Last Chance For A Slow Dance","Outro",NA,NA,NA,NA,NA,NA,NA
"bergara-spainbasque-101099","FLS0945","10/10/1999","Sala Jam",NA,1300,NA,NA,NA,NA,"Half Foot Outside, Lisabö",NA,"1999 Fall European Tour","Bergara","","Spain",NA,NA,NA,NA,NA,NA,NA,NA,NA,NA,NA,NA,NA,NA,NA,NA,NA,NA,NA,NA,NA,NA,NA,NA,NA,NA,NA,NA,NA,NA,NA,NA,NA,NA,NA,NA,NA,NA,NA,NA
"bordeaux-france-101199","FLS0946","11/10/1999","Theatre Barbey",NA,800,"Nick Pellicciotto","Warren Russell-Smith","DAT","Very Good","Virago","Recording was started late, so beginning of set is missing.","1999 Fall European Tour","Bordeaux","","France","Lockdown","Interlude 1","Break","Oh","Bed For The Scraping","Interlude 2","Target","Five Corporations","Rend It","Interlude 3","Long Distance Runner","Arpeggiator","Interlude 4","Floating Boy","Long Division","Blueprint","Interlude 5","Forensic Scene","Interlude 6","Back to Base","Two Beats Off","Bad Mouth","Version","Outro",NA,NA,NA,NA,NA,NA,NA,NA,NA,NA,NA,NA,NA,NA,NA,NA
"poitiers-france-101299","FLS0947","12/10/1999","Le Confort Moderne",NA,650,NA,NA,NA,NA,"Gum",NA,"1999 Fall European Tour","Poitiers","","France",NA,NA,NA,NA,NA,NA,NA,NA,NA,NA,NA,NA,NA,NA,NA,NA,NA,NA,NA,NA,NA,NA,NA,NA,NA,NA,NA,NA,NA,NA,NA,NA,NA,NA,NA,NA,NA,NA,NA,NA
"nantes-france-101399","FLS0948","13/10/1999","L'Olympic",NA,690,"Nick Pellicciotto","Jerry Busher","DAT","Very Good",NA,NA,"1999 Fall European Tour","Nantes","","France","Intro","Brendan #1","Greed","Public Witness Program","Five Corporations","Interlude 1","Place Position","Bed For The Scraping","Nice New Outfit","And The Same","Recap Modotti","FD","Shut the Door","Burning","Bad Mouth","Floating Boy","Argument","Number 5","Blueprint","Closed Captioned","Rend It","Oh","Reclamation","Encore 1","Arpeggiator","Interlude 2","Merchandise","Downed City","Facet Squared","Sweet and Low","Target","Outro",NA,NA,NA,NA,NA,NA,NA,NA
"paris-france-101499","FLS0949","14/10/1999","Le Cafe De la Danse",NA,700,"Nick Pellicciotto","Warren Russell-Smith","DAT","Very Good",NA,NA,"1999 Fall European Tour","Paris","","France","Intro","Ex-Spectator Instrumental","Break","Interlude","Sieve-Fisted Find","Reclamation","Place Position","Styrofoam","Floating Boy","Argument","Rend It","Interlude 2","Stacks","Recap Modotti","Do You Like Me","Five Corporations","Smallpox Champion","Interlude 3","Closed Captioned","Number 5","Burning","Long Division","Oh","Promises","Encore 1","Arpeggiator","Target","Back To Base","Blueprint","Instrument","Sweet and Low","Forensic Scene","Encore 2","Bed For The Scraping","Interlude 4","KYEO","Version","Outro",NA,NA
"brussels-belgium-101599","FLS0950","15/10/1999","Ancienne Belgique",NA,1900,"Nick Pellicciotto","Fugazi","DAT","Very Good","Black Heart Procession, Vandal X",NA,"1999 Fall European Tour","Brussels","","Belgium","Intro","Furniture","Interlude 1","Back to Base","Place Position","And The Same","Number 5","Rend It","Closed Captioned","Do You Like Me","Merchandise","Floating Boy","Argument","Blueprint","Interlude 2","Birthday Pony","Recap Modotti","Burning","Suggestion","Interlude 3","Last Chance for a Slow Dance","Encore 1","Break","FD","Repeater","Interlude 4","Oh","Five Corporations","Public Witness Program","Encore 2","Instrument","Target","Great Cop","Outro",NA,NA,NA,NA,NA,NA
"tilburg-netherlands-101699","FLS0951","16/10/1999","O13",NA,600,"Nick Pellicciotto","Warren Russell-Smith","DAT","Excellent",NA,NA,"1999 Fall European Tour","Tilburg","","Netherlands","Break","Sieve-Fisted Find","Stacks","Foreman's Dog","Interlude 1","Reclamation","Walken's Syndrome","Bed For The Scraping","Interlude 2","Oh","Interlude 3","Closed Captioned","Number 5","Floating Boy","Long Division","Runaway Return","Recap Modotti","Interlude 4","Returning The Screw","Interlude 5","Smallpox Champion","Great Cop","Public Witness Program","Five Corporations","Interlude 6","Argument","Do You Like Me","Greed","Interlude 7","Arpeggiator","Interlude 8","Reprovisional","Promises","Forensic Scene","Sweet and Low","Outro",NA,NA,NA,NA
"providence-ri-usa-120299","FLS0953","02/12/1999","Lupo's Heartbreak Hotel","6",1900,"Nick Pellicciotto","Warren Russell-Smith","DAT","Excellent","The Ex",NA,"1999 Fall/Winter Southern USA Tour","Providence","RI","USA","Intro","Ex-Spectator Instrumental","Break","Place Position","And The Same","Smallpox Champion","Stacks","Interlude 1","Foreman's Dog","Merchandise","Number 5","Burning","Interlude 2","Argument","Recap Modotti","Target","Five Corporations","Do You Like Me","Furniture","Oh","Closed Captioned","Blueprint","Bad Mouth","Encore","Arpeggiator","Cassavetes","KYEO","Last Chance For A Slow Dance",NA,NA,NA,NA,NA,NA,NA,NA,NA,NA,NA,NA
"new-york-city-ny-usa-120399","FLS0954","03/12/1999","Roxy","5",2500,"Nick Pellicciotto","Warren Russell-Smith","DAT","Very Good","The Ex","There's distortion on the recording for the first 15 or so minutes, than it clears up.","1999 Fall/Winter Southern USA Tour","New York","NY","USA","Intro","Number 5","Merchandise","Place Position","Reclamation","FD","Five Corporations","Interlude 1","Oh","Closed Captioned","Recap Modotti","Floating Boy","Bed For The Scraping","Furniture","Margin Walker","Suggestion","Interlude 2","Arpeggiator","Rend It","Birthday Pony","Smallpox Champion","Encore","By You","Argument","Target","Repeater",NA,NA,NA,NA,NA,NA,NA,NA,NA,NA,NA,NA,NA,NA
"philadelphia-pa-usa-120499","FLS0955","04/12/1999","Electric Factory","6",3000,"Nick Pellicciotto",NA,"DAT","Excellent","The Ex, Lungfish",NA,"1999 Fall/Winter Southern USA Tour","Philadelphia","PA","USA","Intro","Arpeggiator","Place Position","Birthday Pony","Walken's Syndrome","And The Same","Caustic Acrostic","Interlude 1","Back To Base","Do You Like Me","Long Division","Oh","Break","Margin Walker","Waiting Room","Interlude 2","Recap Modotti","Turnover","Interlude 3","Argument","FD",NA,NA,NA,NA,NA,NA,NA,NA,NA,NA,NA,NA,NA,NA,NA,NA,NA,NA,NA
"washington-dc-usa-120599","FLS0956","05/12/1999","9:30 Club","5",1500,"Nick Pellicciotto","Warren Russell-Smith","DAT","Very Good","The Ex","Benefit for Whitman Walker","1999 Fall/Winter Southern USA Tour","Washington","DC","USA","Intro","Number 5","Break","Sieve-Fisted Find","Interlude 1","Stacks","Target","Five Corporations","Interlude 2","Oh","Closed Captioned","FD","Furniture","Give Me The Cure","Argument","Recap Modotti","Do You Like Me","Reclamation","Floating Boy","Promises","Interlude 3","Blueprint","Facet Squared","Public Witness Program","Song #1","Version","Glueman",NA,NA,NA,NA,NA,NA,NA,NA,NA,NA,NA,NA,NA
"charlottesville-va-usa-120899","FLS0957","07/12/1999","Trax","6",900,"Nick Pellicciotto",NA,"DAT","Excellent","The Ex",NA,"1999 Fall/Winter Southern USA Tour","Charlottesville","VA","USA","Intro","Latin Roots","Styrofoam","Foreman's Dog","Long Division","Two Beats Off","Reclamation","Recap Modotti","Target","Interlude 1","Argument","Burning","Interlude 2","Great Cop","Public Witness Program","Break","Number 5","Oh","Sweet and Low","Interlude 3","Bed For The Scraping","FD","Waiting Room","Margin Walker","Bad Mouth","Interlude 4","No Surprise","Pink Frosty","Arpeggiator",NA,NA,NA,NA,NA,NA,NA,NA,NA,NA,NA
"atlanta-ga-usa-121799","FLS0958","17/12/1999","Masquerade","6",1200,"Nick Pellicciotto","Warren Russell-Smith","DAT","Very Good","Allscars, Faraquet",NA,"1999 Fall/Winter Southern USA Tour","Atlanta","GA","USA","Ex-Spectator Instrumental","Break","Place Position","Greed","Do You Like Me","Reclamation","Sieve-Fisted Find","Interlude 1","Birthday Pony","FD","Interlude 2","Merchandise","Oh","Recap Modotti","Interlude 3","Closed Captioned","Burning","Interlude 4","Promises","Floating Boy","Long Division","Blueprint","Waiting Room","Interlude 5","Number 5","Encore","No Surprise","Argument","Target","Interlude 6","Instrument","Interlude 7","Arpeggiator",NA,NA,NA,NA,NA,NA,NA
"athens-ga-usa-121899","FLS0959","18/12/1999","40 Watt","6",900,"Nick Pellicciotto","Warren Russell-Smith","DAT","Very Good","Allscars, Faraquet",NA,"1999 Fall/Winter Southern USA Tour","Athens","GA","USA","Intro","Number 5","Cassavetes","And The Same","Place Position","Styrofoam","Public Witness Program","Interlude 1","Stacks","Recap Modotti","FD","Furniture","Floating Boy","Argument","Give Me The Cure","Song #1","Arpeggiator","Oh","Closed Captioned","Runaway Return","Interlude 2","Five Corporations","Interlude 3","Turnover","Bed For The Scraping","Caustic Acrostic","Break","Forensic Scene","Pink Frosty","Target","Interlude 4","KYEO","Encore","Ex-Spectator Instrumental","Interlude 6","Great Cop","Do You Like Me","Sweet and Low",NA,NA
"knoxville-tn-usa-121999","FLS0960","19/12/1999","Electric Ballroom","6",700,"Nick Pellicciotto","Warren Russell-Smith","DAT","Very Good","Faraquet",NA,"1999 Fall/Winter Southern USA Tour","Knoxville","TN","USA","Ex-Spectator Instrumental","Merchandise","Latin Roots","Facet Squared","Foreman's Dog","Interlude 1","Birthday Pony","Public Witness Program","Closed Captioned","Number 5","Exit Only","Reclamation","Recap Modotti","Margin Walker","Burning Too","Interlude 2","FD","Break","Oh","Interlude 3","Shut the Door","Encore","Arpeggiator","Smallpox Champion","Five Corporations","Last Chance for a Slow Dance","Repeater","Outro",NA,NA,NA,NA,NA,NA,NA,NA,NA,NA,NA,NA
"nashville-tn-usa-122099","FLS0961","20/12/1999","328 Performance","6",800,"Nick Pellicciotto","Jerry Busher","DAT","Very Good","Faraquet",NA,"1999 Fall/Winter Southern USA Tour","Nashville","TN","USA","Intro","Break","Downed City","And The Same","Target","Stacks","Place Position","Furniture","Number 5","Blueprint","Waiting Room","Break-In","Reclamation","Floating Boy","Recap Modotti","Argument","FD","Bed For The Scraping","Runaway Return","Encore 1","Latin Roots","Closed Captioned","Oh","Long Division","Rend It","Arpeggiator","Outro",NA,NA,NA,NA,NA,NA,NA,NA,NA,NA,NA,NA,NA
"raleigh-nc-usa-11200","FLS0962","12/01/2000","Ritz","6",1750,"Nick Pellicciotto","Warren Russell-Smith","DAT","Excellent","Faraquet",NA,"2000 Winter Southern USA Tour","Raleigh","NC","USA","Ex-Spectator Instrumental","Break","Place Position","Merchandise","Walken's Syndrome","And The Same","Cassavetes","Interlude 1","Stacks","Recap Modotti","FD","Song #1","Burning","Interlude 2","Argument","Blueprint","Closed Captioned","Number 5","Do You Like Me","Great Cop","Encore 1","Oh","Long Division","Caustic Acrostic","Bed For The Scraping","Arpeggiator","Encore 2","Promises","Forensic Scene","Sweet and Low",NA,NA,NA,NA,NA,NA,NA,NA,NA,NA
"charlotte-nc-usa-11300","FLS0963","13/01/2000","Tremont Music Hall","6",900,"Nick Pellicciotto","Warren Russell-Smith","DAT","Very Good","Faraquet","""Thus concluded the concert.""","2000 Winter Southern USA Tour","Charlotte","NC","USA","Intro","Birthday Pony","Sieve-Fisted Find","Greed","Guilford Fall","Reclamation","Runaway Return","Interlude 1","Five Corporations","Public Witness Program","Furniture","Interlude 2","Recap Modotti","Floating Boy","Closed Captioned","Margin Walker","Bad Mouth","Interlude 3","Oh","Break","Number 5","Interlude 4","By You","Interlude 5","Rend It","Argument","Target","Back To Base","Interlude 6","Arpeggiator","Encore 1","Instrument","Blueprint","Suggestion","Interlude 7","Long Division","Version",NA,NA,NA
"savannah-ga-usa-11400","FLS0964","14/01/2000","River Rock","5",700,NA,NA,NA,NA,"Faraquet, Flan",NA,"2000 Winter Southern USA Tour","Savannah","GA","USA",NA,NA,NA,NA,NA,NA,NA,NA,NA,NA,NA,NA,NA,NA,NA,NA,NA,NA,NA,NA,NA,NA,NA,NA,NA,NA,NA,NA,NA,NA,NA,NA,NA,NA,NA,NA,NA,NA,NA,NA
"gainesville-fl-usa-11500","FLS0965","15/01/2000","Brick City","6",1100,"Nick Pellicciotto","Jerry Busher","DAT","Very Good","Faraquet, True North",NA,"2000 Winter Southern USA Tour","Gainesville","FL","USA","Sieve-Fisted Find","And The Same","Do You Like Me","Interlude 1","Stacks","Caustic Acrostic","Great Cop","Public Witness Program","Furniture","Recap Modotti","Burning","Long Division","No Surprise","Closed Captioned","Number 5","Rend It","Song #1","FD","Reclamation","Encore 1","Argument","Arpeggiator","Floating Boy","Five Corporations","Blueprint","Repeater",NA,NA,NA,NA,NA,NA,NA,NA,NA,NA,NA,NA,NA,NA
"orlando-fl-usa-11600","FLS0966","16/01/2000","Firestone","6",1650,"Nick Pellicciotto","Warren Russell-Smith","DAT","Excellent","Faraquet",NA,"2000 Winter Southern USA Tour","Orlando","FL","USA","Intro","Ex-Spectator Instrumental","Merchandise","Place Position","Interlude 1","Break","Cassavetes","Interlude 2","Birthday Pony","Turnover","Reclamation","Interlude 3","Oh","Closed Captioned","Bulldog Front","Bad Mouth","Lockdown","Waiting Room","Recap Modotti","Last Chance for a Slow Dance","Interlude 4","Long Distance Runner","Number 5","Encore","Target","Bed For The Scraping","Public Witness Program","Interlude 5","Argument","Arpeggiator",NA,NA,NA,NA,NA,NA,NA,NA,NA,NA
"fort-lauderdale-fl-usa-11800","FLS0967","18/01/2000","Chili Pepper","6",1200,"Nick Pellicciotto","Jerry Busher","DAT","Very Good","Faraquet",NA,"2000 Winter Southern USA Tour","Fort Lauderdale","FL","USA","Intro","Ex-Spectator Instrumental","Merchandise","Latin Roots","Birthday Pony","Place Position","Closed Captioned","Turnover","Interlude 1","Furniture","Two Beats Off","Bed For The Scraping","Interlude 2","Oh","Promises","Margin Walker","Waiting Room","Interlude 3","Number 5","Recap Modotti","By You","Target","Reclamation","Encore 1","Arpeggiator","Do You Like Me","Five Corporations","Fell, Destroyed","Break","Sweet and Low","Outro",NA,NA,NA,NA,NA,NA,NA,NA,NA
"tampa-fl-usa-11900","FLS0968","19/01/2000","Masquerade","6",1400,"Nick Pellicciotto","Warren Russell-Smith","DAT","Very Good","Faraquet",NA,"2000 Winter Southern USA Tour","Tampa","FL","USA","Brendan #1","Sieve-Fisted Find","And The Same","FD","Facet Squared","Nice New Outfit","Bed For The Scraping","Interlude 1","Oh","Long Division","Blueprint","Suggestion","Give Me The Cure","Recap Modotti","Argument","Rend It","Five Corporations","Number 5","Public Witness Program","Encore","Promises","No Surprise","Interlude 2","Great Cop","Do You Like Me","Closed Captioned","Arpeggiator",NA,NA,NA,NA,NA,NA,NA,NA,NA,NA,NA,NA,NA
"tallahassee-fl-usa-12000","FLS0969","20/01/2000","Moon","6",1200,"Nick Pellicciotto","Warren Russell-Smith","DAT","Very Good","Faraquet, Flanders",NA,"2000 Winter Southern USA Tour","Tallahassee","FL","USA","Intro","Joe #1","Arpeggiator","Break","Walken's Syndrome","Merchandise","Place Position","Interlude 1","Stacks","Runaway Return","Furniture","Recap Modotti","Forensic Scene","Promises","Break-In","Waiting Room","Burning","Closed Captioned","Oh","Reclamation","Floating Boy","Long Division","Blueprint","Encore","Pink Frosty","Interlude 2","Smallpox Champion","Bed For The Scraping","FD","Interlude 3","Instrument","Number 5","Version",NA,NA,NA,NA,NA,NA,NA
"san-francisco-ca-usa-60400","FLS0970","04/06/2000","Mission Dolores Park","Free",15000,"Stephen Kozlowski",NA,NA,"Good","Sleater Kinney, Vic Chesnutt, Bonfire Madigan, DJ Disk","Food Not Bombs 20th Anniversary","2000 Summer/Fall Regional Dates","San Francisco","CA","USA","Ex-Spectator Instrumental","Break","Place Position","Interlude 1","Merchandise","Turnover","Reclamation","Interlude 2","Oh","Long Division","Rend It","Interlude 3","Argument","Margin Walker","Interlude 4","Suggestion","Burning","Interlude 5","Cashout","Interlude 6","Arpeggiator","Do You Like Me","Great Cop","No Surprise","Encore","Closed Captioned","Outro",NA,NA,NA,NA,NA,NA,NA,NA,NA,NA,NA,NA,NA
"washington-dc-usa-62700","FLS0971","27/06/2000","Smithsonian Folklife Festival / National Mall","Free",1000,"Dave Redman",NA,"CD","Very Good",NA,"Benefit for WISH","2000 Summer/Fall Regional Dates","Washington","DC","USA","Opening Remarks","Ex-Spectator Instrumental","Smallpox Champion","Reclamation","Interlude 1","Target","Styrofoam","Interlude 2","Oh","Closed Captioned","FD","Argument","Burning","Song #1","Number 5","Interlude 3","Cassavetes","Recap Modotti","Bed For The Scraping","Downed City","Interlude 4","Cashout","Blueprint","Outro",NA,NA,NA,NA,NA,NA,NA,NA,NA,NA,NA,NA,NA,NA,NA,NA
"washington-dc-usa-80700","FLS0972","07/08/2000","Fort Reno","Free",NA,"ANON",NA,"VHS audio","Good","Vertabrates","DC Underground Invitational I","2000 Summer/Fall Regional Dates","Washington","DC","USA","Opening Remarks","Ex-Spectator","Number 5","Bed For The Scraping","Public Witness Program","Epic Problem","Interlude 1","Strange Disclosure","Furniture","Turnover","Instrument","Recap Modotti","Oh","Cashout","Interlude 2","Margin Walker","Bad Mouth","Interlude 3","Forensic Scene","Argument","Smallpox Champion","Interlude 4","KYEO","Encore","No Surprise","Closed Captioned","FD","Arpeggiator","Outro",NA,NA,NA,NA,NA,NA,NA,NA,NA,NA,NA
"umea-sweden-93000","FLS0973","30/09/2000","Galaxen",NA,500,"Nick Pellicciotto","Jerry Busher","DAT","Very Good","Int. Noise Conspiracy",NA,"2000 Fall Northern European Tour","Umea",NA,"Sweden","Intro","Break","Number 5","Place Position","Merchandise","Sieve-Fisted Find","Reclamation","No Surprise","Interlude 1","Stacks","Interlude 2","Oh","Closed Captioned","Burning","Bad Mouth","Recap Modotti","Interlude 3","Rend It","Five Corporations","Public Witness Program","Argument","Blueprint","Long Division","Arpeggiator","Encore 1","Cashout","Target","Bed For The Scraping","Interlude 4","Last Chance for a Slow Dance","Promises","Encore 2","Floating Boy","Instrument","Sweet and Low",NA,NA,NA,NA,NA
"stockholm-sweden-100100","FLS0974","01/10/2000","Kolingsborg",NA,700,"Nick Pellicciotto","Warren Russell-Smith","DAT","Very Good","Randy, Trap Door Fucking Exit",NA,"2000 Fall Northern European Tour","Stockholm","","Sweden","Intro","Birthday Pony","Number 5","Do You Like Me","Facet Squared","Caustic Acrostic","And The Same","Interlude 1","Turnover","Argument","FD","Closed Captioned","Cassavetes","Waiting Room","Margin Walker","Epic Problem","Recap Modotti","Interlude 2","Smallpox Champion","Interlude 3","Break","Oh","Furniture","Arpeggiator","Interlude 4","Forensic Scene","Encore 1","Cashout","Interlude 5","Foreman's Dog","Long Division","Blueprint",NA,NA,NA,NA,NA,NA,NA,NA
"oslo-norway-100200","FLS0975","02/10/2000","Rockefeller Music Hall",NA,650,"Nick Pellicciotto","Warren Russell-Smith","DAT","Excellent","Billion Dollar Mission",NA,"2000 Fall Northern European Tour","Oslo","","Norway","Intro","Break","Sieve-Fisted Find","And The Same","Runaway Return","Merchandise","Oh","Closed Captioned","Arpeggiator","Downed City","Interlude 1","Five Corporations","Do You Like Me","Song #1","Give Me The Cure","Cashout","Target","Bed For The Scraping","FD","Pink Frosty","By You","Recap Modotti","Argument","Smallpox Champion","Reclamation","Encore","Number 5","Bulldog Front","Bad Mouth","Blueprint","Great Cop","Ex-Spectator Instrumental",NA,NA,NA,NA,NA,NA,NA,NA
"trondheim-norway-100300","FLS0976","03/10/2000","Uffa",NA,300,"Nick Pellicciotto","Warren Russell-Smith","DAT","Very Good","Opera Performance",NA,"2000 Fall Northern European Tour","Trondheim",NA,"Norway","Intro","Ex-Spectator","Break","Place Position","Merchandise","Interlude 1","Latin Roots","And The Same","Interlude 2","Oh","Cashout","Public Witness Program","Waiting Room","Burning","Long Division","Recap Modotti","Target","Promises","Forensic Scene","Argument","Smallpox Champion","Interlude 3","Arpeggiator","Interlude 4","Long Distance Runner","Encore 1","Blueprint","Interlude 5","Greed","Interlude 6","Sweet and Low",NA,NA,NA,NA,NA,NA,NA,NA,NA
"bergen-norway-100400","FLS0977","04/10/2000","Kvarteret",NA,300,"Nick Pellicciotto","Warren Russell-Smith","DAT","Excellent",NA,NA,"2000 Fall Northern European Tour","Bergen",NA,"Norway","Intro","Break","Sieve-Fisted Find","Facet Squared","Guilford Fall","Furniture","Walken's Syndrome","Bed For The Scraping","Interlude 1","Oh","Closed Captioned","Arpeggiator","Interlude 2","Margin Walker","Waiting Room","Lockdown","Suggestion","Interlude 3","Target","Back To Base","Recap Modotti","No Surprise","Argument","Blueprint","Encore 1","Long Division","FD","Cashout","Interlude 4","Exit Only","Great Cop","Number 5",NA,NA,NA,NA,NA,NA,NA,NA
"jonkoping-sweden-100600","FLS0978","06/10/2000","Kulturhuset",NA,600,"Ola Sivertson",NA,NA,"Good","Dialog Cet",NA,"2000 Fall Northern European Tour","Jonkoping","","Sweden","Intro","Cashout","Exit Only","Reclamation","Do You Like Me","Merchandise","Number 5","Oh","Closed Captioned","Rend It","Bad Mouth","Recap Modotti","Break","Nice New Outfit","Bed For The Scraping","Two Beats Off","Encore","Shut the Door","Arpeggiator","Interlude 1","Back To Base","Turnover","Argument",NA,NA,NA,NA,NA,NA,NA,NA,NA,NA,NA,NA,NA,NA,NA,NA,NA
"copenhagen-denmark-100700","FLS0979","07/10/2000","Loppen",NA,450,"Nick Pellicciotto","Warren Russell-Smith","DAT","Excellent","Barrahead","For some reason only the encore was recorded. If anyone out there knows of a recording of the full show, please let us know.","2000 Fall Northern European Tour","Copenhagen","","Denmark","Encore","Cashout","Forensic Scene","Epic Problem","Reprovisional","Long Division","Version","Outro",NA,NA,NA,NA,NA,NA,NA,NA,NA,NA,NA,NA,NA,NA,NA,NA,NA,NA,NA,NA,NA,NA,NA,NA,NA,NA,NA,NA,NA,NA,NA,NA
"lund-sweden-100800","FLS0980","08/10/2000","Mejeriet",NA,350,"Nick Pellicciotto","Jerry Busher","DAT","Very Good","Last Days of April",NA,"2000 Fall Northern European Tour","Lund",NA,"Sweden","Intro","Number 5","Break","Dear Justice Letter","Interlude 1","Birthday Pony","Public Witness Program","Reclamation","Guilford Fall","Five Corporations","Walken's Syndrome","Cashout","Recap Modotti","Exit Only","Bed For The Scraping","Interlude 2","Arpeggiator","Interlude 3","Give Me The Cure","Burning Too","Lockdown","Merchandise","No Surprise","Closed Captioned","Encore 1","Last Chance for a Slow Dance","Argument","Oh","KYEO","Encore 2","Foreman's Dog","Repeater","Sweet and Low","Outro",NA,NA,NA,NA,NA,NA
"helsinki-finland-101000","FLS0981","10/10/2000","Nosturi",NA,370,"Nick Pellicciotto","Jerry Busher","DAT","Very Good","Candy Cane",NA,"2000 Fall Northern European Tour","Helsinki","","Finland","Intro","Ex-Spectator","Break","Sieve-Fisted Find","And The Same","Interlude 1","Do You Like Me","Five Corporations","Public Witness Program","Interlude 2","Birthday Pony","Rend It","Long Division","Recap Modotti","Turnover","Closed Captioned","Arpeggiator","Oh","Song #1","Margin Walker","Waiting Room","Burning","Cashout","Blueprint","Reclamation","Interlude 3","Great Cop","Number 5",NA,NA,NA,NA,NA,NA,NA,NA,NA,NA,NA,NA
"denver-co-usa-40501","FLS0982","05/04/2001","Ogden Theater","6",1200,"Nick Pellicciotto","Warren Russell-Smith","DAT","Very Good","Family of Discordia",NA,"2001 Spring Western USA Tour","Denver","CO","USA","Intro","Ex-Spectator","Sieve-Fisted Find","Reclamation","Interlude 1","Full Disclosure","Long Division","Rend It","Interlude 2","Cashout","Smallpox Champion","Merchandise","Interlude 3","The Kill","Last Chance For a Slow Dance","Closed Captioned","Arpeggiator","Nightshop","Bed For The Scraping","Give Me The Cure","Waiting Room","Public Witness Program","Argument","Blueprint","Encore 1","Break","Number 5","Oh","Promises","Encore 2","Target","Five Corporations","Cassavetes","Sweet and Low","Outro",NA,NA,NA,NA,NA
"denver-co-usa-40601","FLS0983","06/04/2001","Ogden Theater","6",1200,"Nick Pellicciotto","Warren Russell-Smith","DAT","Excellent","Still left Standing, Sin Desires Marie",NA,"2001 Spring Western USA Tour","Denver","CO","USA","Intro","Break","Place Position","Facet Squared","Do You Like Me","And The Same","Interlude 1","Oh","Cashout","Interlude 2","Turnover","Interlude 3","Stacks","Recap Modotti","Burning","Suggestion","Break-In","Bad Mouth","FD","Argument","Blueprint","Instrument","Encore 1","Strangelight","Interlude 4","Epic Problem","Arpeggiator","Walken's Syndrome","Great Cop","Encore 2","Target","Furniture","By You","Forensic Scene","Outro",NA,NA,NA,NA,NA
"colorado-springs-co-usa-40701","FLS0984","07/04/2001","Colorado Music Hall","6",900,"Nick Pellicciotto","Warren Russell-Smith","DAT","Excellent","Go Go Go Airheart",NA,"2001 Spring Western USA Tour","Colorado Springs","CO","USA","Intro","Exit Only","Merchandise","Interlude 1","Place Position","Closed Captioned","Oh","Interlude 2","Back To Base","Do You Like Me","Furniture","Interlude 3","No Surprise","Birthday Pony","Nightshop","Interlude 4","Argument","Smallpox Champion","Waiting Room","Margin Walker","Song #1","Interlude 5","Recap Modotti","Interlude 6","Strangelight","Long Division","Bed For The Scraping","Interlude 7","Caustic Acrostic","Interlude 8","Reclamation","Arpeggiator","Encore","Last Chance for a Slow Dance","Repeater",NA,NA,NA,NA,NA
"albuquerque-nm-usa-40801","FLS0985","08/04/2001","Sunshine Music Hall","6",1100,"Nick Pellicciotto","Warren Russell-Smith","DAT","Excellent","Gogogo Airheart, Eyeliners",NA,"2001 Spring Western USA Tour","Albuquerque","NM","USA","Sieve-Fisted Find","Reclamation","Interlude 1","Target","Ex-Spectator","Interlude 2","Place Position","Waiting Room","Burning","Interlude 3","Closed Captioned","Rend It","Interlude 4","Five Corporations","Public Witness Program","Cashout","Recap Modotti","Blueprint","Promises","Interlude 5","Number 5","Interlude 6","Downed City","Argument","Runaway Return","Merchandise","Sweet and Low","Encore","Do You Like Me","Facet Squared","Arpeggiator","Outro",NA,NA,NA,NA,NA,NA,NA,NA
"el-paso-tx-usa-40901","FLS0986","09/04/2001","E9","6",990,"Michael Sanderson",NA,"Cassette","Good","Defacto",NA,"2001 Spring Western USA Tour","El Paso","TX","USA","Intro","Break","Place Position","Merchandise","Latin Roots","Interlude 1","Reclamation","Full Disclosure","Long Division","Number 5","Oh","Interlude 2","Closed Captioned","Smallpox Champion","Stacks","Recap Modotti","FD","Interlude 3","Waiting Room","Give Me The Cure","Song #1","Interlude 4","Public Witness Program","Furniture","Arpeggiator","Interlude 5","Great Cop","Do You Like Me","Interlude 6","Repeater","Blueprint","Outro",NA,NA,NA,NA,NA,NA,NA,NA
"tucson-az-usa-41001","FLS0987","10/04/2001","Rialto Theater","6",1500,"Nick Pellicciotto","Warren Russell-Smith","DAT","Excellent","Los Sinfronteras",NA,"2001 Spring Western USA Tour","Tucson","AZ","USA","Intro","Break","Sieve-Fisted Find","Reclamation","Public Witness Program","Closed Captioned","Nightshop","Bed For The Scraping","Place Position","Furniture","Strangelight","Cashout","Recap Modotti","Interlude 1","Do You Like Me","Waiting Room","Burning","Suggestion","Interlude 2","Oh","Interlude 3","Number 5","Encore","Long Division","Rend It","Great Cop","Target","Interlude 4","Argument","Arpeggiator",NA,NA,NA,NA,NA,NA,NA,NA,NA,NA
"phoenix-az-usa-41201","FLS0988","12/04/2001","Celebrity Theater","6",2600,"Nick Pellicciotto","Warren Russell-Smith","DAT","Very Good","Black Heart Procession",NA,"2001 Spring Western USA Tour","Phoenix","AZ","USA","Intro","Exit Only","Bed For The Scraping","Interlude 1","Walken's Syndrome","And The Same","Turnover","Break","Oh","Closed Captioned","Forensic Scene","Facet Squared","Interlude 2","Strangelight","Interlude 3","Birthday Pony","Public Witness Program","Waiting Room","Margin Walker","Song #1","Break-In","Interlude 4","Argument","Last Chance for a Slow Dance","Long Division","Encore 1","Smallpox Champion","Interlude 5","Epic Problem","Arpeggiator","Interlude 6","Target","By You","Interlude 7","Merchandise","FD","Cashout","Outro",NA,NA
"tuba-city-az-usa-41301","FLS0989","13/04/2001","Grey Hills High School","5",600,NA,NA,NA,NA,"Blackfire",NA,"2001 Spring Western USA Tour","Tuba City","AZ","USA",NA,NA,NA,NA,NA,NA,NA,NA,NA,NA,NA,NA,NA,NA,NA,NA,NA,NA,NA,NA,NA,NA,NA,NA,NA,NA,NA,NA,NA,NA,NA,NA,NA,NA,NA,NA,NA,NA,NA,NA
"salt-lake-city-ut-usa-41401","FLS0990","14/04/2001","Bricks","6",1500,NA,NA,NA,NA,"Ether",NA,"2001 Spring Western USA Tour","Salt Lake City","UT","USA",NA,NA,NA,NA,NA,NA,NA,NA,NA,NA,NA,NA,NA,NA,NA,NA,NA,NA,NA,NA,NA,NA,NA,NA,NA,NA,NA,NA,NA,NA,NA,NA,NA,NA,NA,NA,NA,NA,NA,NA
"laramie-wy-usa-41601","FLS0991","16/04/2001","Cowboy Bar","6",500,"Nick Pellicciotto","Warren Russell-Smith","DAT","Excellent","Heshplus",NA,"2001 Spring Western USA Tour","Laramie","WY","USA","Intro","Birthday Pony","Turnover","Interlude 1","Back To Base","Caustic Acrostic","Interlude 2","And The Same","Oh","Long Division","Cassavetes","Interlude 3","Styrofoam","Floating Boy","Furniture","Walken's Syndrome","Cashout","Arpeggiator","Public Witness Program","Waiting Room","Lockdown","Burning Too","Interlude 5","By You","Interlude 6","Sieve-Fisted Find","Greed","Encore","Break","Downed City","Epic Problem","Number 5","FD","Interlude 7","Instrument","Sweet and Low",NA,NA,NA,NA
"lincoln-ne-usa-41701","FLS0992","17/04/2001","Centennial Hall","6",1000,"Nick Pellicciotto","Warren Russell-Smith","DAT","Very Good","Her Fly Away Manner","On the campus of the University of Nebraska.","2001 Spring Western USA Tour","Lincoln","NE","USA","Intro","Break","Number 5","Do You Like Me","Interlude 1","Stacks","Foreman's Dog","Cashout","Interlude 2","Full Disclosure","Reclamation","Recap Modotti","Smallpox Champion","Interlude 3","Closed Captioned","Arpeggiator","Rend It","Song #1","Give Me The Cure","Waiting Room","Interlude 4","Strangelight","Interlude 5","Argument","Blueprint","Interlude 6","Furniture","Oh","Ex-Spectator","Interlude 7","Reprovisional",NA,NA,NA,NA,NA,NA,NA,NA,NA
"kansas-city-mo-usa-41801","FLS0993","18/04/2001","El Torreon","6",900,"Nick Pellicciotto","Warren Russell-Smith","DAT","Excellent","Big Iron","Something is screwy with the running order of the songs, but we can't figure it out. Does anyone out there have an alternate recording of this show that might be able to clear up the mystery?","2001 Spring Western USA Tour","Kansas City","MO","USA","Bed For The Scraping","Downed City","Reclamation","Interlude 1","Last Chance for a Slow Dance","Interlude 2","Number 5","Turnover","Interlude 3","Closed Captioned","Smallpox Champion","Interlude 4","Five Corporations","Sieve-Fisted Find","Waiting Room","Burning","Recap Modotti","Shut the Door","Encore","Arpeggiator",NA,NA,NA,NA,NA,NA,NA,NA,NA,NA,NA,NA,NA,NA,NA,NA,NA,NA,NA,NA
"columbia-mo-usa-41901","FLS0994","19/04/2001","Blue Note","6",1000,"Nick Pellicciotto","Jerry Busher","DAT","Very Good","Star Death",NA,"2001 Spring Western USA Tour","Columbia","MO","USA","Intro","Ex-Spectator","Exit Only","Facet Squared","Latin Roots","Interlude 1","Back to Base","Cassavetes","Reclamation","FD","Interlude 2","The Kill","Long Division","Blueprint","Suggestion","Interlude 3","Give Me The Cure","Waiting Room","Interlude 4","Number 5","Oh","Interlude 5","Great Cop","Smallpox Champion","Interlude 6","KYEO","Interlude 7","Target","Argument","Nightshop","Break","Arpeggiator","Encore 1","Forensic Scene","Closed Captioned","Place Position","Cashout","Sweet and Low","Outro",NA
"indianapolis-in-usa-42001","FLS0995","20/04/2001","Knights of Columbus Hall","6",700,"Nick Pellicciotto","Jerry Busher","DAT","Very Good","Monster Zero Orchestra",NA,"2001 Spring Western USA Tour","Indianapolis","IN","USA","Intro","Break","Place Position","And The Same","Number 5","Public Witness Program","Epic Problem","Interlude 1","Oh","Merchandise","Downed City","Interlude 2","Closed Captioned","Rend It","Long Division","No Surprise","Cashout","Interlude 3","The Kill","Interlude 4","Arpeggiator","Waiting Room","Burning","Interlude 5","Promises","Encore 1","Do You Like Me","Furniture","Nightshop","Reclamation","Interlude 6","Strangelight","Interlude 7","Repeater","Interlude 8","Blueprint","Outro",NA,NA,NA
"pittsburgh-pa-usa-42101","FLS0996","21/04/2001","Carnegie Mellon University","Free",2000,"Nick Pellicciotto","Jerry Busher","DAT","Very Good","Dead Meadow","Tent Show","2001 Spring Western USA Tour","Pittsburgh","PA","USA","Intro","Number 5","Facet Squared","Do You Like Me","Reclamation","Oh","Closed Captioned","Nightshop","Cashout","Rend It","Bed For The Scraping","Interlude 1","The Kill","Give Me The Cure","Waiting Room","Interlude 2","Arpeggiator","Smallpox Champion","Break","FD","Long Division","Blueprint","Sweet and Low",NA,NA,NA,NA,NA,NA,NA,NA,NA,NA,NA,NA,NA,NA,NA,NA,NA
"washington-dc-usa-42501","FLS0997","25/04/2001","9:30 Club","5",1500,"Nick Pellicciotto","Warren Russell-Smith","DAT","Excellent","Dead Meadow","Benefit for Washington Free Clinic & Prevention Works","2001 Spring/Summer Regional Dates","Washington","DC","USA","Opening Remarks","Ex-Spectator","Number 5","Nightshop","Break","Smallpox Champion","Bed For The Scraping","Oh","Closed Captioned","Walken's Syndrome","Furniture","Interlude 1","The Kill","Strangelight","Interlude 2","Argument","FD","Back To Base","Public Witness Program","Reclamation","Blueprint","Interlude 3","Merchandise","Full Disclosure","Encore 1","Arpeggiator","Cashout","Exit Only","Promises",NA,NA,NA,NA,NA,NA,NA,NA,NA,NA,NA
"washington-dc-usa-42701","FLS0998","27/04/2001","Sacred Heart Church Hall","5",NA,"Nick Pellicciotto","Warren Russell-Smith","DAT","Very Good","Long Goodbye, Orthrelm","Benefit for Neighbors Consejo & Homes Not Jails","2001 Spring/Summer Regional Dates","Washington","DC","USA","Argument","Sieve-Fisted Find","Great Cop","Interlude 1","Nightshop","And The Same","Place Position","Epic Problem","Interlude 2","Last Chance for a Slow Dance","Interlude 3","Birthday Pony","Oh","The Kill","By You","Interlude 4","Cashout","Rend It","Shut the Door","Interlude 5","Hello Morning","Long Division","Arpeggiator","Strangelight","Outro",NA,NA,NA,NA,NA,NA,NA,NA,NA,NA,NA,NA,NA,NA,NA
"severna-park-md-usa-62101","FLS0999","21/06/2001","Columbian Center","5",350,"Joey Picuri","Warren Russell-Smith","DAT","Very Good","Stagger Stagger Crawl",NA,"2001 Spring/Summer Regional Dates","Severna Park","MD","USA","Oh","Closed Captioned","Life and Limb","Interlude 1","Furniture","The Kill","Do You Like Me","Back To Base","Strangelight","Cashout","Blueprint","Encore","Long Distance Runner","Outro",NA,NA,NA,NA,NA,NA,NA,NA,NA,NA,NA,NA,NA,NA,NA,NA,NA,NA,NA,NA,NA,NA,NA,NA,NA,NA
"chicago-il-usa-62301","FLS1000","23/06/2001","Congress Theater","6",3500,"Joey Picuri","Jerry Busher","DAT","Very Good","The Ex, Shellac",NA,"2001 Summer Mid-West/Canada Tour","Chicago","IL","USA","Intro","Ex-Spectator","Sieve-Fisted Find","Reclamation","Interlude 1","FD","Epic Problem","Nightshop","Bed For The Scraping","Smallpox Champion","Interlude 2","The Kill","Closed Captioned","Number 5","Interlude 3","Full Disclosure","Break","Blueprint","Waiting Room","Burning","Long Division","Encore 1","Arpeggiator","Interlude 4","Cashout","Interlude 5","Public Witness Program","Repeater","Encore 2","Great Cop","Turnover","Outro",NA,NA,NA,NA,NA,NA,NA,NA
"chicago-il-usa-62401","FLS1001","24/06/2001","Congress Theater","6",3500,"Joey Picuri","Jerry Busher","DAT","Very Good","The Ex, Shellac",NA,"2001 Summer Mid-West/Canada Tour","Chicago","IL","USA","Intro","Exit Only","Merchandise","Place Position","And The Same","Oh","Closed Captioned","Rend It","Argument","By You","The Kill","Strangelight","Interlude 1","Promises","Do You Like Me","Five Corporations","Number 5","Encore 1","Target","Furniture","Lockdown","Arpeggiator","Sweet and Low","Encore 2","Styrofoam","FD","Break","Outro",NA,NA,NA,NA,NA,NA,NA,NA,NA,NA,NA,NA
"green-bay-wi-usa-62601","FLS1002","26/06/2001","Riverside Ballroom","6",1200,"Joey Picuri","Warren Russell-Smith","DAT","Very Good","The Eternals",NA,"2001 Summer Mid-West/Canada Tour","Green Bay","WI","USA","Opening Remarks","Break","Sieve-Fisted Find","Furniture","Do You Like Me","Facet Squared","Oh","Interlude 1","Closed Captioned","Number 5","Dear Justice Letter","Waiting Room","Bulldog Front","Long Division","Nightshop","The Kill","Cashout","Blueprint","Repeater","Encore 1","Arpeggiator","Public Witness Program","Bed For The Scraping","Interlude 2","Last Chance For a Slow Dance","Interlude 3","Stacks","By You","Outro",NA,NA,NA,NA,NA,NA,NA,NA,NA,NA,NA
"minneapolis-mn-usa-62701","FLS1003","27/06/2001","First Avenue","6",1700,"Joey Picuri","Fugazi","DAT","Very Good","Selby Tigers",NA,"2001 Summer Mid-West/Canada Tour","Minneapolis","MN","USA","Intro","Ex-Spectator","Do You Like Me","Furniture","Cassavetes","Back to Base","Interlude 1","Oh","Promises","Number 5","Burning","Waiting Room","Nightshop","Argument","FD","The Kill","Break","Smallpox Champion","Encore 1","Birthday Pony","Caustic Acrostic","Interlude 2","Cashout","Interlude 3","Arpeggiator","Blueprint","Long Division","Encore 2","No Surprise","Closed Captioned","Sweet and Low","Outro",NA,NA,NA,NA,NA,NA,NA,NA
"fargo-nd-usa-62801","FLS1004","28/06/2001","Playmaker's Pavillion","6",975,"Joey Picuri","Warren Russell-Smith","DAT","Very Good","Refined",NA,"2001 Summer Mid-West/Canada Tour","Fargo","ND","USA","Intro","Break","Latin Roots","Merchandise","Place Position","And The Same","Oh","Ex-Spectator","Walken's Syndrome","Bed For The Scraping","Interlude 1","The Kill","Margin Walker","Waiting Room","Number 5","Public Witness Program","Furniture","Interlude 2","Turnover","Long Division","Encore","Arpeggiator","Nightshop","Reclamation","Smallpox Champion","Repeater","Outro",NA,NA,NA,NA,NA,NA,NA,NA,NA,NA,NA,NA,NA
"winnipeg-mb-canada-62901","FLS1005","29/06/2001","Le Rendez Vous","10 (can)",750,"Joey Picuri","Warren Russell-Smith","DAT","Very Good","Witness Protection Program, Sixty Stories",NA,"2001 Summer Mid-West/Canada Tour","Winnipeg","MB","Canada","Intro","Merchandise","Sieve-Fisted Find","Interlude 1","Birthday Pony","Downed City","Reclamation","Interlude 2","Oh","Ex-Spectator","Interlude 3","Runaway Return","Interlude 4","Back To Base","Number 5","Strangelight","Interlude 5","Waiting Room","Burning","Bad Mouth","Interlude 6","Recap Modotti","Caustic Acrostic","Closed Captioned","Encore 1","Cashout","Public Witness Program","Five Corporations","Arpeggiator","Blueprint","Promises","Encore 2","Last Chance For A Slow Dance","Break","Do You Like Me","Sweet and Low","Outro",NA,NA,NA
"regina-sk-canada-63001","FLS1006","30/06/2001","University of Regina","10 (can)",550,"Joey Picuri","Warren Russell-Smith","DAT","Very Good","Bullmarket",NA,"2001 Summer Mid-West/Canada Tour","Regina","SK","Canada","Intro","Break","Place Position","Facet Squared","Downed City","And The Same","Rend It","Cashout","Nightshop","Furniture","Smallpox Champion","Interlude 1","The Kill","Closed Captioned","Interlude 2","Target","Song #1","Break-In","Reclamation","Arpeggiator","Oh","Long Division","Encore","Number 5","Public Witness Program","Argument","Blueprint","Bed For The Scraping","Outro",NA,NA,NA,NA,NA,NA,NA,NA,NA,NA,NA
"saskatoon-sk-canada-70101","FLS1007","01/07/2001","Sid's Garage","10 (can)",260,"Joey Picuri","Fugazi","DAT","Very Good","Some M.C.",NA,"2001 Summer Mid-West/Canada Tour","Saskatoon","SK","Canada","Sieve-Fisted Find","Five Corporations","Cassavetes","Ex-Spectator","Life and Limb","Closed Captioned","Exit Only","Waiting Room","Lockdown","Suggestion","Interlude 1","The Kill","FD","Instrument","Walken's Syndrome","Break","Interlude 2","Arpeggiator","Encore 1","Facet Squared","Do You Like Me","Cashout","Interlude 3","Oh","Promises","Encore 2","Noisy Dub","Forensic Scene","Great Cop","Latin Roots","Sweet and Low","Outro",NA,NA,NA,NA,NA,NA,NA,NA
"edmonton-ab-canada-70201","FLS1008","02/07/2001","Polish Hall","12 (can)",1000,"Joey Picuri","Warren Russell-Smith","DAT","Very Good","Parkade",NA,"2001 Summer Mid-West/Canada Tour","Edmonton","AB","Canada","Intro","Joe #1","Break","Place Position","Furniture","Public Witness Program","Long Division","Oh","Reclamation","Rend It","Cashout","Number 5","Strangelight","Closed Captioned","By You","Interlude 1","The Kill","Target","Waiting Room","Give Me The Cure","Bad Mouth","Encore","Blueprint","Back To Base","Do You Like Me","Greed","Arpeggiator",NA,NA,NA,NA,NA,NA,NA,NA,NA,NA,NA,NA,NA
"calgary-ab-canada-70301","FLS1009","03/07/2001","MacEwan Hall","11 (can)",1000,"Joey Picuri","Warren Russell-Smith","DAT","Very Good","Honey Rockets",NA,"2001 Summer Mid-West/Canada Tour","Calgary","AB","Canada","Intro","Birthday Pony","Number 5","Interlude 1","Nice New Outfit","And The Same","Caustic Acrostic","Bed For The Scraping","Interlude 2","Oh","Epic Problem","FD","Merchandise","Interlude 3","Last Chance for a Slow Dance","Promises","Recap Modotti","Turnover","Argument","Margin Walker","Waiting Room","Nightshop","Break","Arpeggiator","Encore","Cashout","Interlude 4","Smallpox Champion","Long Division","No Surprise","Pink Frosty","Rend It","Repeater","Outro",NA,NA,NA,NA,NA,NA
"kelowna-bc-canada-70501","FLS1010","05/07/2001","Performance Centre","10 (can)",450,"Joey Picuri","Warren Russell-Smith","DAT","Very Good","The Metic",NA,"2001 Summer Mid-West/Canada Tour","Kelowna","BC","Canada","Intro","Break","Sieve-Fisted Find","Reclamation","Do You Like Me","Furniture","Interlude 1","Oh","Bed For The Scraping","Interlude 2","Caustic Acrostic","Interlude 3","Stacks","By You","Blueprint","Interlude 4","Waiting Room","Burning","Song #1","Number 5","Nightshop","Cashout","FD","Long Division","Public Witness Program","Great Cop","Encore","Repeater","Interlude 5","Smallpox Champion","Closed Captioned","Arpeggiator","Sweet and Low","Outro",NA,NA,NA,NA,NA,NA
"victoria-bc-canada-70601","FLS1011","06/07/2001","Archie Browning Centre","10 (can)",1100,"Joey Picuri","Warren Russell-Smith","DAT","Very Good","Pretty Girls Make Graves",NA,"2001 Summer Mid-West/Canada Tour","Victoria","BC","Canada","Intro","Joe #1","Merchandise","Do You Like Me","Interlude 1","Birthday Pony","Cassavetes","Break","Oh","Closed Captioned","Rend It","Bed For The Scraping","Interlude 2","Forensic Scene","Argument","Give Me The Cure","Suggestion","Hello Morning","Waiting Room","Interlude 3","The Kill","Target","Facet Squared","Number 5","FD","Long Division","Encore 1","Public Witness Program","Furniture","Interlude 4","Blueprint","Cashout","Arpeggiator","Encore 2","Promises","Two Beats Off","Encore 3","Five Corporations","Sweet and Low",NA
"burnaby-bc-canada-70701","FLS1012","07/07/2001","Bill Copeland Arena","9 (can)",2518,"Colin Stewart and Hive Studios","Warren Russell-Smith","DAT","Excellent","Submission Hold, Def Poets Society",NA,"2001 Summer Mid-West/Canada Tour","Burnaby","BC","Canada","Intro","Ex-Spectator","Sieve-Fisted Find","And The Same","Do You Like Me","Styrofoam","Public Witness Program","Interlude 1","Closed Captioned","Rend It","Long Division","Last Chance for a Slow Dance","Cashout","Interlude 2","Nightshop","Interlude 3","Reclamation","Burning","Waiting Room","Margin Walker","Furniture","Interlude 4","The Kill","Number 5","Turnover","Encore 1","Long Distance Runner","Oh","Shut the Door","Smallpox Champion","Break","Arpeggiator","Encore 2","Forensic Scene","KYEO","Pink Frosty","Outro",NA,NA,NA
"washington-dc-usa-81301","FLS1013","13/08/2001","Fort Reno","Free",4000,"Nick Pellicciotto","Jerry Busher","DAT","Very Good","Pupils","DC Underground Invitational II","2001 Fall/Winter Regional Dates","Washington","DC","USA","Intro","Nightshop","Break","Smallpox Champion","And The Same","Full Disclosure","Interlude 1","Cashout","Public Witness Program","Birthday Pony","Do You Like Me","The Kill","Argument","Blueprint","Interlude 2","Five Corporations","Caustic Acrostic","Epic Problem","Interlude 3","Oh","Interlude 4","Bed For The Scraping","Burning","Waiting Room","Interlude 5","Number 5","Rend It","Sweet and Low","Outro",NA,NA,NA,NA,NA,NA,NA,NA,NA,NA,NA
"richmond-va-usa-32202","FLS1014","22/03/2002","University of Richmond Greek Amphitheater","Free",3500,"ANON","Warren Russell-Smith",NA,"Very Good","Rah Bras","Outdoors and below freezing!","2002 Spring Southern USA/Texas Tour","Richmond","VA","USA","Intro","Ex-Spectator","Interlude 1","Sieve-Fisted Find","Reclamation","Full Disclosure","Interlude 2","Closed Captioned","Oh","Long Division","Public Witness Program","Furniture","Interlude 3","The Kill","Nightshop","Break","Number 5","Rend It","Argument","Blueprint","Encore","Cashout","Interlude 4","Smallpox Champion","Interlude 5","Epic Problem",NA,NA,NA,NA,NA,NA,NA,NA,NA,NA,NA,NA,NA,NA
"raleigh-nc-usa-32302","FLS1015","23/03/2002","Ritz","6",2400,"Nick Pellicciotto","Warren Russell-Smith","CD","Excellent","Dead Meadow, Bats and Mice",NA,"2002 Spring Southern USA/Texas Tour","Raleigh","NC","USA","Intro","Number 5","Break","Nightshop","Facet Squared","Interlude 1","Smallpox Champion","Ex-Spectator","Interlude 2","Life and Limb","Closed Captioned","Turnover","Waiting Room","Interlude 3","Burning","Interlude 4","Argument","By You","The Kill","Oh","Interlude 5","Cashout","Arpeggiator","Encore 1","Interlude 6","KYEO","Downed City","Encore 2","Long Division","No Surprise","Bed For The Scraping","Outro",NA,NA,NA,NA,NA,NA,NA,NA
"asheville-nc-usa-32402","FLS1016","24/03/2002","Asheville Music Zone",NA,NA,"Nick Pellicciotto","Warren Russell-Smith","CD","Very Good","Francis",NA,"2002 Spring Southern USA/Texas Tour","Asheville","NC","USA","Intro","Break","Place Position","And The Same","Interlude 1","Nightshop","Interlude 2","Back To Base","Walken's Syndrome","Reclamation","Oh","Cashout","Interlude 3","Dear Justice Letter","Bad Mouth","Margin Walker","Waiting Room","Interlude 4","Recap Modotti","Interlude 5","Forensic Scene","Closed Captioned","Arpeggiator","Public Witness Program","Argument","Life and Limb","Interlude 6","Great Cop","Encore","Epic Problem","Number 5","Sweet and Low","FD","Outro",NA,NA,NA,NA,NA,NA
"birmingham-al-usa-32502","FLS1017","25/03/2002","Sloss Furnace","6",1450,"Nick Pellicciotto","Warren Russell-Smith","CD","Very Good","Plate Six",NA,"2002 Spring Southern USA/Texas Tour","Birmingham","AL","USA","Intro","Ex-Spectator","Do You Like Me","Merchandise","Public Witness Program","Five Corporations","Cassavetes","Closed Captioned","Nightshop","Furniture","Interlude 1","Burning","Waiting Room","Interlude 2","Cashout","Interlude 3","Oh","Epic Problem","Interlude 4","Last Chance for a Slow Dance","Encore","Strangelight","Long Division","The Kill","Blueprint",NA,NA,NA,NA,NA,NA,NA,NA,NA,NA,NA,NA,NA,NA,NA
"new-orleans-la-usa-32702","FLS1018","27/03/2002","Tipitina's","6",1000,"Nick Pellicciotto","Fugazi","CD","Very Good","Amerigo","Previously released on CD (FLS27).","2002 Spring Southern USA/Texas Tour","New Orleans","LA","USA","Break","Sieve-Fisted Find","And The Same","Latin Roots","Epic Problem","Nightshop","Bed For The Scraping","Target","Closed Captioned","Oh","Waiting Room","Lockdown","Furniture","The Kill","By You","Life and Limb","Shut The Door","Cashout","Blueprint","Argument","FD","Number 5","Long Division",NA,NA,NA,NA,NA,NA,NA,NA,NA,NA,NA,NA,NA,NA,NA,NA,NA
"houston-tx-usa-32802","FLS1019","28/03/2002","International Ballroom","6",1900,"Nick Pellicciotto","Warren Russell-Smith","CD","Very Good","Explosions In The Sky, Engine Down","Guy's vocals are inaudible for most of the set.","2002 Spring Southern USA/Texas Tour","Houston","TX","USA","Intro","Ex-Spectator","Place Position","Interlude 1","Stacks","Rend It","Reclamation","Interlude 2","Oh","Interlude 3","Merchandise","Nice New Outfit","Cashout","Interlude 4","Recap Modotti","Bulldog Front","Waiting Room","Burning","Closed Captioned","Number 5","Encore","Nightshop","Epic Problem","Do You Like Me","Promises","Outro",NA,NA,NA,NA,NA,NA,NA,NA,NA,NA,NA,NA,NA,NA
"san-antonio-tx-usa-32902","FLS1020","29/03/2002","Sunset Saloon","6",1400,"Nick Pellicciotto","Warren Russell-Smith","CD","Excellent","White Heat, Kowalski",NA,"2002 Spring Southern USA/Texas Tour","San Antonio","TX","USA","Intro","Break","Number 5","Interlude 1","Sieve-Fisted Find","And The Same","Full Disclosure","Interlude 2","Birthday Pony","Do You Like Me","Cashout","Interlude 3","Oh","Long Division","The Kill","By You","Interlude 5","Blueprint","Waiting Room","Burning","Interlude 6","Back To Base","Downed City","Interlude 7","Closed Captioned","Nightshop","Repeater","Interlude 8","Arpeggiator","Argument","Five Corporations","Public Witness Program","Furniture","Outro",NA,NA,NA,NA,NA,NA
"austin-tx-usa-33002","FLS1021","30/03/2002","Emo's","6",1200,"Nick Pellicciotto","Warren Russell-Smith","CD","Very Good","The White Papers",NA,"2002 Spring Southern USA/Texas Tour","Austin","TX","USA","Intro","Cashout","Latin Roots","Styrofoam","Interlude 1","Life and Limb","Reclamation","Interlude 2","Smallpox Champion","Closed Captioned","Rend It","Epic Problem","Interlude 3","Oh","Bad Mouth","Margin Walker","Suggestion","Interlude 4","Recap Modotti","Interlude 5","By You","Nightshop","Bed For The Scraping","Encore","Sweet and Low","Number 5","Public Witness Program","Great Cop","Interlude 6","No Surprise","Long Distance Runner","Outro",NA,NA,NA,NA,NA,NA,NA,NA
"austin-tx-usa-33102","FLS1022","31/03/2002","Emo's","6",1300,"Nick Pellicciotto","Warren Russell-Smith","CD","Very Good","Total Noise Group, The Snobs",NA,"2002 Spring Southern USA/Texas Tour","Austin","TX","USA","Intro","Break","Oh","Interlude 1","Merchandise","Target","Reclamation","Do You Like Me","Ex-Spectator","Interlude 2","Last Chance for a Slow Dance","Five Corporations","Full Disclosure","Waiting Room","Give Me The Cure","Furniture","Interlude 3","The Kill","Number 5","FD","Encore","Cashout","Strangelight","Argument","Blueprint",NA,NA,NA,NA,NA,NA,NA,NA,NA,NA,NA,NA,NA,NA,NA
"fort-worth-tx-usa-40102","FLS1023","01/04/2002","Ridglea Theater","6",1350,"Nick Pellicciotto","Warren Russell-Smith","CD","Very Good","Sub Oslo",NA,"2002 Spring Southern USA/Texas Tour","Fort Worth","TX","USA","Intro","Turnover","And The Same","Number 5","Full Disclosure","Interlude 1","Closed Captioned","Rend It","Facet Squared","Burning","Song #1","Give Me The Cure","Waiting Room","Interlude 2","Nightshop","Cashout","By You","Interlude 3","Guilford Fall","Epic Problem","Smallpox Champion","Encore","Break","Forensic Scene","Promises",NA,NA,NA,NA,NA,NA,NA,NA,NA,NA,NA,NA,NA,NA,NA
"little-rock-ar-usa-40202","FLS1024","02/04/2002","Rivermarket Pavillion","6",1350,"Nick Pellicciotto","Warren Russell-Smith","CD","Very Good","Pomo-Christie","Incomplete recording.","2002 Spring Southern USA/Texas Tour","Little Rock","AR","USA","Intro","Break","Sieve-Fisted Find","Reclamation","Interlude 1","Oh","Bed For The Scraping","Interlude 2","Public Witness Program","Merchandise","Nightshop","Ex-Spectator","Last Chance for a Slow Dance","Long Division","Arpeggiator","Rend It","Waiting Room","Lockdown","Bad Mouth","Interlude 3","The Kill","Full Disclosure","Cashout","Smallpox Champion",NA,NA,NA,NA,NA,NA,NA,NA,NA,NA,NA,NA,NA,NA,NA,NA
"louisville-ky-usa-40402","FLS1025","04/04/2002","Spectrum Cultural Center","6",1350,"Nick Pellicciotto","Warren Russell-Smith","CD","Very Good","Rachels, Shipping News",NA,"2002 Spring Southern USA/Texas Tour","Louisville","KY","USA","Reclamation","Target","Stacks","Exit Only","Styrofoam","Number 5","Interlude 1","The Kill","Recap Modotti","Life and Limb","Closed Captioned","Burning","Interlude 2","Waiting Room","Blueprint","Furniture","Interlude 3","Oh","Epic Problem","Encore","Arpeggiator","Smallpox Champion","Promises","Outro",NA,NA,NA,NA,NA,NA,NA,NA,NA,NA,NA,NA,NA,NA,NA,NA
"huntington-wv-usa-40502","FLS1026","05/04/2002","Stone Monkey","6",500,"Nick Pellicciotto","Warren Russell-Smith","CD","Very Good","Ruby Slippers",NA,"2002 Spring Southern USA/Texas Tour","Huntington","WV","USA","Intro","Break","Latin Roots","Interlude 1","Merchandise","Full Disclosure","Five Corporations","Public Witness Program","Interlude 2","Epic Problem","Nightshop","Closed Captioned","The Kill","Burning","Bad Mouth","Give Me The Cure","Waiting Room","Interlude 3","Oh","Cashout","Cassavetes","Back To Base","Last Chance for a Slow Dance","Interlude 4","KYEO","Smallpox Champion","Long Division","Blueprint","Great Cop","Encore","Arpeggiator","Strangelight","Sweet and Low","Outro",NA,NA,NA,NA,NA,NA
"harrisonburg-va-usa-40602","FLS1027","06/04/2002","James Madison U. Godwin Gym/MacRock","5",3000,"Nick Pellicciotto","Warren Russell-Smith","CD","Very Good","Engine Down, plus others",NA,"2002 Spring Southern USA/Texas Tour","Harrisonburg","VA","USA","Intro","Ex-Spectator","Sieve-Fisted Find","Reclamation","Nightshop","Bed For The Scraping","Do You Like Me","Interlude 1","Closed Captioned","Interlude 2","Life and Limb","Interlude 3","Furniture","Rend It","Waiting Room","Margin Walker","Song #1","Interlude 4","Strangelight","By You","Cashout","Number 5","Encore","Oh","Promises","Public Witness Program","Epic Problem","Interlude 5","Arpeggiator",NA,NA,NA,NA,NA,NA,NA,NA,NA,NA,NA
"holyoke-ma-usa-51802","FLS1028","18/04/2002","Holyoke War Memorial","6",1200,"Scot Coar",NA,"CD","Excellent","Tizzy","Benefit for Flywheel","2002 Spring East Coast Tour","Holyoke","MA","USA","Opening Remarks","Intro","Cashout","Full Disclosure","And The Same","Do You Like Me","Interlude 1","Back To Base","Public Witness Program","Closed Captioned","Nightshop","Bed For The Scraping","Burning","Waiting Room","Give Me The Cure","Suggestion","Interlude 2","By You","Life and Limb","Merchandise","Latin Roots","Long Division","Number 5","Encore","Epic Problem","Oh","Promises","Smallpox Champion","Outro",NA,NA,NA,NA,NA,NA,NA,NA,NA,NA,NA
"boston-ma-usa-51902","FLS1029","19/04/2002","Mass Art Gymnasium","6",1500,"Nick Pellicciotto","Warren Russell-Smith",NA,"Very Good","Eulcid",NA,"2002 Spring East Coast Tour","Boston","MA","USA","Break","Sieve-Fisted Find","Reclamation","Oh","Ex-Spectator","Interlude 1","Dear Justice Letter","Interlude 2","Stacks","The Kill","By You","Interlude 3","Forensic Scene","Cashout","Nightshop","Bad Mouth","Break-In","Interlude 4","Furniture","Blueprint","Encore","Argument","Full Disclosure","Long Division","No Surprise",NA,NA,NA,NA,NA,NA,NA,NA,NA,NA,NA,NA,NA,NA,NA
"boston-ma-usa-42002","FLS1030","20/04/2002","Mass Art Gymnasium","6",1500,"Nick Pellicciotto","Jerry Busher","CD","Very Good","Poster Children",NA,"2002 Spring East Coast Tour","Boston","MA","USA","Intro","Number 5","Facet Squared","Rend It","Interlude 1","Birthday Pony","Oh","Styrofoam","Life and Limb","Closed Captioned","Public Witness Program","Five Corporations","Strangelight","Break","Burning","Song #1","Interlude 2","Give Me The Cure","Waiting Room","Recap Modotti","By You","Last Chance for a Slow Dance","Epic Problem","Encore 1","Cashout","Interlude 3","Full Disclosure","Interlude 4","KYEO","Outro",NA,NA,NA,NA,NA,NA,NA,NA,NA,NA
"washington-dc-usa-70102","FLS1031","01/07/2002","Fort Reno","Free",NA,"Unknown","Jerry Busher","Unknown","Very Good","Quixotic","DC Underground Invitational III","2002 Summer/Fall Regional Dates","Washington","DC","USA","Intro","Interlude 1","Back to Base","Nightshop","Closed Captioned","Rend It","Furniture","Interlude 2","Strangelight","Interlude 3","The Kill","Interlude 4","Argument","Life and Limb","Epic Problem","Interlude 5","Blueprint","Encore 1","Number 5","Interlude 6","Song #1","Outro",NA,NA,NA,NA,NA,NA,NA,NA,NA,NA,NA,NA,NA,NA,NA,NA,NA,NA
"brighton-england-102002","FLS1032","20/10/2002","Corn Exchange",NA,NA,"Nick Pellicciotto","Warren Russell-Smith","DAT","Very Good","Cat on Form",NA,"2002 Fall UK/Ireland Tour","Brighton",NA,"England","Intro","Number 5","Break","Place Position","Merchandise","Interlude 1","Full Disclosure","Furniture","Nightshop","Bed For The Scraping","Interlude 2","Burning","Waiting Room","The Kill","Life and Limb","Epic Problem","Public Witness Program","Reclamation","Interlude 3","Smallpox Champion","Cashout","Encore","Arpeggiator","Repeater","FD","Long Division","Turnover","Five Corporations",NA,NA,NA,NA,NA,NA,NA,NA,NA,NA,NA,NA
"exeter-england-102102","FLS1033","21/10/2002","University Lemon Grove",NA,NA,"Nick Pellicciotto","Warren Russell-Smith","DAT","Very Good","Once Over Twice",NA,"2002 Fall UK/Ireland Tour","Exeter",NA,"England","Intro","Cashout","Sieve-Fisted Find","Back To Base","Walken's Syndrome","Interlude 1","Birthday Pony","Full Disclosure","And The Same","Oh","Waiting Room","Interlude 2","Give Me The Cure","Song #1","Interlude 3","Recap Modotti","Interlude 4","Life and Limb","Argument","Number 5","Cassavetes","Great Cop","Interlude 5","Arpeggiator","Caustic Acrostic","Ex-Spectator","Public Witness Program","Long Division","Sweet and Low","Blueprint",NA,NA,NA,NA,NA,NA,NA,NA,NA,NA
"birmingham-england-102202","FLS1034","22/10/2002","Sanctuary",NA,NA,"Nick Pellicciotto","Fugazi","DAT","Very Good","Retisonic, Go Go Go Airheart","Previously released on CD (FLS28)","2002 Fall UK/Ireland Tour","Birmingham",NA,"England","Intro","Break","Cassavetes","Merchandise","Full Disclosure","Closed Captioned","Oh","Ex-Spectator","Last Chance for a Slow Dance","Facet Squared","Do You Like Me","Bad Mouth","Burning","Suggestion","The Kill","Nightshop","Instrument","Encore 1","Life and Limb","Cashout","Number 5","Blueprint","Epic Problem","Sweet and Low",NA,NA,NA,NA,NA,NA,NA,NA,NA,NA,NA,NA,NA,NA,NA,NA
"nottingham-england-102302","FLS1035","23/10/2002","Rock City",NA,NA,"Nick Pellicciotto","Warren Russell-Smith","DAT","Very Good","Wolves (of Greece), Twinkie",NA,"2002 Fall UK/Ireland Tour","Nottingham",NA,"England","Intro","Guilford Fall","Cashout","Downed City","Styrofoam","Interlude 1","Full Disclosure","Interlude 2","Stacks","Target","Furniture","Oh","Reclamation","Give Me The Cure","Waiting Room","Lockdown","Recap Modotti","Closed Captioned","Rend It","Epic Problem","Number 5","Encore","Smallpox Champion","Argument","Nightshop","Promises",NA,NA,NA,NA,NA,NA,NA,NA,NA,NA,NA,NA,NA,NA
"dublin-ireland-102502","FLS1036","25/10/2002","Red Box",NA,NA,"Michael and Jane Sanderson",NA,"Cassette","Good","Connect 4 Orchestra",NA,"2002 Fall UK/Ireland Tour","Dublin",NA,"Ireland","Intro","Joe #1","Break","Sieve-Fisted Find","Ex-Spectator","Full Disclosure","Furniture","Public Witness Program","Interlude 1","Birthday Pony","Life and Limb","Closed Captioned","Number 5","Burning","Bad Mouth","Interlude 2","Give Me The Cure","Waiting Room","By You","Interlude 3","Oh","Cashout","Encore","Blueprint","Reclamation","Interlude 4","No Surprise","Long Division","Smallpox Champion","Sweet and Low","Outro",NA,NA,NA,NA,NA,NA,NA,NA,NA
"limerick-ireland-102602","FLS1037","26/10/2002","Savoy",NA,NA,"Nick Pellicciotto","Jerry Busher","DAT","Good","Calzino Fiasco",NA,"2002 Fall UK/Ireland Tour","Limerick",NA,"Ireland","Exit Only","Epic Problem","Place Position","And The Same","Nightshop","Merchandise","Runaway Return","Bed For The Scraping","Life and Limb","Reclamation","The Kill","Margin Walker","Waiting Room","Full Disclosure","Cashout","Number 5","Interlude 1","Forensic Scene","Arpeggiator","Argument","Do You Like Me","Repeater","Public Witness Program","Five Corporations","Encore 1","Blueprint","Break","FD","Sweet and Low","Outro",NA,NA,NA,NA,NA,NA,NA,NA,NA,NA
"derry-northern-ireland-102702","FLS1038","27/10/2002","Nerve Centre",NA,NA,"Nick Pellicciotto","Warren Russell-Smith","DAT","Very Good","Tracer AMC",NA,"2002 Fall UK/Ireland Tour","Derry",NA,"Northern Ireland","Full Disclosure","Furniture","Sieve-Fisted Find","Facet Squared","Rend It","Interlude 1","Cashout","Interlude 2","Turnover","Bed For The Scraping","Life and Limb","Suggestion","Give Me The Cure","Waiting Room","Interlude 3","Recap Modotti","By You","Strangelight","Ex-Spectator","Public Witness Program","Instrument","Number 5","Smallpox Champion","Promises",NA,NA,NA,NA,NA,NA,NA,NA,NA,NA,NA,NA,NA,NA,NA,NA
"glasgow-scotland-102902","FLS1039","29/10/2002","Barrowland Ballroom",NA,NA,"Nick Pellicciotto","Jerry Busher","DAT","Very Good","Eska, Senator",NA,"2002 Fall UK/Ireland Tour","Glasgow","","Scotland","Intro","Downed City","Ex-Spectator","Do You Like Me","And The Same","Full Disclosure","Interlude 1","Stacks","Latin Roots","Styrofoam","Nightshop","Bed For The Scraping","Margin Walker","Waiting Room","Burning","Closed Captioned","Number 5","Public Witness Program","Interlude 2","The Kill","Cashout","Interlude 3","Life and Limb","Shut the Door","Sweet and Low","Forensic Scene","Argument","Smallpox Champion","Ex-Spectator","Arpeggiator","Outro",NA,NA,NA,NA,NA,NA,NA,NA,NA
"manchester-england-103002","FLS1040","30/10/2002","Manchester University",NA,NA,"Nick Pellicciotto","Warren Russell-Smith","DAT","Very Good","Gertrude",NA,"2002 Fall UK/Ireland Tour","Manchester",NA,"England","Intro","Cashout","Full Disclosure","Merchandise","Target","Five Corporations","Blueprint","Furniture","Life and Limb","Break","Oh","Long Division","Give Me The Cure","Bad Mouth","Lockdown","Waiting Room","Interlude 1","Recap Modotti","Nightshop","Epic Problem","Number 5","Rend It","KYEO","Encore","Arpeggiator","Public Witness Program","Long Distance Runner","Sweet and Low","FD",NA,NA,NA,NA,NA,NA,NA,NA,NA,NA,NA
"leeds-england-103102","FLS1041","31/10/2002","Metropolitan University",NA,NA,"Nick Pellicciotto","Fugazi","DAT","Excellent","The Unit Ama","Previously released on CD (FLS29)","2002 Fall UK/Ireland Tour","Leeds","","England","Intro","Ex-Spectator","Nice New Outfit","Reclamation","Full Disclosure","Bed for the Scraping","Life and Limb","Closed Captioned","Number 5","Smallpox Champion","Epic Problem","Burning","Song #1","Bulldog Front","Furniture","The Kill","Nightshop","Back to Base","Last Chance for a Slow Dance","Sweet and Low","Repeater","Encore 1","Arpeggiator","Sieve-Fisted Find","Encore 2","Argument","Blueprint","Encore 3","Great Cop","Do You Like Me","Cashout",NA,NA,NA,NA,NA,NA,NA,NA,NA
"bristol-england-110102","FLS1042","01/11/2002","Academy",NA,NA,"Nick Pellicciotto","Warren Russell-Smith","DAT","Very Good","Dead Inside",NA,"2002 Fall UK/Ireland Tour","Bristol",NA,"England","Intro","Break","Full Disclosure","Interlude 1","Birthday Pony","Place Position","Greed","Downed City","Interlude 2","Instrument","Oh","Interlude 3","Closed Captioned","Life And Limb","Interlude 4","Epic Problem","Give Me The Cure","Waiting Room","Interlude 5","By You","Walken's Syndrome","Five Corporations","Blueprint","Cashout","Nightshop","Promises","Exit Only","Interlude 6","Repeater","Encore 1","Forensic Scene","Long Division","Number 5","Public Witness Program",NA,NA,NA,NA,NA,NA
"london-england-110202","FLS1043","02/11/2002","Forum",NA,NA,"ANON",NA,NA,"Good","Quickspace",NA,"2002 Fall UK/Ireland Tour","London","","England","Intro","Cashout","Dear Justice Letter","Bed For The Scraping","Full Disclosure","And The Same","Smallpox Champion","Five Corporations","Life and Limb","Closed Captioned","Number 5","Burning","Interlude 1","Suggestion","Bulldog Front","Waiting Room","Interlude 2","The Kill","Rend It","Epic Problem","Nightshop","Merchandise","Interlude 3","No Surprise","Argument","Blueprint","Great Cop","Arpeggiator","Encore 1","Cassavetes","Furniture","FD","Encore 2","Oh","Reclamation","Sweet and Low",NA,NA,NA,NA
"london-england-110302","FLS1044","03/11/2002","Forum",NA,NA,"Nick Pellicciotto",NA,"DAT","Very Good","Q and Not U, Erase Errata",NA,"2002 Fall UK/Ireland Tour","London",NA,"England","Intro","Ex-Spectator","Do You Like Me","Facet Squared","Public Witness Program","Long Division","Oh","Cashout","Target","Furniture","Life and Limb","Promises","Burning","Song #1","Give Me The Cure","Bad Mouth","Interlude 1","Recap Modotti","The Kill","Turnover","Interlude 2","Back To Base","Number 5","Interlude 3","Nightshop","Epic Problem","Latin Roots","Break","Encore","Place Position","Argument","Full Disclosure","Outro",NA,NA,NA,NA,NA,NA,NA
"london-england-110402","FLS1045","04/11/2002","Forum",NA,NA,"Nick Pellicciotto","Fugazi","DAT","Very Good","Buff Medways, Winnebago Deal","Previously released on CD (FLS30)","2002 Fall UK/Ireland Tour","London","","England","Intro","Brendan #1","Sieve-Fisted Find","Greed","Full Disclosure","Reclamation","Foreman's Dog","Stacks","Nightshop","Closed Captioned","Forensic Scene","Cashout","Margin Walker","Waiting Room","Break-In","The Kill","Birthday Pony","Life and Limb","Shut The Door","Encore 1","Arpeggiator","Smallpox Champion","Epic Problem","Encore 2","Blueprint","Long Distance Runner","Version","Glueman",NA,NA,NA,NA,NA,NA,NA,NA,NA,NA,NA,NA
